Building for debugging...
[1 / 7]
Build complete! (0.33 sec)
Building for debugging...
[1 / 11]
Build complete! (0.27 sec)
Command line invocation:
    /Applications/Xcode-beta.app/Contents/Developer/usr/bin/xcodebuild build-for-testing -project /Users/dadederk/Developer/RetroRacing/RetroRacing/RetroRacing.xcodeproj -scheme RetroRacingUniversal -destination "platform=iOS Simulator,id=BCC4396C-8DD3-4835-A5D9-E7146BBA33F3" "-only-testing:RetroRacingUniversalUITests/AppStoreScreenshotTests/testCaptureConfiguredScreenshot"

Resolve Package Graph


Resolved source packages:
  ArcadeAudioKit: /Users/dadederk/Developer/ArcadeAudioKit @ local

ComputePackagePrebuildTargetDependencyGraph

Prepare packages

CreateBuildRequest

SendProjectDescription

CreateBuildOperation

ComputeTargetDependencyGraph
note: Building targets in dependency order
note: Target dependency graph (11 targets)
    Target 'RetroRacingSharedTests' in project 'RetroRacing'
        ➜ Explicit dependency on target 'RetroRacingShared' in project 'RetroRacing'
        ➜ Explicit dependency on target 'RetroRacingUniversal' in project 'RetroRacing'
    Target 'RetroRacingUniversalUITests' in project 'RetroRacing'
        ➜ Explicit dependency on target 'RetroRacingUniversal' in project 'RetroRacing'
    Target 'RetroRacingUniversalTests' in project 'RetroRacing'
        ➜ Explicit dependency on target 'RetroRacingUniversal' in project 'RetroRacing'
    Target 'RetroRacingUniversal' in project 'RetroRacing'
        ➜ Explicit dependency on target 'RetroRacingWatchOS' in project 'RetroRacing'
        ➜ Explicit dependency on target 'RetroRacingShared' in project 'RetroRacing'
    Target 'RetroRacingShared' in project 'RetroRacing'
        ➜ Explicit dependency on target 'ArcadeAudioKit-product' in project 'ArcadeAudioKit'
    Target 'ArcadeAudioKit-product' in project 'ArcadeAudioKit'
        ➜ Explicit dependency on target 'ArcadeAudioKit' in project 'ArcadeAudioKit'
    Target 'ArcadeAudioKit' in project 'ArcadeAudioKit' (no dependencies)
    Target 'RetroRacingWatchOS' in project 'RetroRacing'
        ➜ Explicit dependency on target 'RetroRacingShared' in project 'RetroRacing'
    Target 'RetroRacingShared' in project 'RetroRacing'
        ➜ Explicit dependency on target 'ArcadeAudioKit-product' in project 'ArcadeAudioKit'
    Target 'ArcadeAudioKit-product' in project 'ArcadeAudioKit'
        ➜ Explicit dependency on target 'ArcadeAudioKit' in project 'ArcadeAudioKit'
    Target 'ArcadeAudioKit' in project 'ArcadeAudioKit' (no dependencies)

GatherProvisioningInputs

CreateBuildDescription

ClangStatCache /Applications/Xcode-beta.app/Contents/Developer/Toolchains/XcodeDefault.xctoolchain/usr/bin/clang-stat-cache /Applications/Xcode-beta.app/Contents/Developer/Platforms/iPhoneSimulator.platform/Developer/SDKs/iPhoneSimulator27.0.sdk /Users/dadederk/Library/Developer/Xcode/DerivedData/SDKStatCaches.noindex/iphonesimulator27.0-24A5355p-3243818bda632a4370e1cc7a9fd181c5.sdkstatcache
    cd /Users/dadederk/Developer/RetroRacing/RetroRacing/RetroRacing.xcodeproj
    /Applications/Xcode-beta.app/Contents/Developer/Toolchains/XcodeDefault.xctoolchain/usr/bin/clang-stat-cache /Applications/Xcode-beta.app/Contents/Developer/Platforms/iPhoneSimulator.platform/Developer/SDKs/iPhoneSimulator27.0.sdk -o /Users/dadederk/Library/Developer/Xcode/DerivedData/SDKStatCaches.noindex/iphonesimulator27.0-24A5355p-3243818bda632a4370e1cc7a9fd181c5.sdkstatcache

ClangStatCache /Applications/Xcode-beta.app/Contents/Developer/Toolchains/XcodeDefault.xctoolchain/usr/bin/clang-stat-cache /Applications/Xcode-beta.app/Contents/Developer/Platforms/WatchSimulator.platform/Developer/SDKs/WatchSimulator27.0.sdk /Users/dadederk/Library/Developer/Xcode/DerivedData/SDKStatCaches.noindex/watchsimulator27.0-24R5289n-a5f7e4e8a6e1eec1c6b0e4b32e6ea9b3.sdkstatcache
    cd /Users/dadederk/Developer/RetroRacing/RetroRacing/RetroRacing.xcodeproj
    /Applications/Xcode-beta.app/Contents/Developer/Toolchains/XcodeDefault.xctoolchain/usr/bin/clang-stat-cache /Applications/Xcode-beta.app/Contents/Developer/Platforms/WatchSimulator.platform/Developer/SDKs/WatchSimulator27.0.sdk -o /Users/dadederk/Library/Developer/Xcode/DerivedData/SDKStatCaches.noindex/watchsimulator27.0-24R5289n-a5f7e4e8a6e1eec1c6b0e4b32e6ea9b3.sdkstatcache

CompileAssetCatalogVariant thinned /Users/dadederk/Library/Developer/Xcode/DerivedData/RetroRacing-dvbcfpydhzoqgmcruczvsmobktgj/Build/Products/Debug-iphonesimulator/RetroRacingShared.framework /Users/dadederk/Developer/RetroRacing/RetroRacing/RetroRacingShared/Assets/RetroRapid.icon /Users/dadederk/Developer/RetroRacing/RetroRacing/RetroRacingShared/Assets.xcassets (in target 'RetroRacingShared' from project 'RetroRacing')
    cd /Users/dadederk/Developer/RetroRacing/RetroRacing
    /Applications/Xcode-beta.app/Contents/Developer/usr/bin/actool /Users/dadederk/Developer/RetroRacing/RetroRacing/RetroRacingShared/Assets/RetroRapid.icon /Users/dadederk/Developer/RetroRacing/RetroRacing/RetroRacingShared/Assets.xcassets --compile /Users/dadederk/Library/Developer/Xcode/DerivedData/RetroRacing-dvbcfpydhzoqgmcruczvsmobktgj/Build/Intermediates.noindex/RetroRacing.build/Debug-iphonesimulator/RetroRacingShared.build/assetcatalog_output/thinned --output-format human-readable-text --notices --warnings --export-dependency-info /Users/dadederk/Library/Developer/Xcode/DerivedData/RetroRacing-dvbcfpydhzoqgmcruczvsmobktgj/Build/Intermediates.noindex/RetroRacing.build/Debug-iphonesimulator/RetroRacingShared.build/assetcatalog_dependencies_thinned --output-partial-info-plist /Users/dadederk/Library/Developer/Xcode/DerivedData/RetroRacing-dvbcfpydhzoqgmcruczvsmobktgj/Build/Intermediates.noindex/RetroRacing.build/Debug-iphonesimulator/RetroRacingShared.build/assetcatalog_generated_info.plist_thinned --compress-pngs --enable-on-demand-resources NO --filter-for-thinning-device-configuration iPad17,4-A --filter-for-device-os-version 27.0 --development-region en --target-device iphone --target-device ipad --minimum-deployment-target 26.0 --platform iphonesimulator
/* com.apple.actool.compilation-results */
/Users/dadederk/Library/Developer/Xcode/DerivedData/RetroRacing-dvbcfpydhzoqgmcruczvsmobktgj/Build/Intermediates.noindex/RetroRacing.build/Debug-iphonesimulator/RetroRacingShared.build/assetcatalog_generated_info.plist_thinned
/Users/dadederk/Library/Developer/Xcode/DerivedData/RetroRacing-dvbcfpydhzoqgmcruczvsmobktgj/Build/Intermediates.noindex/RetroRacing.build/Debug-iphonesimulator/RetroRacingShared.build/assetcatalog_output/thinned/Assets.car


CompileAssetCatalogVariant thinned /Users/dadederk/Library/Developer/Xcode/DerivedData/RetroRacing-dvbcfpydhzoqgmcruczvsmobktgj/Build/Products/Debug-watchsimulator/RetroRacingShared.framework /Users/dadederk/Developer/RetroRacing/RetroRacing/RetroRacingShared/Assets/RetroRapid.icon /Users/dadederk/Developer/RetroRacing/RetroRacing/RetroRacingShared/Assets.xcassets (in target 'RetroRacingShared' from project 'RetroRacing')
    cd /Users/dadederk/Developer/RetroRacing/RetroRacing
    /Applications/Xcode-beta.app/Contents/Developer/usr/bin/actool /Users/dadederk/Developer/RetroRacing/RetroRacing/RetroRacingShared/Assets/RetroRapid.icon /Users/dadederk/Developer/RetroRacing/RetroRacing/RetroRacingShared/Assets.xcassets --compile /Users/dadederk/Library/Developer/Xcode/DerivedData/RetroRacing-dvbcfpydhzoqgmcruczvsmobktgj/Build/Intermediates.noindex/RetroRacing.build/Debug-watchsimulator/RetroRacingShared.build/assetcatalog_output/thinned --output-format human-readable-text --notices --warnings --export-dependency-info /Users/dadederk/Library/Developer/Xcode/DerivedData/RetroRacing-dvbcfpydhzoqgmcruczvsmobktgj/Build/Intermediates.noindex/RetroRacing.build/Debug-watchsimulator/RetroRacingShared.build/assetcatalog_dependencies_thinned --output-partial-info-plist /Users/dadederk/Library/Developer/Xcode/DerivedData/RetroRacing-dvbcfpydhzoqgmcruczvsmobktgj/Build/Intermediates.noindex/RetroRacing.build/Debug-watchsimulator/RetroRacingShared.build/assetcatalog_generated_info.plist_thinned --compress-pngs --enable-on-demand-resources NO --filter-for-thinning-device-configuration iPad17,4-A --filter-for-device-os-version 27.0 --development-region en --target-device watch --minimum-deployment-target 26.0 --platform watchsimulator
/* com.apple.actool.compilation-results */
/Users/dadederk/Library/Developer/Xcode/DerivedData/RetroRacing-dvbcfpydhzoqgmcruczvsmobktgj/Build/Intermediates.noindex/RetroRacing.build/Debug-watchsimulator/RetroRacingShared.build/assetcatalog_generated_info.plist_thinned
/Users/dadederk/Library/Developer/Xcode/DerivedData/RetroRacing-dvbcfpydhzoqgmcruczvsmobktgj/Build/Intermediates.noindex/RetroRacing.build/Debug-watchsimulator/RetroRacingShared.build/assetcatalog_output/thinned/Assets.car


CompileAssetCatalogVariant thinned /Users/dadederk/Library/Developer/Xcode/DerivedData/RetroRacing-dvbcfpydhzoqgmcruczvsmobktgj/Build/Products/Debug-watchsimulator/RetroRacingWatchOS.app /Users/dadederk/Developer/RetroRacing/RetroRacing/RetroRacingWatchOS/Assets.xcassets /Users/dadederk/Developer/RetroRacing/RetroRacing/RetroRacingShared/Assets/RetroRapid.icon (in target 'RetroRacingWatchOS' from project 'RetroRacing')
    cd /Users/dadederk/Developer/RetroRacing/RetroRacing
    /Applications/Xcode-beta.app/Contents/Developer/usr/bin/actool /Users/dadederk/Developer/RetroRacing/RetroRacing/RetroRacingWatchOS/Assets.xcassets /Users/dadederk/Developer/RetroRacing/RetroRacing/RetroRacingShared/Assets/RetroRapid.icon --compile /Users/dadederk/Library/Developer/Xcode/DerivedData/RetroRacing-dvbcfpydhzoqgmcruczvsmobktgj/Build/Intermediates.noindex/RetroRacing.build/Debug-watchsimulator/RetroRacingWatchOS.build/assetcatalog_output/thinned --output-format human-readable-text --notices --warnings --export-dependency-info /Users/dadederk/Library/Developer/Xcode/DerivedData/RetroRacing-dvbcfpydhzoqgmcruczvsmobktgj/Build/Intermediates.noindex/RetroRacing.build/Debug-watchsimulator/RetroRacingWatchOS.build/assetcatalog_dependencies_thinned --output-partial-info-plist /Users/dadederk/Library/Developer/Xcode/DerivedData/RetroRacing-dvbcfpydhzoqgmcruczvsmobktgj/Build/Intermediates.noindex/RetroRacing.build/Debug-watchsimulator/RetroRacingWatchOS.build/assetcatalog_generated_info.plist_thinned --app-icon RetroRapid --accent-color AccentColor --compress-pngs --enable-on-demand-resources YES --filter-for-thinning-device-configuration iPad17,4-A --filter-for-device-os-version 27.0 --development-region en --target-device watch --minimum-deployment-target 26.0 --platform watchsimulator
/* com.apple.actool.compilation-results */
/Users/dadederk/Library/Developer/Xcode/DerivedData/RetroRacing-dvbcfpydhzoqgmcruczvsmobktgj/Build/Intermediates.noindex/RetroRacing.build/Debug-watchsimulator/RetroRacingWatchOS.build/assetcatalog_generated_info.plist_thinned
/Users/dadederk/Library/Developer/Xcode/DerivedData/RetroRacing-dvbcfpydhzoqgmcruczvsmobktgj/Build/Intermediates.noindex/RetroRacing.build/Debug-watchsimulator/RetroRacingWatchOS.build/assetcatalog_output/thinned/Assets.car


CompileAssetCatalogVariant thinned /Users/dadederk/Library/Developer/Xcode/DerivedData/RetroRacing-dvbcfpydhzoqgmcruczvsmobktgj/Build/Products/Debug-iphonesimulator/RetroRacingUniversal.app /Users/dadederk/Developer/RetroRacing/RetroRacing/RetroRacingUniversal/Assets.xcassets /Users/dadederk/Developer/RetroRacing/RetroRacing/RetroRacingShared/Assets/RetroRapid.icon (in target 'RetroRacingUniversal' from project 'RetroRacing')
    cd /Users/dadederk/Developer/RetroRacing/RetroRacing
    /Applications/Xcode-beta.app/Contents/Developer/usr/bin/actool /Users/dadederk/Developer/RetroRacing/RetroRacing/RetroRacingUniversal/Assets.xcassets /Users/dadederk/Developer/RetroRacing/RetroRacing/RetroRacingShared/Assets/RetroRapid.icon --compile /Users/dadederk/Library/Developer/Xcode/DerivedData/RetroRacing-dvbcfpydhzoqgmcruczvsmobktgj/Build/Intermediates.noindex/RetroRacing.build/Debug-iphonesimulator/RetroRacingUniversal.build/assetcatalog_output/thinned --output-format human-readable-text --notices --warnings --export-dependency-info /Users/dadederk/Library/Developer/Xcode/DerivedData/RetroRacing-dvbcfpydhzoqgmcruczvsmobktgj/Build/Intermediates.noindex/RetroRacing.build/Debug-iphonesimulator/RetroRacingUniversal.build/assetcatalog_dependencies_thinned --output-partial-info-plist /Users/dadederk/Library/Developer/Xcode/DerivedData/RetroRacing-dvbcfpydhzoqgmcruczvsmobktgj/Build/Intermediates.noindex/RetroRacing.build/Debug-iphonesimulator/RetroRacingUniversal.build/assetcatalog_generated_info.plist_thinned --app-icon RetroRapid --accent-color AccentColor --compress-pngs --enable-on-demand-resources YES --filter-for-thinning-device-configuration iPad17,4-A --filter-for-device-os-version 27.0 --development-region en --target-device iphone --target-device ipad --minimum-deployment-target 26.0 --platform iphonesimulator
/* com.apple.actool.compilation-results */
/Users/dadederk/Library/Developer/Xcode/DerivedData/RetroRacing-dvbcfpydhzoqgmcruczvsmobktgj/Build/Intermediates.noindex/RetroRacing.build/Debug-iphonesimulator/RetroRacingUniversal.build/assetcatalog_generated_info.plist_thinned
/Users/dadederk/Library/Developer/Xcode/DerivedData/RetroRacing-dvbcfpydhzoqgmcruczvsmobktgj/Build/Intermediates.noindex/RetroRacing.build/Debug-iphonesimulator/RetroRacingUniversal.build/assetcatalog_output/thinned/Assets.car
/Users/dadederk/Library/Developer/Xcode/DerivedData/RetroRacing-dvbcfpydhzoqgmcruczvsmobktgj/Build/Intermediates.noindex/RetroRacing.build/Debug-iphonesimulator/RetroRacingUniversal.build/assetcatalog_output/thinned/RetroRapid60x60@2x.png
/Users/dadederk/Library/Developer/Xcode/DerivedData/RetroRacing-dvbcfpydhzoqgmcruczvsmobktgj/Build/Intermediates.noindex/RetroRacing.build/Debug-iphonesimulator/RetroRacingUniversal.build/assetcatalog_output/thinned/RetroRapid76x76@2x~ipad.png


LinkAssetCatalog /Users/dadederk/Developer/RetroRacing/RetroRacing/RetroRacingWatchOS/Assets.xcassets /Users/dadederk/Developer/RetroRacing/RetroRacing/RetroRacingShared/Assets/RetroRapid.icon (in target 'RetroRacingWatchOS' from project 'RetroRacing')
    cd /Users/dadederk/Developer/RetroRacing/RetroRacing
    builtin-linkAssetCatalog --thinned /Users/dadederk/Library/Developer/Xcode/DerivedData/RetroRacing-dvbcfpydhzoqgmcruczvsmobktgj/Build/Intermediates.noindex/RetroRacing.build/Debug-watchsimulator/RetroRacingWatchOS.build/assetcatalog_output/thinned --thinned-dependencies /Users/dadederk/Library/Developer/Xcode/DerivedData/RetroRacing-dvbcfpydhzoqgmcruczvsmobktgj/Build/Intermediates.noindex/RetroRacing.build/Debug-watchsimulator/RetroRacingWatchOS.build/assetcatalog_dependencies_thinned --thinned-info-plist-content /Users/dadederk/Library/Developer/Xcode/DerivedData/RetroRacing-dvbcfpydhzoqgmcruczvsmobktgj/Build/Intermediates.noindex/RetroRacing.build/Debug-watchsimulator/RetroRacingWatchOS.build/assetcatalog_generated_info.plist_thinned --unthinned /Users/dadederk/Library/Developer/Xcode/DerivedData/RetroRacing-dvbcfpydhzoqgmcruczvsmobktgj/Build/Intermediates.noindex/RetroRacing.build/Debug-watchsimulator/RetroRacingWatchOS.build/assetcatalog_output/unthinned --unthinned-dependencies /Users/dadederk/Library/Developer/Xcode/DerivedData/RetroRacing-dvbcfpydhzoqgmcruczvsmobktgj/Build/Intermediates.noindex/RetroRacing.build/Debug-watchsimulator/RetroRacingWatchOS.build/assetcatalog_dependencies_unthinned --unthinned-info-plist-content /Users/dadederk/Library/Developer/Xcode/DerivedData/RetroRacing-dvbcfpydhzoqgmcruczvsmobktgj/Build/Intermediates.noindex/RetroRacing.build/Debug-watchsimulator/RetroRacingWatchOS.build/assetcatalog_generated_info.plist_unthinned --output /Users/dadederk/Library/Developer/Xcode/DerivedData/RetroRacing-dvbcfpydhzoqgmcruczvsmobktgj/Build/Products/Debug-watchsimulator/RetroRacingWatchOS.app --plist-output /Users/dadederk/Library/Developer/Xcode/DerivedData/RetroRacing-dvbcfpydhzoqgmcruczvsmobktgj/Build/Intermediates.noindex/RetroRacing.build/Debug-watchsimulator/RetroRacingWatchOS.build/assetcatalog_generated_info.plist
note: Emplaced /Users/dadederk/Library/Developer/Xcode/DerivedData/RetroRacing-dvbcfpydhzoqgmcruczvsmobktgj/Build/Products/Debug-watchsimulator/RetroRacingWatchOS.app/Assets.car (in target 'RetroRacingWatchOS' from project 'RetroRacing')

LinkAssetCatalog /Users/dadederk/Developer/RetroRacing/RetroRacing/RetroRacingUniversal/Assets.xcassets /Users/dadederk/Developer/RetroRacing/RetroRacing/RetroRacingShared/Assets/RetroRapid.icon (in target 'RetroRacingUniversal' from project 'RetroRacing')
    cd /Users/dadederk/Developer/RetroRacing/RetroRacing
    builtin-linkAssetCatalog --thinned /Users/dadederk/Library/Developer/Xcode/DerivedData/RetroRacing-dvbcfpydhzoqgmcruczvsmobktgj/Build/Intermediates.noindex/RetroRacing.build/Debug-iphonesimulator/RetroRacingUniversal.build/assetcatalog_output/thinned --thinned-dependencies /Users/dadederk/Library/Developer/Xcode/DerivedData/RetroRacing-dvbcfpydhzoqgmcruczvsmobktgj/Build/Intermediates.noindex/RetroRacing.build/Debug-iphonesimulator/RetroRacingUniversal.build/assetcatalog_dependencies_thinned --thinned-info-plist-content /Users/dadederk/Library/Developer/Xcode/DerivedData/RetroRacing-dvbcfpydhzoqgmcruczvsmobktgj/Build/Intermediates.noindex/RetroRacing.build/Debug-iphonesimulator/RetroRacingUniversal.build/assetcatalog_generated_info.plist_thinned --unthinned /Users/dadederk/Library/Developer/Xcode/DerivedData/RetroRacing-dvbcfpydhzoqgmcruczvsmobktgj/Build/Intermediates.noindex/RetroRacing.build/Debug-iphonesimulator/RetroRacingUniversal.build/assetcatalog_output/unthinned --unthinned-dependencies /Users/dadederk/Library/Developer/Xcode/DerivedData/RetroRacing-dvbcfpydhzoqgmcruczvsmobktgj/Build/Intermediates.noindex/RetroRacing.build/Debug-iphonesimulator/RetroRacingUniversal.build/assetcatalog_dependencies_unthinned --unthinned-info-plist-content /Users/dadederk/Library/Developer/Xcode/DerivedData/RetroRacing-dvbcfpydhzoqgmcruczvsmobktgj/Build/Intermediates.noindex/RetroRacing.build/Debug-iphonesimulator/RetroRacingUniversal.build/assetcatalog_generated_info.plist_unthinned --output /Users/dadederk/Library/Developer/Xcode/DerivedData/RetroRacing-dvbcfpydhzoqgmcruczvsmobktgj/Build/Products/Debug-iphonesimulator/RetroRacingUniversal.app --plist-output /Users/dadederk/Library/Developer/Xcode/DerivedData/RetroRacing-dvbcfpydhzoqgmcruczvsmobktgj/Build/Intermediates.noindex/RetroRacing.build/Debug-iphonesimulator/RetroRacingUniversal.build/assetcatalog_generated_info.plist
note: Emplaced /Users/dadederk/Library/Developer/Xcode/DerivedData/RetroRacing-dvbcfpydhzoqgmcruczvsmobktgj/Build/Products/Debug-iphonesimulator/RetroRacingUniversal.app/RetroRapid60x60@2x.png (in target 'RetroRacingUniversal' from project 'RetroRacing')
note: Emplaced /Users/dadederk/Library/Developer/Xcode/DerivedData/RetroRacing-dvbcfpydhzoqgmcruczvsmobktgj/Build/Products/Debug-iphonesimulator/RetroRacingUniversal.app/RetroRapid76x76@2x~ipad.png (in target 'RetroRacingUniversal' from project 'RetroRacing')
note: Emplaced /Users/dadederk/Library/Developer/Xcode/DerivedData/RetroRacing-dvbcfpydhzoqgmcruczvsmobktgj/Build/Products/Debug-iphonesimulator/RetroRacingUniversal.app/Assets.car (in target 'RetroRacingUniversal' from project 'RetroRacing')

LinkAssetCatalog /Users/dadederk/Developer/RetroRacing/RetroRacing/RetroRacingShared/Assets/RetroRapid.icon /Users/dadederk/Developer/RetroRacing/RetroRacing/RetroRacingShared/Assets.xcassets (in target 'RetroRacingShared' from project 'RetroRacing')
    cd /Users/dadederk/Developer/RetroRacing/RetroRacing
    builtin-linkAssetCatalog --thinned /Users/dadederk/Library/Developer/Xcode/DerivedData/RetroRacing-dvbcfpydhzoqgmcruczvsmobktgj/Build/Intermediates.noindex/RetroRacing.build/Debug-watchsimulator/RetroRacingShared.build/assetcatalog_output/thinned --thinned-dependencies /Users/dadederk/Library/Developer/Xcode/DerivedData/RetroRacing-dvbcfpydhzoqgmcruczvsmobktgj/Build/Intermediates.noindex/RetroRacing.build/Debug-watchsimulator/RetroRacingShared.build/assetcatalog_dependencies_thinned --thinned-info-plist-content /Users/dadederk/Library/Developer/Xcode/DerivedData/RetroRacing-dvbcfpydhzoqgmcruczvsmobktgj/Build/Intermediates.noindex/RetroRacing.build/Debug-watchsimulator/RetroRacingShared.build/assetcatalog_generated_info.plist_thinned --unthinned /Users/dadederk/Library/Developer/Xcode/DerivedData/RetroRacing-dvbcfpydhzoqgmcruczvsmobktgj/Build/Intermediates.noindex/RetroRacing.build/Debug-watchsimulator/RetroRacingShared.build/assetcatalog_output/unthinned --unthinned-dependencies /Users/dadederk/Library/Developer/Xcode/DerivedData/RetroRacing-dvbcfpydhzoqgmcruczvsmobktgj/Build/Intermediates.noindex/RetroRacing.build/Debug-watchsimulator/RetroRacingShared.build/assetcatalog_dependencies_unthinned --unthinned-info-plist-content /Users/dadederk/Library/Developer/Xcode/DerivedData/RetroRacing-dvbcfpydhzoqgmcruczvsmobktgj/Build/Intermediates.noindex/RetroRacing.build/Debug-watchsimulator/RetroRacingShared.build/assetcatalog_generated_info.plist_unthinned --output /Users/dadederk/Library/Developer/Xcode/DerivedData/RetroRacing-dvbcfpydhzoqgmcruczvsmobktgj/Build/Products/Debug-watchsimulator/RetroRacingShared.framework --plist-output /Users/dadederk/Library/Developer/Xcode/DerivedData/RetroRacing-dvbcfpydhzoqgmcruczvsmobktgj/Build/Intermediates.noindex/RetroRacing.build/Debug-watchsimulator/RetroRacingShared.build/assetcatalog_generated_info.plist
note: Emplaced /Users/dadederk/Library/Developer/Xcode/DerivedData/RetroRacing-dvbcfpydhzoqgmcruczvsmobktgj/Build/Products/Debug-watchsimulator/RetroRacingShared.framework/Assets.car (in target 'RetroRacingShared' from project 'RetroRacing')

ProcessInfoPlistFile /Users/dadederk/Library/Developer/Xcode/DerivedData/RetroRacing-dvbcfpydhzoqgmcruczvsmobktgj/Build/Products/Debug-watchsimulator/RetroRacingShared.framework/Info.plist /Users/dadederk/Library/Developer/Xcode/DerivedData/RetroRacing-dvbcfpydhzoqgmcruczvsmobktgj/Build/Intermediates.noindex/RetroRacing.build/Debug-watchsimulator/RetroRacingShared.build/empty-RetroRacingShared.plist (in target 'RetroRacingShared' from project 'RetroRacing')
    cd /Users/dadederk/Developer/RetroRacing/RetroRacing
    builtin-infoPlistUtility /Users/dadederk/Library/Developer/Xcode/DerivedData/RetroRacing-dvbcfpydhzoqgmcruczvsmobktgj/Build/Intermediates.noindex/RetroRacing.build/Debug-watchsimulator/RetroRacingShared.build/empty-RetroRacingShared.plist -producttype com.apple.product-type.framework -expandbuildsettings -format binary -platform watchsimulator -additionalcontentfile /Users/dadederk/Library/Developer/Xcode/DerivedData/RetroRacing-dvbcfpydhzoqgmcruczvsmobktgj/Build/Intermediates.noindex/RetroRacing.build/Debug-watchsimulator/RetroRacingShared.build/assetcatalog_generated_info.plist -o /Users/dadederk/Library/Developer/Xcode/DerivedData/RetroRacing-dvbcfpydhzoqgmcruczvsmobktgj/Build/Products/Debug-watchsimulator/RetroRacingShared.framework/Info.plist

Copy /Users/dadederk/Library/Developer/Xcode/DerivedData/RetroRacing-dvbcfpydhzoqgmcruczvsmobktgj/Build/Products/Debug-watchsimulator/RetroRacingWatchOS.app/Frameworks/RetroRacingShared.framework /Users/dadederk/Library/Developer/Xcode/DerivedData/RetroRacing-dvbcfpydhzoqgmcruczvsmobktgj/Build/Products/Debug-watchsimulator/RetroRacingShared.framework (in target 'RetroRacingWatchOS' from project 'RetroRacing')
    cd /Users/dadederk/Developer/RetroRacing/RetroRacing
    builtin-copy -exclude .DS_Store -exclude CVS -exclude .svn -exclude .git -exclude .hg -exclude Headers -exclude PrivateHeaders -exclude Modules -exclude \*.tbd -resolve-src-symlinks -remove-static-executable /Users/dadederk/Library/Developer/Xcode/DerivedData/RetroRacing-dvbcfpydhzoqgmcruczvsmobktgj/Build/Products/Debug-watchsimulator/RetroRacingShared.framework /Users/dadederk/Library/Developer/Xcode/DerivedData/RetroRacing-dvbcfpydhzoqgmcruczvsmobktgj/Build/Products/Debug-watchsimulator/RetroRacingWatchOS.app/Frameworks

ProcessInfoPlistFile /Users/dadederk/Library/Developer/Xcode/DerivedData/RetroRacing-dvbcfpydhzoqgmcruczvsmobktgj/Build/Products/Debug-watchsimulator/RetroRacingWatchOS.app/Info.plist /Users/dadederk/Library/Developer/Xcode/DerivedData/RetroRacing-dvbcfpydhzoqgmcruczvsmobktgj/Build/Intermediates.noindex/RetroRacing.build/Debug-watchsimulator/RetroRacingWatchOS.build/empty-RetroRacingWatchOS.plist (in target 'RetroRacingWatchOS' from project 'RetroRacing')
    cd /Users/dadederk/Developer/RetroRacing/RetroRacing
    builtin-infoPlistUtility /Users/dadederk/Library/Developer/Xcode/DerivedData/RetroRacing-dvbcfpydhzoqgmcruczvsmobktgj/Build/Intermediates.noindex/RetroRacing.build/Debug-watchsimulator/RetroRacingWatchOS.build/empty-RetroRacingWatchOS.plist -producttype com.apple.product-type.application -genpkginfo /Users/dadederk/Library/Developer/Xcode/DerivedData/RetroRacing-dvbcfpydhzoqgmcruczvsmobktgj/Build/Products/Debug-watchsimulator/RetroRacingWatchOS.app/PkgInfo -expandbuildsettings -format binary -platform watchsimulator -additionalcontentfile /Users/dadederk/Library/Developer/Xcode/DerivedData/RetroRacing-dvbcfpydhzoqgmcruczvsmobktgj/Build/Intermediates.noindex/RetroRacing.build/Debug-watchsimulator/RetroRacingWatchOS.build/assetcatalog_generated_info.plist -scanforprivacyfile /Users/dadederk/Library/Developer/Xcode/DerivedData/RetroRacing-dvbcfpydhzoqgmcruczvsmobktgj/Build/Products/Debug-watchsimulator/RetroRacingWatchOS.app/Frameworks/RetroRacingShared.framework -o /Users/dadederk/Library/Developer/Xcode/DerivedData/RetroRacing-dvbcfpydhzoqgmcruczvsmobktgj/Build/Products/Debug-watchsimulator/RetroRacingWatchOS.app/Info.plist

CodeSign /Users/dadederk/Library/Developer/Xcode/DerivedData/RetroRacing-dvbcfpydhzoqgmcruczvsmobktgj/Build/Products/Debug-watchsimulator/RetroRacingWatchOS.app/Frameworks/RetroRacingShared.framework (in target 'RetroRacingWatchOS' from project 'RetroRacing')
    cd /Users/dadederk/Developer/RetroRacing/RetroRacing
    
    Signing Identity:     "Sign to Run Locally"
    
    /usr/bin/codesign --force --sign - --timestamp\=none --preserve-metadata\=identifier,entitlements,flags --generate-entitlement-der /Users/dadederk/Library/Developer/Xcode/DerivedData/RetroRacing-dvbcfpydhzoqgmcruczvsmobktgj/Build/Products/Debug-watchsimulator/RetroRacingWatchOS.app/Frameworks/RetroRacingShared.framework
/Users/dadederk/Library/Developer/Xcode/DerivedData/RetroRacing-dvbcfpydhzoqgmcruczvsmobktgj/Build/Products/Debug-watchsimulator/RetroRacingWatchOS.app/Frameworks/RetroRacingShared.framework: replacing existing signature

CopySwiftLibs /Users/dadederk/Library/Developer/Xcode/DerivedData/RetroRacing-dvbcfpydhzoqgmcruczvsmobktgj/Build/Products/Debug-watchsimulator/RetroRacingWatchOS.app (in target 'RetroRacingWatchOS' from project 'RetroRacing')
    cd /Users/dadederk/Developer/RetroRacing/RetroRacing
    builtin-swiftStdLibTool --copy --verbose --sign - --scan-executable /Users/dadederk/Library/Developer/Xcode/DerivedData/RetroRacing-dvbcfpydhzoqgmcruczvsmobktgj/Build/Products/Debug-watchsimulator/RetroRacingWatchOS.app/RetroRacingWatchOS.debug.dylib --scan-folder /Users/dadederk/Library/Developer/Xcode/DerivedData/RetroRacing-dvbcfpydhzoqgmcruczvsmobktgj/Build/Products/Debug-watchsimulator/RetroRacingWatchOS.app/Frameworks --scan-folder /Users/dadederk/Library/Developer/Xcode/DerivedData/RetroRacing-dvbcfpydhzoqgmcruczvsmobktgj/Build/Products/Debug-watchsimulator/RetroRacingWatchOS.app/PlugIns --scan-folder /Users/dadederk/Library/Developer/Xcode/DerivedData/RetroRacing-dvbcfpydhzoqgmcruczvsmobktgj/Build/Products/Debug-watchsimulator/RetroRacingWatchOS.app/SystemExtensions --scan-folder /Users/dadederk/Library/Developer/Xcode/DerivedData/RetroRacing-dvbcfpydhzoqgmcruczvsmobktgj/Build/Products/Debug-watchsimulator/RetroRacingWatchOS.app/Extensions --scan-folder /Users/dadederk/Library/Developer/Xcode/DerivedData/RetroRacing-dvbcfpydhzoqgmcruczvsmobktgj/Build/Products/Debug-watchsimulator/RetroRacingShared.framework --scan-folder /Applications/Xcode-beta.app/Contents/Developer/Platforms/WatchOS.platform/Developer/SDKs/WatchOS26.0.sdk/System/Library/Frameworks/StoreKit.framework --platform watchsimulator --toolchain /Applications/Xcode-beta.app/Contents/Developer/Toolchains/XcodeDefault.xctoolchain --destination /Users/dadederk/Library/Developer/Xcode/DerivedData/RetroRacing-dvbcfpydhzoqgmcruczvsmobktgj/Build/Products/Debug-watchsimulator/RetroRacingWatchOS.app/Frameworks --strip-bitcode --strip-bitcode-tool /Applications/Xcode-beta.app/Contents/Developer/Toolchains/XcodeDefault.xctoolchain/usr/bin/bitcode_strip --emit-dependency-info /Users/dadederk/Library/Developer/Xcode/DerivedData/RetroRacing-dvbcfpydhzoqgmcruczvsmobktgj/Build/Intermediates.noindex/RetroRacing.build/Debug-watchsimulator/RetroRacingWatchOS.build/SwiftStdLibToolInputDependencies.dep --filter-for-swift-os

CodeSign /Users/dadederk/Library/Developer/Xcode/DerivedData/RetroRacing-dvbcfpydhzoqgmcruczvsmobktgj/Build/Products/Debug-watchsimulator/RetroRacingWatchOS.app/RetroRacingWatchOS.debug.dylib (in target 'RetroRacingWatchOS' from project 'RetroRacing')
    cd /Users/dadederk/Developer/RetroRacing/RetroRacing
    
    Signing Identity:     "Sign to Run Locally"
    
    /usr/bin/codesign --force --sign - --timestamp\=none --generate-entitlement-der /Users/dadederk/Library/Developer/Xcode/DerivedData/RetroRacing-dvbcfpydhzoqgmcruczvsmobktgj/Build/Products/Debug-watchsimulator/RetroRacingWatchOS.app/RetroRacingWatchOS.debug.dylib
/Users/dadederk/Library/Developer/Xcode/DerivedData/RetroRacing-dvbcfpydhzoqgmcruczvsmobktgj/Build/Products/Debug-watchsimulator/RetroRacingWatchOS.app/RetroRacingWatchOS.debug.dylib: replacing existing signature

CodeSign /Users/dadederk/Library/Developer/Xcode/DerivedData/RetroRacing-dvbcfpydhzoqgmcruczvsmobktgj/Build/Products/Debug-watchsimulator/RetroRacingWatchOS.app/__preview.dylib (in target 'RetroRacingWatchOS' from project 'RetroRacing')
    cd /Users/dadederk/Developer/RetroRacing/RetroRacing
    
    Signing Identity:     "Sign to Run Locally"
    
    /usr/bin/codesign --force --sign - --timestamp\=none --generate-entitlement-der /Users/dadederk/Library/Developer/Xcode/DerivedData/RetroRacing-dvbcfpydhzoqgmcruczvsmobktgj/Build/Products/Debug-watchsimulator/RetroRacingWatchOS.app/__preview.dylib
/Users/dadederk/Library/Developer/Xcode/DerivedData/RetroRacing-dvbcfpydhzoqgmcruczvsmobktgj/Build/Products/Debug-watchsimulator/RetroRacingWatchOS.app/__preview.dylib: replacing existing signature

CodeSign /Users/dadederk/Library/Developer/Xcode/DerivedData/RetroRacing-dvbcfpydhzoqgmcruczvsmobktgj/Build/Products/Debug-watchsimulator/RetroRacingWatchOS.app (in target 'RetroRacingWatchOS' from project 'RetroRacing')
    cd /Users/dadederk/Developer/RetroRacing/RetroRacing
    
    Signing Identity:     "Sign to Run Locally"
    
    /usr/bin/codesign --force --sign - --entitlements /Users/dadederk/Library/Developer/Xcode/DerivedData/RetroRacing-dvbcfpydhzoqgmcruczvsmobktgj/Build/Intermediates.noindex/RetroRacing.build/Debug-watchsimulator/RetroRacingWatchOS.build/RetroRacingWatchOS.app.xcent --timestamp\=none --generate-entitlement-der /Users/dadederk/Library/Developer/Xcode/DerivedData/RetroRacing-dvbcfpydhzoqgmcruczvsmobktgj/Build/Products/Debug-watchsimulator/RetroRacingWatchOS.app
/Users/dadederk/Library/Developer/Xcode/DerivedData/RetroRacing-dvbcfpydhzoqgmcruczvsmobktgj/Build/Products/Debug-watchsimulator/RetroRacingWatchOS.app: replacing existing signature

Validate /Users/dadederk/Library/Developer/Xcode/DerivedData/RetroRacing-dvbcfpydhzoqgmcruczvsmobktgj/Build/Products/Debug-watchsimulator/RetroRacingWatchOS.app (in target 'RetroRacingWatchOS' from project 'RetroRacing')
    cd /Users/dadederk/Developer/RetroRacing/RetroRacing
    builtin-validationUtility /Users/dadederk/Library/Developer/Xcode/DerivedData/RetroRacing-dvbcfpydhzoqgmcruczvsmobktgj/Build/Products/Debug-watchsimulator/RetroRacingWatchOS.app -shallow-bundle -infoplist-subpath Info.plist

LinkAssetCatalog /Users/dadederk/Developer/RetroRacing/RetroRacing/RetroRacingShared/Assets/RetroRapid.icon /Users/dadederk/Developer/RetroRacing/RetroRacing/RetroRacingShared/Assets.xcassets (in target 'RetroRacingShared' from project 'RetroRacing')
    cd /Users/dadederk/Developer/RetroRacing/RetroRacing
    builtin-linkAssetCatalog --thinned /Users/dadederk/Library/Developer/Xcode/DerivedData/RetroRacing-dvbcfpydhzoqgmcruczvsmobktgj/Build/Intermediates.noindex/RetroRacing.build/Debug-iphonesimulator/RetroRacingShared.build/assetcatalog_output/thinned --thinned-dependencies /Users/dadederk/Library/Developer/Xcode/DerivedData/RetroRacing-dvbcfpydhzoqgmcruczvsmobktgj/Build/Intermediates.noindex/RetroRacing.build/Debug-iphonesimulator/RetroRacingShared.build/assetcatalog_dependencies_thinned --thinned-info-plist-content /Users/dadederk/Library/Developer/Xcode/DerivedData/RetroRacing-dvbcfpydhzoqgmcruczvsmobktgj/Build/Intermediates.noindex/RetroRacing.build/Debug-iphonesimulator/RetroRacingShared.build/assetcatalog_generated_info.plist_thinned --unthinned /Users/dadederk/Library/Developer/Xcode/DerivedData/RetroRacing-dvbcfpydhzoqgmcruczvsmobktgj/Build/Intermediates.noindex/RetroRacing.build/Debug-iphonesimulator/RetroRacingShared.build/assetcatalog_output/unthinned --unthinned-dependencies /Users/dadederk/Library/Developer/Xcode/DerivedData/RetroRacing-dvbcfpydhzoqgmcruczvsmobktgj/Build/Intermediates.noindex/RetroRacing.build/Debug-iphonesimulator/RetroRacingShared.build/assetcatalog_dependencies_unthinned --unthinned-info-plist-content /Users/dadederk/Library/Developer/Xcode/DerivedData/RetroRacing-dvbcfpydhzoqgmcruczvsmobktgj/Build/Intermediates.noindex/RetroRacing.build/Debug-iphonesimulator/RetroRacingShared.build/assetcatalog_generated_info.plist_unthinned --output /Users/dadederk/Library/Developer/Xcode/DerivedData/RetroRacing-dvbcfpydhzoqgmcruczvsmobktgj/Build/Products/Debug-iphonesimulator/RetroRacingShared.framework --plist-output /Users/dadederk/Library/Developer/Xcode/DerivedData/RetroRacing-dvbcfpydhzoqgmcruczvsmobktgj/Build/Intermediates.noindex/RetroRacing.build/Debug-iphonesimulator/RetroRacingShared.build/assetcatalog_generated_info.plist
note: Emplaced /Users/dadederk/Library/Developer/Xcode/DerivedData/RetroRacing-dvbcfpydhzoqgmcruczvsmobktgj/Build/Products/Debug-iphonesimulator/RetroRacingShared.framework/Assets.car (in target 'RetroRacingShared' from project 'RetroRacing')

ProcessInfoPlistFile /Users/dadederk/Library/Developer/Xcode/DerivedData/RetroRacing-dvbcfpydhzoqgmcruczvsmobktgj/Build/Products/Debug-iphonesimulator/RetroRacingShared.framework/Info.plist /Users/dadederk/Library/Developer/Xcode/DerivedData/RetroRacing-dvbcfpydhzoqgmcruczvsmobktgj/Build/Intermediates.noindex/RetroRacing.build/Debug-iphonesimulator/RetroRacingShared.build/empty-RetroRacingShared.plist (in target 'RetroRacingShared' from project 'RetroRacing')
    cd /Users/dadederk/Developer/RetroRacing/RetroRacing
    builtin-infoPlistUtility /Users/dadederk/Library/Developer/Xcode/DerivedData/RetroRacing-dvbcfpydhzoqgmcruczvsmobktgj/Build/Intermediates.noindex/RetroRacing.build/Debug-iphonesimulator/RetroRacingShared.build/empty-RetroRacingShared.plist -producttype com.apple.product-type.framework -expandbuildsettings -format binary -platform iphonesimulator -additionalcontentfile /Users/dadederk/Library/Developer/Xcode/DerivedData/RetroRacing-dvbcfpydhzoqgmcruczvsmobktgj/Build/Intermediates.noindex/RetroRacing.build/Debug-iphonesimulator/RetroRacingShared.build/assetcatalog_generated_info.plist -o /Users/dadederk/Library/Developer/Xcode/DerivedData/RetroRacing-dvbcfpydhzoqgmcruczvsmobktgj/Build/Products/Debug-iphonesimulator/RetroRacingShared.framework/Info.plist

Copy /Users/dadederk/Library/Developer/Xcode/DerivedData/RetroRacing-dvbcfpydhzoqgmcruczvsmobktgj/Build/Products/Debug-iphonesimulator/RetroRacingUniversal.app/Watch/RetroRacingWatchOS.app /Users/dadederk/Library/Developer/Xcode/DerivedData/RetroRacing-dvbcfpydhzoqgmcruczvsmobktgj/Build/Products/Debug-watchsimulator/RetroRacingWatchOS.app (in target 'RetroRacingUniversal' from project 'RetroRacing')
    cd /Users/dadederk/Developer/RetroRacing/RetroRacing
    builtin-copy -exclude .DS_Store -exclude CVS -exclude .svn -exclude .git -exclude .hg -exclude Headers -exclude PrivateHeaders -exclude Modules -exclude \*.tbd -resolve-src-symlinks -remove-static-executable /Users/dadederk/Library/Developer/Xcode/DerivedData/RetroRacing-dvbcfpydhzoqgmcruczvsmobktgj/Build/Products/Debug-watchsimulator/RetroRacingWatchOS.app /Users/dadederk/Library/Developer/Xcode/DerivedData/RetroRacing-dvbcfpydhzoqgmcruczvsmobktgj/Build/Products/Debug-iphonesimulator/RetroRacingUniversal.app/Watch

Copy /Users/dadederk/Library/Developer/Xcode/DerivedData/RetroRacing-dvbcfpydhzoqgmcruczvsmobktgj/Build/Products/Debug-iphonesimulator/RetroRacingUniversal.app/Frameworks/RetroRacingShared.framework /Users/dadederk/Library/Developer/Xcode/DerivedData/RetroRacing-dvbcfpydhzoqgmcruczvsmobktgj/Build/Products/Debug-iphonesimulator/RetroRacingShared.framework (in target 'RetroRacingUniversal' from project 'RetroRacing')
    cd /Users/dadederk/Developer/RetroRacing/RetroRacing
    builtin-copy -exclude .DS_Store -exclude CVS -exclude .svn -exclude .git -exclude .hg -exclude Headers -exclude PrivateHeaders -exclude Modules -exclude \*.tbd -resolve-src-symlinks -remove-static-executable /Users/dadederk/Library/Developer/Xcode/DerivedData/RetroRacing-dvbcfpydhzoqgmcruczvsmobktgj/Build/Products/Debug-iphonesimulator/RetroRacingShared.framework /Users/dadederk/Library/Developer/Xcode/DerivedData/RetroRacing-dvbcfpydhzoqgmcruczvsmobktgj/Build/Products/Debug-iphonesimulator/RetroRacingUniversal.app/Frameworks

ProcessInfoPlistFile /Users/dadederk/Library/Developer/Xcode/DerivedData/RetroRacing-dvbcfpydhzoqgmcruczvsmobktgj/Build/Products/Debug-iphonesimulator/RetroRacingUniversal.app/Info.plist /Users/dadederk/Developer/RetroRacing/RetroRacing/Config/RetroRacingUniversalInfo.plist (in target 'RetroRacingUniversal' from project 'RetroRacing')
    cd /Users/dadederk/Developer/RetroRacing/RetroRacing
    builtin-infoPlistUtility /Users/dadederk/Developer/RetroRacing/RetroRacing/Config/RetroRacingUniversalInfo.plist -producttype com.apple.product-type.application -genpkginfo /Users/dadederk/Library/Developer/Xcode/DerivedData/RetroRacing-dvbcfpydhzoqgmcruczvsmobktgj/Build/Products/Debug-iphonesimulator/RetroRacingUniversal.app/PkgInfo -expandbuildsettings -format binary -platform iphonesimulator -additionalcontentfile /Users/dadederk/Library/Developer/Xcode/DerivedData/RetroRacing-dvbcfpydhzoqgmcruczvsmobktgj/Build/Intermediates.noindex/RetroRacing.build/Debug-iphonesimulator/RetroRacingUniversal.build/assetcatalog_generated_info.plist -scanforprivacyfile /Users/dadederk/Library/Developer/Xcode/DerivedData/RetroRacing-dvbcfpydhzoqgmcruczvsmobktgj/Build/Products/Debug-iphonesimulator/RetroRacingUniversal.app/Frameworks/RetroRacingShared.framework -scanforprivacyfile /Users/dadederk/Library/Developer/Xcode/DerivedData/RetroRacing-dvbcfpydhzoqgmcruczvsmobktgj/Build/Products/Debug-iphonesimulator/RetroRacingUniversal.app/Watch/RetroRacingWatchOS.app -o /Users/dadederk/Library/Developer/Xcode/DerivedData/RetroRacing-dvbcfpydhzoqgmcruczvsmobktgj/Build/Products/Debug-iphonesimulator/RetroRacingUniversal.app/Info.plist

CodeSign /Users/dadederk/Library/Developer/Xcode/DerivedData/RetroRacing-dvbcfpydhzoqgmcruczvsmobktgj/Build/Products/Debug-iphonesimulator/RetroRacingUniversal.app/Frameworks/RetroRacingShared.framework (in target 'RetroRacingUniversal' from project 'RetroRacing')
    cd /Users/dadederk/Developer/RetroRacing/RetroRacing
    
    Signing Identity:     "Sign to Run Locally"
    
    /usr/bin/codesign --force --sign - --timestamp\=none --preserve-metadata\=identifier,entitlements,flags --generate-entitlement-der /Users/dadederk/Library/Developer/Xcode/DerivedData/RetroRacing-dvbcfpydhzoqgmcruczvsmobktgj/Build/Products/Debug-iphonesimulator/RetroRacingUniversal.app/Frameworks/RetroRacingShared.framework
/Users/dadederk/Library/Developer/Xcode/DerivedData/RetroRacing-dvbcfpydhzoqgmcruczvsmobktgj/Build/Products/Debug-iphonesimulator/RetroRacingUniversal.app/Frameworks/RetroRacingShared.framework: replacing existing signature

CopySwiftLibs /Users/dadederk/Library/Developer/Xcode/DerivedData/RetroRacing-dvbcfpydhzoqgmcruczvsmobktgj/Build/Products/Debug-iphonesimulator/RetroRacingUniversal.app (in target 'RetroRacingUniversal' from project 'RetroRacing')
    cd /Users/dadederk/Developer/RetroRacing/RetroRacing
    builtin-swiftStdLibTool --copy --verbose --sign - --scan-executable /Users/dadederk/Library/Developer/Xcode/DerivedData/RetroRacing-dvbcfpydhzoqgmcruczvsmobktgj/Build/Products/Debug-iphonesimulator/RetroRacingUniversal.app/RetroRacingUniversal.debug.dylib --scan-folder /Users/dadederk/Library/Developer/Xcode/DerivedData/RetroRacing-dvbcfpydhzoqgmcruczvsmobktgj/Build/Products/Debug-iphonesimulator/RetroRacingUniversal.app/Frameworks --scan-folder /Users/dadederk/Library/Developer/Xcode/DerivedData/RetroRacing-dvbcfpydhzoqgmcruczvsmobktgj/Build/Products/Debug-iphonesimulator/RetroRacingUniversal.app/PlugIns --scan-folder /Users/dadederk/Library/Developer/Xcode/DerivedData/RetroRacing-dvbcfpydhzoqgmcruczvsmobktgj/Build/Products/Debug-iphonesimulator/RetroRacingUniversal.app/SystemExtensions --scan-folder /Users/dadederk/Library/Developer/Xcode/DerivedData/RetroRacing-dvbcfpydhzoqgmcruczvsmobktgj/Build/Products/Debug-iphonesimulator/RetroRacingUniversal.app/Extensions --scan-folder /Users/dadederk/Library/Developer/Xcode/DerivedData/RetroRacing-dvbcfpydhzoqgmcruczvsmobktgj/Build/Products/Debug-iphonesimulator/RetroRacingShared.framework --scan-folder /Applications/Xcode-beta.app/Contents/Developer/Platforms/iPhoneSimulator.platform/Developer/SDKs/iPhoneSimulator27.0.sdk/System/Library/Frameworks/StoreKit.framework --platform iphonesimulator --toolchain /Applications/Xcode-beta.app/Contents/Developer/Toolchains/XcodeDefault.xctoolchain --destination /Users/dadederk/Library/Developer/Xcode/DerivedData/RetroRacing-dvbcfpydhzoqgmcruczvsmobktgj/Build/Products/Debug-iphonesimulator/RetroRacingUniversal.app/Frameworks --strip-bitcode --strip-bitcode-tool /Applications/Xcode-beta.app/Contents/Developer/Toolchains/XcodeDefault.xctoolchain/usr/bin/bitcode_strip --emit-dependency-info /Users/dadederk/Library/Developer/Xcode/DerivedData/RetroRacing-dvbcfpydhzoqgmcruczvsmobktgj/Build/Intermediates.noindex/RetroRacing.build/Debug-iphonesimulator/RetroRacingUniversal.build/SwiftStdLibToolInputDependencies.dep --filter-for-swift-os

ProcessInfoPlistFile /Users/dadederk/Library/Developer/Xcode/DerivedData/RetroRacing-dvbcfpydhzoqgmcruczvsmobktgj/Build/Products/Debug-iphonesimulator/RetroRacingUniversal.app/PlugIns/RetroRacingUniversalTests.xctest/Info.plist /Users/dadederk/Library/Developer/Xcode/DerivedData/RetroRacing-dvbcfpydhzoqgmcruczvsmobktgj/Build/Intermediates.noindex/RetroRacing.build/Debug-iphonesimulator/RetroRacingUniversalTests.build/empty-RetroRacingUniversalTests.plist (in target 'RetroRacingUniversalTests' from project 'RetroRacing')
    cd /Users/dadederk/Developer/RetroRacing/RetroRacing
    builtin-infoPlistUtility /Users/dadederk/Library/Developer/Xcode/DerivedData/RetroRacing-dvbcfpydhzoqgmcruczvsmobktgj/Build/Intermediates.noindex/RetroRacing.build/Debug-iphonesimulator/RetroRacingUniversalTests.build/empty-RetroRacingUniversalTests.plist -producttype com.apple.product-type.bundle.unit-test -expandbuildsettings -format binary -platform iphonesimulator -o /Users/dadederk/Library/Developer/Xcode/DerivedData/RetroRacing-dvbcfpydhzoqgmcruczvsmobktgj/Build/Products/Debug-iphonesimulator/RetroRacingUniversal.app/PlugIns/RetroRacingUniversalTests.xctest/Info.plist

ProcessInfoPlistFile /Users/dadederk/Library/Developer/Xcode/DerivedData/RetroRacing-dvbcfpydhzoqgmcruczvsmobktgj/Build/Products/Debug-iphonesimulator/RetroRacingUniversal.app/PlugIns/RetroRacingSharedTests.xctest/Info.plist /Users/dadederk/Library/Developer/Xcode/DerivedData/RetroRacing-dvbcfpydhzoqgmcruczvsmobktgj/Build/Intermediates.noindex/RetroRacing.build/Debug-iphonesimulator/RetroRacingSharedTests.build/empty-RetroRacingSharedTests.plist (in target 'RetroRacingSharedTests' from project 'RetroRacing')
    cd /Users/dadederk/Developer/RetroRacing/RetroRacing
    builtin-infoPlistUtility /Users/dadederk/Library/Developer/Xcode/DerivedData/RetroRacing-dvbcfpydhzoqgmcruczvsmobktgj/Build/Intermediates.noindex/RetroRacing.build/Debug-iphonesimulator/RetroRacingSharedTests.build/empty-RetroRacingSharedTests.plist -producttype com.apple.product-type.bundle.unit-test -expandbuildsettings -format binary -platform iphonesimulator -o /Users/dadederk/Library/Developer/Xcode/DerivedData/RetroRacing-dvbcfpydhzoqgmcruczvsmobktgj/Build/Products/Debug-iphonesimulator/RetroRacingUniversal.app/PlugIns/RetroRacingSharedTests.xctest/Info.plist

CopySwiftLibs /Users/dadederk/Library/Developer/Xcode/DerivedData/RetroRacing-dvbcfpydhzoqgmcruczvsmobktgj/Build/Products/Debug-iphonesimulator/RetroRacingUniversal.app/PlugIns/RetroRacingSharedTests.xctest (in target 'RetroRacingSharedTests' from project 'RetroRacing')
    cd /Users/dadederk/Developer/RetroRacing/RetroRacing
    builtin-swiftStdLibTool --copy --verbose --sign - --scan-executable /Users/dadederk/Library/Developer/Xcode/DerivedData/RetroRacing-dvbcfpydhzoqgmcruczvsmobktgj/Build/Products/Debug-iphonesimulator/RetroRacingUniversal.app/PlugIns/RetroRacingSharedTests.xctest/RetroRacingSharedTests --scan-folder /Users/dadederk/Library/Developer/Xcode/DerivedData/RetroRacing-dvbcfpydhzoqgmcruczvsmobktgj/Build/Products/Debug-iphonesimulator/RetroRacingUniversal.app/PlugIns/RetroRacingSharedTests.xctest/Frameworks --scan-folder /Users/dadederk/Library/Developer/Xcode/DerivedData/RetroRacing-dvbcfpydhzoqgmcruczvsmobktgj/Build/Products/Debug-iphonesimulator/RetroRacingUniversal.app/PlugIns/RetroRacingSharedTests.xctest/PlugIns --scan-folder /Users/dadederk/Library/Developer/Xcode/DerivedData/RetroRacing-dvbcfpydhzoqgmcruczvsmobktgj/Build/Products/Debug-iphonesimulator/RetroRacingUniversal.app/PlugIns/RetroRacingSharedTests.xctest/SystemExtensions --scan-folder /Users/dadederk/Library/Developer/Xcode/DerivedData/RetroRacing-dvbcfpydhzoqgmcruczvsmobktgj/Build/Products/Debug-iphonesimulator/RetroRacingUniversal.app/PlugIns/RetroRacingSharedTests.xctest/Extensions --scan-folder /Users/dadederk/Library/Developer/Xcode/DerivedData/RetroRacing-dvbcfpydhzoqgmcruczvsmobktgj/Build/Products/Debug-iphonesimulator/RetroRacingShared.framework --platform iphonesimulator --toolchain /Applications/Xcode-beta.app/Contents/Developer/Toolchains/XcodeDefault.xctoolchain --destination /Users/dadederk/Library/Developer/Xcode/DerivedData/RetroRacing-dvbcfpydhzoqgmcruczvsmobktgj/Build/Products/Debug-iphonesimulator/RetroRacingUniversal.app/PlugIns/RetroRacingSharedTests.xctest/Frameworks --strip-bitcode --scan-executable /Applications/Xcode-beta.app/Contents/Developer/Platforms/iPhoneSimulator.platform/Developer/usr/lib/libXCTestSwiftSupport.dylib --strip-bitcode-tool /Applications/Xcode-beta.app/Contents/Developer/Toolchains/XcodeDefault.xctoolchain/usr/bin/bitcode_strip --emit-dependency-info /Users/dadederk/Library/Developer/Xcode/DerivedData/RetroRacing-dvbcfpydhzoqgmcruczvsmobktgj/Build/Intermediates.noindex/RetroRacing.build/Debug-iphonesimulator/RetroRacingSharedTests.build/SwiftStdLibToolInputDependencies.dep --filter-for-swift-os

CopySwiftLibs /Users/dadederk/Library/Developer/Xcode/DerivedData/RetroRacing-dvbcfpydhzoqgmcruczvsmobktgj/Build/Products/Debug-iphonesimulator/RetroRacingUniversal.app/PlugIns/RetroRacingUniversalTests.xctest (in target 'RetroRacingUniversalTests' from project 'RetroRacing')
    cd /Users/dadederk/Developer/RetroRacing/RetroRacing
    builtin-swiftStdLibTool --copy --verbose --sign - --scan-executable /Users/dadederk/Library/Developer/Xcode/DerivedData/RetroRacing-dvbcfpydhzoqgmcruczvsmobktgj/Build/Products/Debug-iphonesimulator/RetroRacingUniversal.app/PlugIns/RetroRacingUniversalTests.xctest/RetroRacingUniversalTests --scan-folder /Users/dadederk/Library/Developer/Xcode/DerivedData/RetroRacing-dvbcfpydhzoqgmcruczvsmobktgj/Build/Products/Debug-iphonesimulator/RetroRacingUniversal.app/PlugIns/RetroRacingUniversalTests.xctest/Frameworks --scan-folder /Users/dadederk/Library/Developer/Xcode/DerivedData/RetroRacing-dvbcfpydhzoqgmcruczvsmobktgj/Build/Products/Debug-iphonesimulator/RetroRacingUniversal.app/PlugIns/RetroRacingUniversalTests.xctest/PlugIns --scan-folder /Users/dadederk/Library/Developer/Xcode/DerivedData/RetroRacing-dvbcfpydhzoqgmcruczvsmobktgj/Build/Products/Debug-iphonesimulator/RetroRacingUniversal.app/PlugIns/RetroRacingUniversalTests.xctest/SystemExtensions --scan-folder /Users/dadederk/Library/Developer/Xcode/DerivedData/RetroRacing-dvbcfpydhzoqgmcruczvsmobktgj/Build/Products/Debug-iphonesimulator/RetroRacingUniversal.app/PlugIns/RetroRacingUniversalTests.xctest/Extensions --platform iphonesimulator --toolchain /Applications/Xcode-beta.app/Contents/Developer/Toolchains/XcodeDefault.xctoolchain --destination /Users/dadederk/Library/Developer/Xcode/DerivedData/RetroRacing-dvbcfpydhzoqgmcruczvsmobktgj/Build/Products/Debug-iphonesimulator/RetroRacingUniversal.app/PlugIns/RetroRacingUniversalTests.xctest/Frameworks --strip-bitcode --scan-executable /Applications/Xcode-beta.app/Contents/Developer/Platforms/iPhoneSimulator.platform/Developer/usr/lib/libXCTestSwiftSupport.dylib --strip-bitcode-tool /Applications/Xcode-beta.app/Contents/Developer/Toolchains/XcodeDefault.xctoolchain/usr/bin/bitcode_strip --emit-dependency-info /Users/dadederk/Library/Developer/Xcode/DerivedData/RetroRacing-dvbcfpydhzoqgmcruczvsmobktgj/Build/Intermediates.noindex/RetroRacing.build/Debug-iphonesimulator/RetroRacingUniversalTests.build/SwiftStdLibToolInputDependencies.dep --filter-for-swift-os

CodeSign /Users/dadederk/Library/Developer/Xcode/DerivedData/RetroRacing-dvbcfpydhzoqgmcruczvsmobktgj/Build/Products/Debug-iphonesimulator/RetroRacingUniversal.app/RetroRacingUniversal.debug.dylib (in target 'RetroRacingUniversal' from project 'RetroRacing')
    cd /Users/dadederk/Developer/RetroRacing/RetroRacing
    
    Signing Identity:     "Sign to Run Locally"
    
    /usr/bin/codesign --force --sign - --timestamp\=none --generate-entitlement-der /Users/dadederk/Library/Developer/Xcode/DerivedData/RetroRacing-dvbcfpydhzoqgmcruczvsmobktgj/Build/Products/Debug-iphonesimulator/RetroRacingUniversal.app/RetroRacingUniversal.debug.dylib
/Users/dadederk/Library/Developer/Xcode/DerivedData/RetroRacing-dvbcfpydhzoqgmcruczvsmobktgj/Build/Products/Debug-iphonesimulator/RetroRacingUniversal.app/RetroRacingUniversal.debug.dylib: replacing existing signature

CodeSign /Users/dadederk/Library/Developer/Xcode/DerivedData/RetroRacing-dvbcfpydhzoqgmcruczvsmobktgj/Build/Products/Debug-iphonesimulator/RetroRacingUniversal.app/__preview.dylib (in target 'RetroRacingUniversal' from project 'RetroRacing')
    cd /Users/dadederk/Developer/RetroRacing/RetroRacing
    
    Signing Identity:     "Sign to Run Locally"
    
    /usr/bin/codesign --force --sign - --timestamp\=none --generate-entitlement-der /Users/dadederk/Library/Developer/Xcode/DerivedData/RetroRacing-dvbcfpydhzoqgmcruczvsmobktgj/Build/Products/Debug-iphonesimulator/RetroRacingUniversal.app/__preview.dylib
/Users/dadederk/Library/Developer/Xcode/DerivedData/RetroRacing-dvbcfpydhzoqgmcruczvsmobktgj/Build/Products/Debug-iphonesimulator/RetroRacingUniversal.app/__preview.dylib: replacing existing signature

CodeSign /Users/dadederk/Library/Developer/Xcode/DerivedData/RetroRacing-dvbcfpydhzoqgmcruczvsmobktgj/Build/Products/Debug-iphonesimulator/RetroRacingUniversal.app (in target 'RetroRacingUniversal' from project 'RetroRacing')
    cd /Users/dadederk/Developer/RetroRacing/RetroRacing
    
    Signing Identity:     "Sign to Run Locally"
    
    /usr/bin/codesign --force --sign - --entitlements /Users/dadederk/Library/Developer/Xcode/DerivedData/RetroRacing-dvbcfpydhzoqgmcruczvsmobktgj/Build/Intermediates.noindex/RetroRacing.build/Debug-iphonesimulator/RetroRacingUniversal.build/RetroRacingUniversal.app.xcent --timestamp\=none --generate-entitlement-der /Users/dadederk/Library/Developer/Xcode/DerivedData/RetroRacing-dvbcfpydhzoqgmcruczvsmobktgj/Build/Products/Debug-iphonesimulator/RetroRacingUniversal.app
/Users/dadederk/Library/Developer/Xcode/DerivedData/RetroRacing-dvbcfpydhzoqgmcruczvsmobktgj/Build/Products/Debug-iphonesimulator/RetroRacingUniversal.app: replacing existing signature

ValidateEmbeddedBinary /Users/dadederk/Library/Developer/Xcode/DerivedData/RetroRacing-dvbcfpydhzoqgmcruczvsmobktgj/Build/Products/Debug-iphonesimulator/RetroRacingUniversal.app/Watch/RetroRacingWatchOS.app (in target 'RetroRacingUniversal' from project 'RetroRacing')
    cd /Users/dadederk/Developer/RetroRacing/RetroRacing
    /Applications/Xcode-beta.app/Contents/Developer/usr/bin/embeddedBinaryValidationUtility /Users/dadederk/Library/Developer/Xcode/DerivedData/RetroRacing-dvbcfpydhzoqgmcruczvsmobktgj/Build/Products/Debug-iphonesimulator/RetroRacingUniversal.app/Watch/RetroRacingWatchOS.app -signing-cert - -info-plist-path /Users/dadederk/Library/Developer/Xcode/DerivedData/RetroRacing-dvbcfpydhzoqgmcruczvsmobktgj/Build/Products/Debug-iphonesimulator/RetroRacingUniversal.app/Info.plist

Validate /Users/dadederk/Library/Developer/Xcode/DerivedData/RetroRacing-dvbcfpydhzoqgmcruczvsmobktgj/Build/Products/Debug-iphonesimulator/RetroRacingUniversal.app (in target 'RetroRacingUniversal' from project 'RetroRacing')
    cd /Users/dadederk/Developer/RetroRacing/RetroRacing
    builtin-validationUtility /Users/dadederk/Library/Developer/Xcode/DerivedData/RetroRacing-dvbcfpydhzoqgmcruczvsmobktgj/Build/Products/Debug-iphonesimulator/RetroRacingUniversal.app -shallow-bundle -infoplist-subpath Info.plist

ProcessInfoPlistFile /Users/dadederk/Library/Developer/Xcode/DerivedData/RetroRacing-dvbcfpydhzoqgmcruczvsmobktgj/Build/Products/Debug-iphonesimulator/RetroRacingUniversalUITests-Runner.app/PlugIns/RetroRacingUniversalUITests.xctest/Info.plist /Users/dadederk/Library/Developer/Xcode/DerivedData/RetroRacing-dvbcfpydhzoqgmcruczvsmobktgj/Build/Intermediates.noindex/RetroRacing.build/Debug-iphonesimulator/RetroRacingUniversalUITests.build/empty-RetroRacingUniversalUITests.plist (in target 'RetroRacingUniversalUITests' from project 'RetroRacing')
    cd /Users/dadederk/Developer/RetroRacing/RetroRacing
    builtin-infoPlistUtility /Users/dadederk/Library/Developer/Xcode/DerivedData/RetroRacing-dvbcfpydhzoqgmcruczvsmobktgj/Build/Intermediates.noindex/RetroRacing.build/Debug-iphonesimulator/RetroRacingUniversalUITests.build/empty-RetroRacingUniversalUITests.plist -producttype com.apple.product-type.bundle.ui-testing -expandbuildsettings -format binary -platform iphonesimulator -additionalcontentfile /Users/dadederk/Library/Developer/Xcode/DerivedData/RetroRacing-dvbcfpydhzoqgmcruczvsmobktgj/Build/Intermediates.noindex/RetroRacing.build/Debug-iphonesimulator/RetroRacingUniversalUITests.build/ProductTypeInfoPlistAdditions.plist -o /Users/dadederk/Library/Developer/Xcode/DerivedData/RetroRacing-dvbcfpydhzoqgmcruczvsmobktgj/Build/Products/Debug-iphonesimulator/RetroRacingUniversalUITests-Runner.app/PlugIns/RetroRacingUniversalUITests.xctest/Info.plist

CopySwiftLibs /Users/dadederk/Library/Developer/Xcode/DerivedData/RetroRacing-dvbcfpydhzoqgmcruczvsmobktgj/Build/Products/Debug-iphonesimulator/RetroRacingUniversalUITests-Runner.app/PlugIns/RetroRacingUniversalUITests.xctest (in target 'RetroRacingUniversalUITests' from project 'RetroRacing')
    cd /Users/dadederk/Developer/RetroRacing/RetroRacing
    builtin-swiftStdLibTool --copy --verbose --sign - --scan-executable /Users/dadederk/Library/Developer/Xcode/DerivedData/RetroRacing-dvbcfpydhzoqgmcruczvsmobktgj/Build/Products/Debug-iphonesimulator/RetroRacingUniversalUITests-Runner.app/PlugIns/RetroRacingUniversalUITests.xctest/RetroRacingUniversalUITests --scan-folder /Users/dadederk/Library/Developer/Xcode/DerivedData/RetroRacing-dvbcfpydhzoqgmcruczvsmobktgj/Build/Products/Debug-iphonesimulator/RetroRacingUniversalUITests-Runner.app/PlugIns/RetroRacingUniversalUITests.xctest/Frameworks --scan-folder /Users/dadederk/Library/Developer/Xcode/DerivedData/RetroRacing-dvbcfpydhzoqgmcruczvsmobktgj/Build/Products/Debug-iphonesimulator/RetroRacingUniversalUITests-Runner.app/PlugIns/RetroRacingUniversalUITests.xctest/PlugIns --scan-folder /Users/dadederk/Library/Developer/Xcode/DerivedData/RetroRacing-dvbcfpydhzoqgmcruczvsmobktgj/Build/Products/Debug-iphonesimulator/RetroRacingUniversalUITests-Runner.app/PlugIns/RetroRacingUniversalUITests.xctest/SystemExtensions --scan-folder /Users/dadederk/Library/Developer/Xcode/DerivedData/RetroRacing-dvbcfpydhzoqgmcruczvsmobktgj/Build/Products/Debug-iphonesimulator/RetroRacingUniversalUITests-Runner.app/PlugIns/RetroRacingUniversalUITests.xctest/Extensions --platform iphonesimulator --toolchain /Applications/Xcode-beta.app/Contents/Developer/Toolchains/XcodeDefault.xctoolchain --destination /Users/dadederk/Library/Developer/Xcode/DerivedData/RetroRacing-dvbcfpydhzoqgmcruczvsmobktgj/Build/Products/Debug-iphonesimulator/RetroRacingUniversalUITests-Runner.app/PlugIns/RetroRacingUniversalUITests.xctest/Frameworks --strip-bitcode --scan-executable /Applications/Xcode-beta.app/Contents/Developer/Platforms/iPhoneSimulator.platform/Developer/usr/lib/libXCTestSwiftSupport.dylib --strip-bitcode-tool /Applications/Xcode-beta.app/Contents/Developer/Toolchains/XcodeDefault.xctoolchain/usr/bin/bitcode_strip --emit-dependency-info /Users/dadederk/Library/Developer/Xcode/DerivedData/RetroRacing-dvbcfpydhzoqgmcruczvsmobktgj/Build/Intermediates.noindex/RetroRacing.build/Debug-iphonesimulator/RetroRacingUniversalUITests.build/SwiftStdLibToolInputDependencies.dep --filter-for-swift-os

PruneExplicitPrecompiledModules /Users/dadederk/Library/Developer/Xcode/DerivedData/RetroRacing-dvbcfpydhzoqgmcruczvsmobktgj/Build/Intermediates.noindex/ExplicitPrecompiledModules

PruneExplicitPrecompiledModules /Users/dadederk/Library/Developer/Xcode/DerivedData/RetroRacing-dvbcfpydhzoqgmcruczvsmobktgj/Build/Intermediates.noindex/SwiftExplicitPrecompiledModules

** TEST BUILD SUCCEEDED **

Monitoring boot status for iPad Pro 13-inch (M5) (BCC4396C-8DD3-4835-A5D9-E7146BBA33F3).
Device already booted, nothing to do.

Monitoring boot status for iPad Pro 13-inch (M5) (BCC4396C-8DD3-4835-A5D9-E7146BBA33F3).
Device already booted, nothing to do.

An error was encountered processing the command (domain=com.apple.CoreSimulator.SimError, code=405):
Unable to boot device in current state: Booted
Monitoring boot status for iPad Pro 13-inch (M5) (BCC4396C-8DD3-4835-A5D9-E7146BBA33F3).
Device already booted, nothing to do.

Command line invocation:
    /Applications/Xcode-beta.app/Contents/Developer/usr/bin/xcodebuild test-without-building -project /Users/dadederk/Developer/RetroRacing/RetroRacing/RetroRacing.xcodeproj -scheme RetroRacingUniversal -destination "platform=iOS Simulator,id=BCC4396C-8DD3-4835-A5D9-E7146BBA33F3" "-only-testing:RetroRacingUniversalUITests/AppStoreScreenshotTests/testCaptureConfiguredScreenshot" -parallel-testing-enabled NO

Resolve Package Graph


Resolved source packages:
  ArcadeAudioKit: /Users/dadederk/Developer/ArcadeAudioKit @ local

2026-07-25 09:14:26.228740+0200 RetroRacingUniversalUITests-Runner[8345:3113463] [Default] Running tests...
2026-07-25 09:14:26.245216+0200 RetroRacingUniversalUITests-Runner[8345:3113463] [UIKit App Config] Update the Info.plist: Launch screens will soon be required.
    t =      nans Interface orientation changed to Landscape Left
Test Suite 'Selected tests' started at 2026-07-25 09:14:28.395.
Test Suite 'RetroRacingUniversalUITests.xctest' started at 2026-07-25 09:14:28.395.
Test Suite 'AppStoreScreenshotTests' started at 2026-07-25 09:14:28.395.
Test Case '-[RetroRacingUniversalUITests.AppStoreScreenshotTests testCaptureConfiguredScreenshot]' started.
    t =     0.00s Start Test at 2026-07-25 09:14:28.396
    t =     0.03s Set Up
    t =     0.03s     Setting device orientation to Landscape Right
    t =     0.05s         Wait for com.apple.springboard to idle
objc[8345]: Class UIAccessibilityLoaderWebShared is implemented in both /Library/Developer/CoreSimulator/Volumes/iOS_24A5355p/Library/Developer/CoreSimulator/Profiles/Runtimes/iOS 27.0.simruntime/Contents/Resources/RuntimeRoot/System/Library/AccessibilityBundles/WebKit.axbundle/WebKit (0x1083b4398) and /Library/Developer/CoreSimulator/Volumes/iOS_24A5355p/Library/Developer/CoreSimulator/Profiles/Runtimes/iOS 27.0.simruntime/Contents/Resources/RuntimeRoot/System/Library/AccessibilityBundles/WebCore.axbundle/WebCore (0x1084f8310). This may cause spurious casting failures and mysterious crashes. One of the duplicates must be removed or renamed.
Screenshot capture plan: ca_4 -> /Users/dadederk/Developer/RetroRacing/.build/screenshot-capture/ipad/ca_4.jpeg
    t =     1.62s Open com.accessibilityUpTo11.RetroRacing
    t =     1.62s     Launch com.accessibilityUpTo11.RetroRacing
2026-07-25 09:14:30.085 xcodebuild[8324:3112915] [MT] IDELaunchParametersSnapshot: debugger version lookup failed for path '<nil>': noURL
2026-07-25 09:14:30.085 xcodebuild[8324:3112915] [MT] IDELaunchParametersSnapshot: no debugger version
    t =     2.52s         Setting up automation session
    t =     5.26s         Wait for com.accessibilityUpTo11.RetroRacing to idle
    t =     6.93s Waiting 45.0s for "screenshot-ready-slide-4" Any to exist
    t =     7.97s     Checking `Expect predicate `existsNoRetry == 1` for object "screenshot-ready-slide-4" Any`
    t =     7.97s         Checking existence of `"screenshot-ready-slide-4" Any`
    t =     8.01s Checking existence of `"screenshot-ready-slide-4" Any`
    t =     8.03s Requesting snapshot of accessibility hierarchy for app with pid 8472
    t =     8.13s Requesting snapshot of accessibility hierarchy for app with pid 8472
Saving iPad landscape capture at 2752x2064 (ca_4.jpeg)
    t =    10.00s Terminate com.accessibilityUpTo11.RetroRacing:8472
    t =    11.08s Tear Down
Test Case '-[RetroRacingUniversalUITests.AppStoreScreenshotTests testCaptureConfiguredScreenshot]' passed (11.111 seconds).
Test Suite 'AppStoreScreenshotTests' passed at 2026-07-25 09:14:39.508.
	 Executed 1 test, with 0 failures (0 unexpected) in 11.111 (11.113) seconds
Test Suite 'RetroRacingUniversalUITests.xctest' passed at 2026-07-25 09:14:39.509.
	 Executed 1 test, with 0 failures (0 unexpected) in 11.111 (11.114) seconds
Test Suite 'Selected tests' passed at 2026-07-25 09:14:39.510.
	 Executed 1 test, with 0 failures (0 unexpected) in 11.111 (11.115) seconds
2026-07-25 09:14:39.800 xcodebuild[8324:3112915] [MT] IDETestOperationsObserverDebug: 14.703 elapsed -- Testing started completed.
2026-07-25 09:14:39.800 xcodebuild[8324:3112915] [MT] IDETestOperationsObserverDebug: 0.000 sec, +0.000 sec -- start
2026-07-25 09:14:39.800 xcodebuild[8324:3112915] [MT] IDETestOperationsObserverDebug: 14.703 sec, +14.703 sec -- end

Test session results, code coverage, and logs:
	/Users/dadederk/Library/Developer/Xcode/DerivedData/RetroRacing-dvbcfpydhzoqgmcruczvsmobktgj/Logs/Test/Test-RetroRacingUniversal-2026.07.25_09-14-25-+0200.xcresult

** TEST EXECUTE SUCCEEDED **

Testing started
An error was encountered processing the command (domain=com.apple.CoreSimulator.SimError, code=405):
Unable to boot device in current state: Booted
Monitoring boot status for iPad Pro 13-inch (M5) (BCC4396C-8DD3-4835-A5D9-E7146BBA33F3).
Device already booted, nothing to do.

Command line invocation:
    /Applications/Xcode-beta.app/Contents/Developer/usr/bin/xcodebuild test-without-building -project /Users/dadederk/Developer/RetroRacing/RetroRacing/RetroRacing.xcodeproj -scheme RetroRacingUniversal -destination "platform=iOS Simulator,id=BCC4396C-8DD3-4835-A5D9-E7146BBA33F3" "-only-testing:RetroRacingUniversalUITests/AppStoreScreenshotTests/testCaptureConfiguredScreenshot" -parallel-testing-enabled NO

Resolve Package Graph


Resolved source packages:
  ArcadeAudioKit: /Users/dadederk/Developer/ArcadeAudioKit @ local

2026-07-25 09:14:43.559313+0200 RetroRacingUniversalUITests-Runner[8877:3115939] [Default] Running tests...
2026-07-25 09:14:43.586957+0200 RetroRacingUniversalUITests-Runner[8877:3115939] [UIKit App Config] Update the Info.plist: Launch screens will soon be required.
    t =      nans Interface orientation changed to Landscape Left
Test Suite 'Selected tests' started at 2026-07-25 09:14:45.699.
Test Suite 'RetroRacingUniversalUITests.xctest' started at 2026-07-25 09:14:45.699.
Test Suite 'AppStoreScreenshotTests' started at 2026-07-25 09:14:45.700.
Test Case '-[RetroRacingUniversalUITests.AppStoreScreenshotTests testCaptureConfiguredScreenshot]' started.
    t =     0.00s Start Test at 2026-07-25 09:14:45.702
    t =     0.03s Set Up
    t =     0.03s     Setting device orientation to Landscape Right
    t =     0.04s         Wait for com.apple.springboard to idle
objc[8877]: Class UIAccessibilityLoaderWebShared is implemented in both /Library/Developer/CoreSimulator/Volumes/iOS_24A5355p/Library/Developer/CoreSimulator/Profiles/Runtimes/iOS 27.0.simruntime/Contents/Resources/RuntimeRoot/System/Library/AccessibilityBundles/WebKit.axbundle/WebKit (0x10a118398) and /Library/Developer/CoreSimulator/Volumes/iOS_24A5355p/Library/Developer/CoreSimulator/Profiles/Runtimes/iOS 27.0.simruntime/Contents/Resources/RuntimeRoot/System/Library/AccessibilityBundles/WebCore.axbundle/WebCore (0x10a47c310). This may cause spurious casting failures and mysterious crashes. One of the duplicates must be removed or renamed.
Screenshot capture plan: ca_5 -> /Users/dadederk/Developer/RetroRacing/.build/screenshot-capture/ipad/ca_5.jpeg
    t =     1.58s Open com.accessibilityUpTo11.RetroRacing
    t =     1.58s     Launch com.accessibilityUpTo11.RetroRacing
2026-07-25 09:14:47.339 xcodebuild[8860:3115720] [MT] IDELaunchParametersSnapshot: debugger version lookup failed for path '<nil>': noURL
2026-07-25 09:14:47.339 xcodebuild[8860:3115720] [MT] IDELaunchParametersSnapshot: no debugger version
    t =     2.46s         Setting up automation session
    t =     5.05s         Wait for com.accessibilityUpTo11.RetroRacing to idle
    t =     6.69s Waiting 45.0s for "screenshot-ready-slide-5" Any to exist
    t =     7.73s     Checking `Expect predicate `existsNoRetry == 1` for object "screenshot-ready-slide-5" Any`
    t =     7.73s         Checking existence of `"screenshot-ready-slide-5" Any`
    t =     7.77s Checking existence of `"screenshot-ready-slide-5" Any`
    t =     7.78s Requesting snapshot of accessibility hierarchy for app with pid 9000
    t =     7.88s Requesting snapshot of accessibility hierarchy for app with pid 9000
Saving iPad landscape capture at 2752x2064 (ca_5.jpeg)
    t =     9.76s Terminate com.accessibilityUpTo11.RetroRacing:9000
    t =    10.83s Tear Down
Test Case '-[RetroRacingUniversalUITests.AppStoreScreenshotTests testCaptureConfiguredScreenshot]' passed (10.918 seconds).
Test Suite 'AppStoreScreenshotTests' passed at 2026-07-25 09:14:56.620.
	 Executed 1 test, with 0 failures (0 unexpected) in 10.918 (10.921) seconds
Test Suite 'RetroRacingUniversalUITests.xctest' passed at 2026-07-25 09:14:56.621.
	 Executed 1 test, with 0 failures (0 unexpected) in 10.918 (10.922) seconds
Test Suite 'Selected tests' passed at 2026-07-25 09:14:56.625.
	 Executed 1 test, with 0 failures (0 unexpected) in 10.918 (10.925) seconds
2026-07-25 09:14:56.909 xcodebuild[8860:3115720] [MT] IDETestOperationsObserverDebug: 14.344 elapsed -- Testing started completed.
2026-07-25 09:14:56.909 xcodebuild[8860:3115720] [MT] IDETestOperationsObserverDebug: 0.000 sec, +0.000 sec -- start
2026-07-25 09:14:56.909 xcodebuild[8860:3115720] [MT] IDETestOperationsObserverDebug: 14.344 sec, +14.344 sec -- end

Test session results, code coverage, and logs:
	/Users/dadederk/Library/Developer/Xcode/DerivedData/RetroRacing-dvbcfpydhzoqgmcruczvsmobktgj/Logs/Test/Test-RetroRacingUniversal-2026.07.25_09-14-42-+0200.xcresult

** TEST EXECUTE SUCCEEDED **

Testing started
An error was encountered processing the command (domain=com.apple.CoreSimulator.SimError, code=405):
Unable to boot device in current state: Booted
Monitoring boot status for iPad Pro 13-inch (M5) (BCC4396C-8DD3-4835-A5D9-E7146BBA33F3).
Device already booted, nothing to do.

Command line invocation:
    /Applications/Xcode-beta.app/Contents/Developer/usr/bin/xcodebuild test-without-building -project /Users/dadederk/Developer/RetroRacing/RetroRacing/RetroRacing.xcodeproj -scheme RetroRacingUniversal -destination "platform=iOS Simulator,id=BCC4396C-8DD3-4835-A5D9-E7146BBA33F3" "-only-testing:RetroRacingUniversalUITests/AppStoreScreenshotTests/testCaptureConfiguredScreenshot" -parallel-testing-enabled NO

Resolve Package Graph


Resolved source packages:
  ArcadeAudioKit: /Users/dadederk/Developer/ArcadeAudioKit @ local

2026-07-25 09:15:00.688507+0200 RetroRacingUniversalUITests-Runner[9400:3118424] [Default] Running tests...
2026-07-25 09:15:00.717108+0200 RetroRacingUniversalUITests-Runner[9400:3118424] [UIKit App Config] Update the Info.plist: Launch screens will soon be required.
    t =      nans Interface orientation changed to Landscape Left
Test Suite 'Selected tests' started at 2026-07-25 09:15:02.852.
Test Suite 'RetroRacingUniversalUITests.xctest' started at 2026-07-25 09:15:02.853.
Test Suite 'AppStoreScreenshotTests' started at 2026-07-25 09:15:02.853.
Test Case '-[RetroRacingUniversalUITests.AppStoreScreenshotTests testCaptureConfiguredScreenshot]' started.
    t =     0.00s Start Test at 2026-07-25 09:15:02.855
    t =     0.03s Set Up
    t =     0.03s     Setting device orientation to Landscape Right
    t =     0.03s         Wait for com.apple.springboard to idle
objc[9400]: Class UIAccessibilityLoaderWebShared is implemented in both /Library/Developer/CoreSimulator/Volumes/iOS_24A5355p/Library/Developer/CoreSimulator/Profiles/Runtimes/iOS 27.0.simruntime/Contents/Resources/RuntimeRoot/System/Library/AccessibilityBundles/WebKit.axbundle/WebKit (0x106474398) and /Library/Developer/CoreSimulator/Volumes/iOS_24A5355p/Library/Developer/CoreSimulator/Profiles/Runtimes/iOS 27.0.simruntime/Contents/Resources/RuntimeRoot/System/Library/AccessibilityBundles/WebCore.axbundle/WebCore (0x1065b8310). This may cause spurious casting failures and mysterious crashes. One of the duplicates must be removed or renamed.
Screenshot capture plan: ca_6 -> /Users/dadederk/Developer/RetroRacing/.build/screenshot-capture/ipad/ca_6.jpeg
    t =     1.57s Open com.accessibilityUpTo11.RetroRacing
    t =     1.57s     Launch com.accessibilityUpTo11.RetroRacing
2026-07-25 09:15:04.483 xcodebuild[9387:3118185] [MT] IDELaunchParametersSnapshot: debugger version lookup failed for path '<nil>': noURL
2026-07-25 09:15:04.483 xcodebuild[9387:3118185] [MT] IDELaunchParametersSnapshot: no debugger version
    t =     2.45s         Setting up automation session
    t =     5.04s         Wait for com.accessibilityUpTo11.RetroRacing to idle
    t =     7.04s Waiting 45.0s for "screenshot-ready-slide-6" Any to exist
    t =     8.08s     Checking `Expect predicate `existsNoRetry == 1` for object "screenshot-ready-slide-6" Any`
    t =     8.08s         Checking existence of `"screenshot-ready-slide-6" Any`
    t =     8.11s Checking existence of `"screenshot-ready-slide-6" Any`
    t =     8.14s Requesting snapshot of accessibility hierarchy for app with pid 9531
    t =     8.46s Requesting snapshot of accessibility hierarchy for app with pid 9531
Saving iPad landscape capture at 2752x2064 (ca_6.jpeg)
    t =    10.37s Terminate com.accessibilityUpTo11.RetroRacing:9531
    t =    11.45s Tear Down
Test Case '-[RetroRacingUniversalUITests.AppStoreScreenshotTests testCaptureConfiguredScreenshot]' passed (11.481 seconds).
Test Suite 'AppStoreScreenshotTests' passed at 2026-07-25 09:15:14.336.
	 Executed 1 test, with 0 failures (0 unexpected) in 11.481 (11.483) seconds
Test Suite 'RetroRacingUniversalUITests.xctest' passed at 2026-07-25 09:15:14.337.
	 Executed 1 test, with 0 failures (0 unexpected) in 11.481 (11.484) seconds
Test Suite 'Selected tests' passed at 2026-07-25 09:15:14.338.
	 Executed 1 test, with 0 failures (0 unexpected) in 11.481 (11.485) seconds
2026-07-25 09:15:14.619 xcodebuild[9387:3118185] [MT] IDETestOperationsObserverDebug: 14.918 elapsed -- Testing started completed.
2026-07-25 09:15:14.619 xcodebuild[9387:3118185] [MT] IDETestOperationsObserverDebug: 0.000 sec, +0.000 sec -- start
2026-07-25 09:15:14.619 xcodebuild[9387:3118185] [MT] IDETestOperationsObserverDebug: 14.918 sec, +14.918 sec -- end

Test session results, code coverage, and logs:
	/Users/dadederk/Library/Developer/Xcode/DerivedData/RetroRacing-dvbcfpydhzoqgmcruczvsmobktgj/Logs/Test/Test-RetroRacingUniversal-2026.07.25_09-14-59-+0200.xcresult

** TEST EXECUTE SUCCEEDED **

Testing started
An error was encountered processing the command (domain=com.apple.CoreSimulator.SimError, code=405):
Unable to boot device in current state: Booted
Monitoring boot status for iPad Pro 13-inch (M5) (BCC4396C-8DD3-4835-A5D9-E7146BBA33F3).
Device already booted, nothing to do.

Command line invocation:
    /Applications/Xcode-beta.app/Contents/Developer/usr/bin/xcodebuild test-without-building -project /Users/dadederk/Developer/RetroRacing/RetroRacing/RetroRacing.xcodeproj -scheme RetroRacingUniversal -destination "platform=iOS Simulator,id=BCC4396C-8DD3-4835-A5D9-E7146BBA33F3" "-only-testing:RetroRacingUniversalUITests/AppStoreScreenshotTests/testCaptureConfiguredScreenshot" -parallel-testing-enabled NO

Resolve Package Graph


Resolved source packages:
  ArcadeAudioKit: /Users/dadederk/Developer/ArcadeAudioKit @ local

2026-07-25 09:15:18.148271+0200 RetroRacingUniversalUITests-Runner[9925:3120850] [Default] Running tests...
2026-07-25 09:15:18.164742+0200 RetroRacingUniversalUITests-Runner[9925:3120850] [UIKit App Config] Update the Info.plist: Launch screens will soon be required.
    t =      nans Interface orientation changed to Landscape Left
Test Suite 'Selected tests' started at 2026-07-25 09:15:20.298.
Test Suite 'RetroRacingUniversalUITests.xctest' started at 2026-07-25 09:15:20.299.
Test Suite 'AppStoreScreenshotTests' started at 2026-07-25 09:15:20.299.
Test Case '-[RetroRacingUniversalUITests.AppStoreScreenshotTests testCaptureConfiguredScreenshot]' started.
    t =     0.00s Start Test at 2026-07-25 09:15:20.301
    t =     0.03s Set Up
    t =     0.03s     Setting device orientation to Landscape Right
    t =     0.03s         Wait for com.apple.springboard to idle
objc[9925]: Class UIAccessibilityLoaderWebShared is implemented in both /Library/Developer/CoreSimulator/Volumes/iOS_24A5355p/Library/Developer/CoreSimulator/Profiles/Runtimes/iOS 27.0.simruntime/Contents/Resources/RuntimeRoot/System/Library/AccessibilityBundles/WebKit.axbundle/WebKit (0x108acc398) and /Library/Developer/CoreSimulator/Volumes/iOS_24A5355p/Library/Developer/CoreSimulator/Profiles/Runtimes/iOS 27.0.simruntime/Contents/Resources/RuntimeRoot/System/Library/AccessibilityBundles/WebCore.axbundle/WebCore (0x108e2c310). This may cause spurious casting failures and mysterious crashes. One of the duplicates must be removed or renamed.
Screenshot capture plan: ca_7 -> /Users/dadederk/Developer/RetroRacing/.build/screenshot-capture/ipad/ca_7.jpeg
    t =     1.57s Open com.accessibilityUpTo11.RetroRacing
    t =     1.57s     Launch com.accessibilityUpTo11.RetroRacing
2026-07-25 09:15:21.941 xcodebuild[9912:3120617] [MT] IDELaunchParametersSnapshot: debugger version lookup failed for path '<nil>': noURL
2026-07-25 09:15:21.941 xcodebuild[9912:3120617] [MT] IDELaunchParametersSnapshot: no debugger version
    t =     2.26s         Setting up automation session
    t =     5.01s         Wait for com.accessibilityUpTo11.RetroRacing to idle
    t =     6.67s Waiting 45.0s for "screenshot-ready-slide-7" Any to exist
    t =     7.71s     Checking `Expect predicate `existsNoRetry == 1` for object "screenshot-ready-slide-7" Any`
    t =     7.71s         Checking existence of `"screenshot-ready-slide-7" Any`
    t =     7.74s Checking existence of `"screenshot-ready-slide-7" Any`
    t =     7.75s Requesting snapshot of accessibility hierarchy for app with pid 10054
    t =     7.85s Requesting snapshot of accessibility hierarchy for app with pid 10054
Saving iPad landscape capture at 2752x2064 (ca_7.jpeg)
    t =     9.75s Terminate com.accessibilityUpTo11.RetroRacing:10054
    t =    10.80s Tear Down
Test Case '-[RetroRacingUniversalUITests.AppStoreScreenshotTests testCaptureConfiguredScreenshot]' passed (10.917 seconds).
Test Suite 'AppStoreScreenshotTests' passed at 2026-07-25 09:15:31.219.
	 Executed 1 test, with 0 failures (0 unexpected) in 10.917 (10.920) seconds
Test Suite 'RetroRacingUniversalUITests.xctest' passed at 2026-07-25 09:15:31.219.
	 Executed 1 test, with 0 failures (0 unexpected) in 10.917 (10.921) seconds
Test Suite 'Selected tests' passed at 2026-07-25 09:15:31.220.
	 Executed 1 test, with 0 failures (0 unexpected) in 10.917 (10.922) seconds
2026-07-25 09:15:31.504 xcodebuild[9912:3120617] [MT] IDETestOperationsObserverDebug: 14.365 elapsed -- Testing started completed.
2026-07-25 09:15:31.504 xcodebuild[9912:3120617] [MT] IDETestOperationsObserverDebug: 0.000 sec, +0.000 sec -- start
2026-07-25 09:15:31.504 xcodebuild[9912:3120617] [MT] IDETestOperationsObserverDebug: 14.365 sec, +14.365 sec -- end

Test session results, code coverage, and logs:
	/Users/dadederk/Library/Developer/Xcode/DerivedData/RetroRacing-dvbcfpydhzoqgmcruczvsmobktgj/Logs/Test/Test-RetroRacingUniversal-2026.07.25_09-15-17-+0200.xcresult

** TEST EXECUTE SUCCEEDED **

Testing started
An error was encountered processing the command (domain=com.apple.CoreSimulator.SimError, code=405):
Unable to boot device in current state: Booted
Monitoring boot status for iPad Pro 13-inch (M5) (BCC4396C-8DD3-4835-A5D9-E7146BBA33F3).
Device already booted, nothing to do.

Command line invocation:
    /Applications/Xcode-beta.app/Contents/Developer/usr/bin/xcodebuild test-without-building -project /Users/dadederk/Developer/RetroRacing/RetroRacing/RetroRacing.xcodeproj -scheme RetroRacingUniversal -destination "platform=iOS Simulator,id=BCC4396C-8DD3-4835-A5D9-E7146BBA33F3" "-only-testing:RetroRacingUniversalUITests/AppStoreScreenshotTests/testCaptureConfiguredScreenshot" -parallel-testing-enabled NO

Resolve Package Graph


Resolved source packages:
  ArcadeAudioKit: /Users/dadederk/Developer/ArcadeAudioKit @ local

2026-07-25 09:15:35.310230+0200 RetroRacingUniversalUITests-Runner[10452:3123469] [Default] Running tests...
2026-07-25 09:15:35.338334+0200 RetroRacingUniversalUITests-Runner[10452:3123469] [UIKit App Config] Update the Info.plist: Launch screens will soon be required.
    t =      nans Interface orientation changed to Landscape Left
Test Suite 'Selected tests' started at 2026-07-25 09:15:37.476.
Test Suite 'RetroRacingUniversalUITests.xctest' started at 2026-07-25 09:15:37.476.
Test Suite 'AppStoreScreenshotTests' started at 2026-07-25 09:15:37.476.
Test Case '-[RetroRacingUniversalUITests.AppStoreScreenshotTests testCaptureConfiguredScreenshot]' started.
    t =     0.00s Start Test at 2026-07-25 09:15:37.478
    t =     0.03s Set Up
    t =     0.03s     Setting device orientation to Landscape Right
    t =     0.04s         Wait for com.apple.springboard to idle
objc[10452]: Class UIAccessibilityLoaderWebShared is implemented in both /Library/Developer/CoreSimulator/Volumes/iOS_24A5355p/Library/Developer/CoreSimulator/Profiles/Runtimes/iOS 27.0.simruntime/Contents/Resources/RuntimeRoot/System/Library/AccessibilityBundles/WebKit.axbundle/WebKit (0x1084f8398) and /Library/Developer/CoreSimulator/Volumes/iOS_24A5355p/Library/Developer/CoreSimulator/Profiles/Runtimes/iOS 27.0.simruntime/Contents/Resources/RuntimeRoot/System/Library/AccessibilityBundles/WebCore.axbundle/WebCore (0x10885c310). This may cause spurious casting failures and mysterious crashes. One of the duplicates must be removed or renamed.
Screenshot capture plan: ca_8 -> /Users/dadederk/Developer/RetroRacing/.build/screenshot-capture/ipad/ca_8.jpeg
    t =     1.58s Open com.accessibilityUpTo11.RetroRacing
    t =     1.58s     Launch com.accessibilityUpTo11.RetroRacing
2026-07-25 09:15:39.116 xcodebuild[10438:3123248] [MT] IDELaunchParametersSnapshot: debugger version lookup failed for path '<nil>': noURL
2026-07-25 09:15:39.116 xcodebuild[10438:3123248] [MT] IDELaunchParametersSnapshot: no debugger version
    t =     2.46s         Setting up automation session
    t =     5.05s         Wait for com.accessibilityUpTo11.RetroRacing to idle
    t =     6.76s Waiting 45.0s for "screenshot-ready-slide-8" Any to exist
    t =     7.80s     Checking `Expect predicate `existsNoRetry == 1` for object "screenshot-ready-slide-8" Any`
    t =     7.80s         Checking existence of `"screenshot-ready-slide-8" Any`
    t =     7.83s Checking existence of `"screenshot-ready-slide-8" Any`
    t =     7.85s Requesting snapshot of accessibility hierarchy for app with pid 10583
    t =     8.01s Requesting snapshot of accessibility hierarchy for app with pid 10583
Saving iPad landscape capture at 2752x2064 (ca_8.jpeg)
    t =     9.91s Terminate com.accessibilityUpTo11.RetroRacing:10583
    t =    10.97s Tear Down
Test Case '-[RetroRacingUniversalUITests.AppStoreScreenshotTests testCaptureConfiguredScreenshot]' passed (11.039 seconds).
Test Suite 'AppStoreScreenshotTests' passed at 2026-07-25 09:15:48.518.
	 Executed 1 test, with 0 failures (0 unexpected) in 11.039 (11.042) seconds
Test Suite 'RetroRacingUniversalUITests.xctest' passed at 2026-07-25 09:15:48.519.
	 Executed 1 test, with 0 failures (0 unexpected) in 11.039 (11.043) seconds
Test Suite 'Selected tests' passed at 2026-07-25 09:15:48.519.
	 Executed 1 test, with 0 failures (0 unexpected) in 11.039 (11.044) seconds
2026-07-25 09:15:48.808 xcodebuild[10438:3123248] [MT] IDETestOperationsObserverDebug: 14.511 elapsed -- Testing started completed.
2026-07-25 09:15:48.808 xcodebuild[10438:3123248] [MT] IDETestOperationsObserverDebug: 0.000 sec, +0.000 sec -- start
2026-07-25 09:15:48.808 xcodebuild[10438:3123248] [MT] IDETestOperationsObserverDebug: 14.511 sec, +14.511 sec -- end

Test session results, code coverage, and logs:
	/Users/dadederk/Library/Developer/Xcode/DerivedData/RetroRacing-dvbcfpydhzoqgmcruczvsmobktgj/Logs/Test/Test-RetroRacingUniversal-2026.07.25_09-15-34-+0200.xcresult

** TEST EXECUTE SUCCEEDED **

Testing started
An error was encountered processing the command (domain=com.apple.CoreSimulator.SimError, code=405):
Unable to boot device in current state: Booted
Monitoring boot status for iPad Pro 13-inch (M5) (BCC4396C-8DD3-4835-A5D9-E7146BBA33F3).
Device already booted, nothing to do.

Command line invocation:
    /Applications/Xcode-beta.app/Contents/Developer/usr/bin/xcodebuild test-without-building -project /Users/dadederk/Developer/RetroRacing/RetroRacing/RetroRacing.xcodeproj -scheme RetroRacingUniversal -destination "platform=iOS Simulator,id=BCC4396C-8DD3-4835-A5D9-E7146BBA33F3" "-only-testing:RetroRacingUniversalUITests/AppStoreScreenshotTests/testCaptureConfiguredScreenshot" -parallel-testing-enabled NO

Resolve Package Graph


Resolved source packages:
  ArcadeAudioKit: /Users/dadederk/Developer/ArcadeAudioKit @ local

2026-07-25 09:15:52.608864+0200 RetroRacingUniversalUITests-Runner[10978:3125949] [Default] Running tests...
2026-07-25 09:15:52.639420+0200 RetroRacingUniversalUITests-Runner[10978:3125949] [UIKit App Config] Update the Info.plist: Launch screens will soon be required.
    t =      nans Interface orientation changed to Landscape Left
Test Suite 'Selected tests' started at 2026-07-25 09:15:54.785.
Test Suite 'RetroRacingUniversalUITests.xctest' started at 2026-07-25 09:15:54.786.
Test Suite 'AppStoreScreenshotTests' started at 2026-07-25 09:15:54.786.
Test Case '-[RetroRacingUniversalUITests.AppStoreScreenshotTests testCaptureConfiguredScreenshot]' started.
    t =     0.00s Start Test at 2026-07-25 09:15:54.788
    t =     0.03s Set Up
    t =     0.03s     Setting device orientation to Landscape Right
    t =     0.04s         Wait for com.apple.springboard to idle
objc[10978]: Class UIAccessibilityLoaderWebShared is implemented in both /Library/Developer/CoreSimulator/Volumes/iOS_24A5355p/Library/Developer/CoreSimulator/Profiles/Runtimes/iOS 27.0.simruntime/Contents/Resources/RuntimeRoot/System/Library/AccessibilityBundles/WebKit.axbundle/WebKit (0x1068a8398) and /Library/Developer/CoreSimulator/Volumes/iOS_24A5355p/Library/Developer/CoreSimulator/Profiles/Runtimes/iOS 27.0.simruntime/Contents/Resources/RuntimeRoot/System/Library/AccessibilityBundles/WebCore.axbundle/WebCore (0x106bf8310). This may cause spurious casting failures and mysterious crashes. One of the duplicates must be removed or renamed.
Screenshot capture plan: de-DE_4 -> /Users/dadederk/Developer/RetroRacing/.build/screenshot-capture/ipad/de-DE_4.jpeg
    t =     1.58s Open com.accessibilityUpTo11.RetroRacing
    t =     1.58s     Launch com.accessibilityUpTo11.RetroRacing
2026-07-25 09:15:56.428 xcodebuild[10961:3125708] [MT] IDELaunchParametersSnapshot: debugger version lookup failed for path '<nil>': noURL
2026-07-25 09:15:56.428 xcodebuild[10961:3125708] [MT] IDELaunchParametersSnapshot: no debugger version
    t =     2.46s         Setting up automation session
    t =     5.04s         Wait for com.accessibilityUpTo11.RetroRacing to idle
    t =     6.76s Waiting 45.0s for "screenshot-ready-slide-4" Any to exist
    t =     7.82s     Checking `Expect predicate `existsNoRetry == 1` for object "screenshot-ready-slide-4" Any`
    t =     7.82s         Checking existence of `"screenshot-ready-slide-4" Any`
    t =     7.97s Checking existence of `"screenshot-ready-slide-4" Any`
    t =     8.02s Requesting snapshot of accessibility hierarchy for app with pid 11111
    t =     8.36s Requesting snapshot of accessibility hierarchy for app with pid 11111
Saving iPad landscape capture at 2752x2064 (de-DE_4.jpeg)
    t =    10.67s Terminate com.accessibilityUpTo11.RetroRacing:11111
    t =    11.73s Tear Down
Test Case '-[RetroRacingUniversalUITests.AppStoreScreenshotTests testCaptureConfiguredScreenshot]' passed (11.769 seconds).
Test Suite 'AppStoreScreenshotTests' passed at 2026-07-25 09:16:06.559.
	 Executed 1 test, with 0 failures (0 unexpected) in 11.769 (11.773) seconds
Test Suite 'RetroRacingUniversalUITests.xctest' passed at 2026-07-25 09:16:06.560.
	 Executed 1 test, with 0 failures (0 unexpected) in 11.769 (11.775) seconds
Test Suite 'Selected tests' passed at 2026-07-25 09:16:06.561.
	 Executed 1 test, with 0 failures (0 unexpected) in 11.769 (11.776) seconds
2026-07-25 09:16:06.880 xcodebuild[10961:3125708] [MT] IDETestOperationsObserverDebug: 15.270 elapsed -- Testing started completed.
2026-07-25 09:16:06.880 xcodebuild[10961:3125708] [MT] IDETestOperationsObserverDebug: 0.000 sec, +0.000 sec -- start
2026-07-25 09:16:06.880 xcodebuild[10961:3125708] [MT] IDETestOperationsObserverDebug: 15.270 sec, +15.270 sec -- end

Test session results, code coverage, and logs:
	/Users/dadederk/Library/Developer/Xcode/DerivedData/RetroRacing-dvbcfpydhzoqgmcruczvsmobktgj/Logs/Test/Test-RetroRacingUniversal-2026.07.25_09-15-51-+0200.xcresult

** TEST EXECUTE SUCCEEDED **

Testing started
An error was encountered processing the command (domain=com.apple.CoreSimulator.SimError, code=405):
Unable to boot device in current state: Booted
Monitoring boot status for iPad Pro 13-inch (M5) (BCC4396C-8DD3-4835-A5D9-E7146BBA33F3).
Device already booted, nothing to do.

Command line invocation:
    /Applications/Xcode-beta.app/Contents/Developer/usr/bin/xcodebuild test-without-building -project /Users/dadederk/Developer/RetroRacing/RetroRacing/RetroRacing.xcodeproj -scheme RetroRacingUniversal -destination "platform=iOS Simulator,id=BCC4396C-8DD3-4835-A5D9-E7146BBA33F3" "-only-testing:RetroRacingUniversalUITests/AppStoreScreenshotTests/testCaptureConfiguredScreenshot" -parallel-testing-enabled NO

Resolve Package Graph


Resolved source packages:
  ArcadeAudioKit: /Users/dadederk/Developer/ArcadeAudioKit @ local

2026-07-25 09:16:14.296819+0200 RetroRacingUniversalUITests-Runner[11619:3130184] [Default] Running tests...
2026-07-25 09:16:14.314522+0200 RetroRacingUniversalUITests-Runner[11619:3130184] [UIKit App Config] Update the Info.plist: Launch screens will soon be required.
    t =      nans Interface orientation changed to Landscape Left
Test Suite 'Selected tests' started at 2026-07-25 09:16:16.461.
Test Suite 'RetroRacingUniversalUITests.xctest' started at 2026-07-25 09:16:16.462.
Test Suite 'AppStoreScreenshotTests' started at 2026-07-25 09:16:16.462.
Test Case '-[RetroRacingUniversalUITests.AppStoreScreenshotTests testCaptureConfiguredScreenshot]' started.
    t =     0.00s Start Test at 2026-07-25 09:16:16.463
    t =     0.03s Set Up
    t =     0.03s     Setting device orientation to Landscape Right
    t =     0.03s         Wait for com.apple.springboard to idle
objc[11619]: Class UIAccessibilityLoaderWebShared is implemented in both /Library/Developer/CoreSimulator/Volumes/iOS_24A5355p/Library/Developer/CoreSimulator/Profiles/Runtimes/iOS 27.0.simruntime/Contents/Resources/RuntimeRoot/System/Library/AccessibilityBundles/WebKit.axbundle/WebKit (0x10afec398) and /Library/Developer/CoreSimulator/Volumes/iOS_24A5355p/Library/Developer/CoreSimulator/Profiles/Runtimes/iOS 27.0.simruntime/Contents/Resources/RuntimeRoot/System/Library/AccessibilityBundles/WebCore.axbundle/WebCore (0x10b130310). This may cause spurious casting failures and mysterious crashes. One of the duplicates must be removed or renamed.
Screenshot capture plan: de-DE_5 -> /Users/dadederk/Developer/RetroRacing/.build/screenshot-capture/ipad/de-DE_5.jpeg
    t =     1.56s Open com.accessibilityUpTo11.RetroRacing
    t =     1.56s     Launch com.accessibilityUpTo11.RetroRacing
2026-07-25 09:16:18.095 xcodebuild[11562:3129708] [MT] IDELaunchParametersSnapshot: debugger version lookup failed for path '<nil>': noURL
2026-07-25 09:16:18.095 xcodebuild[11562:3129708] [MT] IDELaunchParametersSnapshot: no debugger version
    t =     2.46s         Setting up automation session
    t =     5.17s         Wait for com.accessibilityUpTo11.RetroRacing to idle
    t =     6.80s Waiting 45.0s for "screenshot-ready-slide-5" Any to exist
    t =     7.84s     Checking `Expect predicate `existsNoRetry == 1` for object "screenshot-ready-slide-5" Any`
    t =     7.84s         Checking existence of `"screenshot-ready-slide-5" Any`
    t =     7.88s Checking existence of `"screenshot-ready-slide-5" Any`
    t =     7.89s Requesting snapshot of accessibility hierarchy for app with pid 11804
    t =     8.01s Requesting snapshot of accessibility hierarchy for app with pid 11804
Saving iPad landscape capture at 2752x2064 (de-DE_5.jpeg)
    t =     9.92s Terminate com.accessibilityUpTo11.RetroRacing:11804
    t =    10.99s Tear Down
Test Case '-[RetroRacingUniversalUITests.AppStoreScreenshotTests testCaptureConfiguredScreenshot]' passed (11.028 seconds).
Test Suite 'AppStoreScreenshotTests' passed at 2026-07-25 09:16:27.492.
	 Executed 1 test, with 0 failures (0 unexpected) in 11.028 (11.030) seconds
Test Suite 'RetroRacingUniversalUITests.xctest' passed at 2026-07-25 09:16:27.493.
	 Executed 1 test, with 0 failures (0 unexpected) in 11.028 (11.031) seconds
Test Suite 'Selected tests' passed at 2026-07-25 09:16:27.494.
	 Executed 1 test, with 0 failures (0 unexpected) in 11.028 (11.032) seconds
2026-07-25 09:16:27.779 xcodebuild[11562:3129708] [MT] IDETestOperationsObserverDebug: 14.941 elapsed -- Testing started completed.
2026-07-25 09:16:27.779 xcodebuild[11562:3129708] [MT] IDETestOperationsObserverDebug: 0.000 sec, +0.000 sec -- start
2026-07-25 09:16:27.779 xcodebuild[11562:3129708] [MT] IDETestOperationsObserverDebug: 14.941 sec, +14.941 sec -- end

Test session results, code coverage, and logs:
	/Users/dadederk/Library/Developer/Xcode/DerivedData/RetroRacing-dvbcfpydhzoqgmcruczvsmobktgj/Logs/Test/Test-RetroRacingUniversal-2026.07.25_09-16-12-+0200.xcresult

** TEST EXECUTE SUCCEEDED **

Testing started
An error was encountered processing the command (domain=com.apple.CoreSimulator.SimError, code=405):
Unable to boot device in current state: Booted
Monitoring boot status for iPad Pro 13-inch (M5) (BCC4396C-8DD3-4835-A5D9-E7146BBA33F3).
Device already booted, nothing to do.

Command line invocation:
    /Applications/Xcode-beta.app/Contents/Developer/usr/bin/xcodebuild test-without-building -project /Users/dadederk/Developer/RetroRacing/RetroRacing/RetroRacing.xcodeproj -scheme RetroRacingUniversal -destination "platform=iOS Simulator,id=BCC4396C-8DD3-4835-A5D9-E7146BBA33F3" "-only-testing:RetroRacingUniversalUITests/AppStoreScreenshotTests/testCaptureConfiguredScreenshot" -parallel-testing-enabled NO

Resolve Package Graph


Resolved source packages:
  ArcadeAudioKit: /Users/dadederk/Developer/ArcadeAudioKit @ local

2026-07-25 09:16:32.119148+0200 RetroRacingUniversalUITests-Runner[12176:3132999] [Default] Running tests...
2026-07-25 09:16:32.147670+0200 RetroRacingUniversalUITests-Runner[12176:3132999] [UIKit App Config] Update the Info.plist: Launch screens will soon be required.
    t =      nans Interface orientation changed to Landscape Left
Test Suite 'Selected tests' started at 2026-07-25 09:16:34.311.
Test Suite 'RetroRacingUniversalUITests.xctest' started at 2026-07-25 09:16:34.312.
Test Suite 'AppStoreScreenshotTests' started at 2026-07-25 09:16:34.312.
Test Case '-[RetroRacingUniversalUITests.AppStoreScreenshotTests testCaptureConfiguredScreenshot]' started.
    t =     0.00s Start Test at 2026-07-25 09:16:34.313
    t =     0.02s Set Up
    t =     0.03s     Setting device orientation to Landscape Right
    t =     0.03s         Wait for com.apple.springboard to idle
objc[12176]: Class UIAccessibilityLoaderWebShared is implemented in both /Library/Developer/CoreSimulator/Volumes/iOS_24A5355p/Library/Developer/CoreSimulator/Profiles/Runtimes/iOS 27.0.simruntime/Contents/Resources/RuntimeRoot/System/Library/AccessibilityBundles/WebKit.axbundle/WebKit (0x107d7c398) and /Library/Developer/CoreSimulator/Volumes/iOS_24A5355p/Library/Developer/CoreSimulator/Profiles/Runtimes/iOS 27.0.simruntime/Contents/Resources/RuntimeRoot/System/Library/AccessibilityBundles/WebCore.axbundle/WebCore (0x1080e0310). This may cause spurious casting failures and mysterious crashes. One of the duplicates must be removed or renamed.
Screenshot capture plan: de-DE_6 -> /Users/dadederk/Developer/RetroRacing/.build/screenshot-capture/ipad/de-DE_6.jpeg
    t =     1.56s Open com.accessibilityUpTo11.RetroRacing
    t =     1.56s     Launch com.accessibilityUpTo11.RetroRacing
2026-07-25 09:16:35.938 xcodebuild[12160:3132744] [MT] IDELaunchParametersSnapshot: debugger version lookup failed for path '<nil>': noURL
2026-07-25 09:16:35.938 xcodebuild[12160:3132744] [MT] IDELaunchParametersSnapshot: no debugger version
    t =     2.24s         Setting up automation session
    t =     5.24s         Wait for com.accessibilityUpTo11.RetroRacing to idle
    t =     7.17s Waiting 45.0s for "screenshot-ready-slide-6" Any to exist
    t =     8.21s     Checking `Expect predicate `existsNoRetry == 1` for object "screenshot-ready-slide-6" Any`
    t =     8.21s         Checking existence of `"screenshot-ready-slide-6" Any`
    t =     8.26s Checking existence of `"screenshot-ready-slide-6" Any`
    t =     8.30s Requesting snapshot of accessibility hierarchy for app with pid 12422
    t =     8.71s Requesting snapshot of accessibility hierarchy for app with pid 12422
Saving iPad landscape capture at 2752x2064 (de-DE_6.jpeg)
    t =    10.64s Terminate com.accessibilityUpTo11.RetroRacing:12422
    t =    11.71s Tear Down
Test Case '-[RetroRacingUniversalUITests.AppStoreScreenshotTests testCaptureConfiguredScreenshot]' passed (11.741 seconds).
Test Suite 'AppStoreScreenshotTests' passed at 2026-07-25 09:16:46.055.
	 Executed 1 test, with 0 failures (0 unexpected) in 11.741 (11.743) seconds
Test Suite 'RetroRacingUniversalUITests.xctest' passed at 2026-07-25 09:16:46.056.
	 Executed 1 test, with 0 failures (0 unexpected) in 11.741 (11.744) seconds
Test Suite 'Selected tests' passed at 2026-07-25 09:16:46.057.
	 Executed 1 test, with 0 failures (0 unexpected) in 11.741 (11.745) seconds
2026-07-25 09:16:46.342 xcodebuild[12160:3132744] [MT] IDETestOperationsObserverDebug: 15.153 elapsed -- Testing started completed.
2026-07-25 09:16:46.342 xcodebuild[12160:3132744] [MT] IDETestOperationsObserverDebug: 0.000 sec, +0.000 sec -- start
2026-07-25 09:16:46.342 xcodebuild[12160:3132744] [MT] IDETestOperationsObserverDebug: 15.153 sec, +15.153 sec -- end

Test session results, code coverage, and logs:
	/Users/dadederk/Library/Developer/Xcode/DerivedData/RetroRacing-dvbcfpydhzoqgmcruczvsmobktgj/Logs/Test/Test-RetroRacingUniversal-2026.07.25_09-16-31-+0200.xcresult

** TEST EXECUTE SUCCEEDED **

Testing started
An error was encountered processing the command (domain=com.apple.CoreSimulator.SimError, code=405):
Unable to boot device in current state: Booted
Monitoring boot status for iPad Pro 13-inch (M5) (BCC4396C-8DD3-4835-A5D9-E7146BBA33F3).
Device already booted, nothing to do.

Command line invocation:
    /Applications/Xcode-beta.app/Contents/Developer/usr/bin/xcodebuild test-without-building -project /Users/dadederk/Developer/RetroRacing/RetroRacing/RetroRacing.xcodeproj -scheme RetroRacingUniversal -destination "platform=iOS Simulator,id=BCC4396C-8DD3-4835-A5D9-E7146BBA33F3" "-only-testing:RetroRacingUniversalUITests/AppStoreScreenshotTests/testCaptureConfiguredScreenshot" -parallel-testing-enabled NO

Resolve Package Graph


Resolved source packages:
  ArcadeAudioKit: /Users/dadederk/Developer/ArcadeAudioKit @ local

2026-07-25 09:16:51.318092+0200 RetroRacingUniversalUITests-Runner[12915:3136416] [Default] Running tests...
2026-07-25 09:16:51.347011+0200 RetroRacingUniversalUITests-Runner[12915:3136416] [UIKit App Config] Update the Info.plist: Launch screens will soon be required.
    t =      nans Interface orientation changed to Landscape Left
Test Suite 'Selected tests' started at 2026-07-25 09:16:53.521.
Test Suite 'RetroRacingUniversalUITests.xctest' started at 2026-07-25 09:16:53.522.
Test Suite 'AppStoreScreenshotTests' started at 2026-07-25 09:16:53.522.
Test Case '-[RetroRacingUniversalUITests.AppStoreScreenshotTests testCaptureConfiguredScreenshot]' started.
    t =     0.00s Start Test at 2026-07-25 09:16:53.524
    t =     0.03s Set Up
    t =     0.03s     Setting device orientation to Landscape Right
    t =     0.03s         Wait for com.apple.springboard to idle
objc[12915]: Class UIAccessibilityLoaderWebShared is implemented in both /Library/Developer/CoreSimulator/Volumes/iOS_24A5355p/Library/Developer/CoreSimulator/Profiles/Runtimes/iOS 27.0.simruntime/Contents/Resources/RuntimeRoot/System/Library/AccessibilityBundles/WebKit.axbundle/WebKit (0x108514398) and /Library/Developer/CoreSimulator/Volumes/iOS_24A5355p/Library/Developer/CoreSimulator/Profiles/Runtimes/iOS 27.0.simruntime/Contents/Resources/RuntimeRoot/System/Library/AccessibilityBundles/WebCore.axbundle/WebCore (0x108658310). This may cause spurious casting failures and mysterious crashes. One of the duplicates must be removed or renamed.
Screenshot capture plan: de-DE_7 -> /Users/dadederk/Developer/RetroRacing/.build/screenshot-capture/ipad/de-DE_7.jpeg
    t =     1.57s Open com.accessibilityUpTo11.RetroRacing
    t =     1.57s     Launch com.accessibilityUpTo11.RetroRacing
2026-07-25 09:16:55.164 xcodebuild[12883:3135965] [MT] IDELaunchParametersSnapshot: debugger version lookup failed for path '<nil>': noURL
2026-07-25 09:16:55.164 xcodebuild[12883:3135965] [MT] IDELaunchParametersSnapshot: no debugger version
    t =     2.49s         Setting up automation session
    t =     5.28s         Wait for com.accessibilityUpTo11.RetroRacing to idle
    t =     6.94s Waiting 45.0s for "screenshot-ready-slide-7" Any to exist
    t =     7.97s     Checking `Expect predicate `existsNoRetry == 1` for object "screenshot-ready-slide-7" Any`
    t =     7.97s         Checking existence of `"screenshot-ready-slide-7" Any`
    t =     8.00s Checking existence of `"screenshot-ready-slide-7" Any`
    t =     8.02s Requesting snapshot of accessibility hierarchy for app with pid 13096
    t =     8.12s Requesting snapshot of accessibility hierarchy for app with pid 13096
Saving iPad landscape capture at 2752x2064 (de-DE_7.jpeg)
    t =    10.01s Terminate com.accessibilityUpTo11.RetroRacing:13096
    t =    11.08s Tear Down
Test Case '-[RetroRacingUniversalUITests.AppStoreScreenshotTests testCaptureConfiguredScreenshot]' passed (11.147 seconds).
Test Suite 'AppStoreScreenshotTests' passed at 2026-07-25 09:17:04.672.
	 Executed 1 test, with 0 failures (0 unexpected) in 11.147 (11.150) seconds
Test Suite 'RetroRacingUniversalUITests.xctest' passed at 2026-07-25 09:17:04.672.
	 Executed 1 test, with 0 failures (0 unexpected) in 11.147 (11.151) seconds
Test Suite 'Selected tests' passed at 2026-07-25 09:17:04.673.
	 Executed 1 test, with 0 failures (0 unexpected) in 11.147 (11.152) seconds
2026-07-25 09:17:04.961 xcodebuild[12883:3135965] [MT] IDETestOperationsObserverDebug: 14.835 elapsed -- Testing started completed.
2026-07-25 09:17:04.961 xcodebuild[12883:3135965] [MT] IDETestOperationsObserverDebug: 0.000 sec, +0.000 sec -- start
2026-07-25 09:17:04.961 xcodebuild[12883:3135965] [MT] IDETestOperationsObserverDebug: 14.835 sec, +14.835 sec -- end

Test session results, code coverage, and logs:
	/Users/dadederk/Library/Developer/Xcode/DerivedData/RetroRacing-dvbcfpydhzoqgmcruczvsmobktgj/Logs/Test/Test-RetroRacingUniversal-2026.07.25_09-16-50-+0200.xcresult

** TEST EXECUTE SUCCEEDED **

Testing started
An error was encountered processing the command (domain=com.apple.CoreSimulator.SimError, code=405):
Unable to boot device in current state: Booted
Monitoring boot status for iPad Pro 13-inch (M5) (BCC4396C-8DD3-4835-A5D9-E7146BBA33F3).
Device already booted, nothing to do.

Command line invocation:
    /Applications/Xcode-beta.app/Contents/Developer/usr/bin/xcodebuild test-without-building -project /Users/dadederk/Developer/RetroRacing/RetroRacing/RetroRacing.xcodeproj -scheme RetroRacingUniversal -destination "platform=iOS Simulator,id=BCC4396C-8DD3-4835-A5D9-E7146BBA33F3" "-only-testing:RetroRacingUniversalUITests/AppStoreScreenshotTests/testCaptureConfiguredScreenshot" -parallel-testing-enabled NO

Resolve Package Graph


Resolved source packages:
  ArcadeAudioKit: /Users/dadederk/Developer/ArcadeAudioKit @ local

2026-07-25 09:17:08.826142+0200 RetroRacingUniversalUITests-Runner[13498:3139139] [Default] Running tests...
2026-07-25 09:17:08.854417+0200 RetroRacingUniversalUITests-Runner[13498:3139139] [UIKit App Config] Update the Info.plist: Launch screens will soon be required.
    t =      nans Interface orientation changed to Landscape Left
Test Suite 'Selected tests' started at 2026-07-25 09:17:11.016.
Test Suite 'RetroRacingUniversalUITests.xctest' started at 2026-07-25 09:17:11.016.
Test Suite 'AppStoreScreenshotTests' started at 2026-07-25 09:17:11.017.
Test Case '-[RetroRacingUniversalUITests.AppStoreScreenshotTests testCaptureConfiguredScreenshot]' started.
    t =     0.00s Start Test at 2026-07-25 09:17:11.020
    t =     0.03s Set Up
    t =     0.03s     Setting device orientation to Landscape Right
    t =     0.04s         Wait for com.apple.springboard to idle
objc[13498]: Class UIAccessibilityLoaderWebShared is implemented in both /Library/Developer/CoreSimulator/Volumes/iOS_24A5355p/Library/Developer/CoreSimulator/Profiles/Runtimes/iOS 27.0.simruntime/Contents/Resources/RuntimeRoot/System/Library/AccessibilityBundles/WebKit.axbundle/WebKit (0x1068e4398) and /Library/Developer/CoreSimulator/Volumes/iOS_24A5355p/Library/Developer/CoreSimulator/Profiles/Runtimes/iOS 27.0.simruntime/Contents/Resources/RuntimeRoot/System/Library/AccessibilityBundles/WebCore.axbundle/WebCore (0x106c48310). This may cause spurious casting failures and mysterious crashes. One of the duplicates must be removed or renamed.
Screenshot capture plan: de-DE_8 -> /Users/dadederk/Developer/RetroRacing/.build/screenshot-capture/ipad/de-DE_8.jpeg
    t =     1.55s Open com.accessibilityUpTo11.RetroRacing
    t =     1.55s     Launch com.accessibilityUpTo11.RetroRacing
2026-07-25 09:17:12.638 xcodebuild[13485:3138857] [MT] IDELaunchParametersSnapshot: debugger version lookup failed for path '<nil>': noURL
2026-07-25 09:17:12.638 xcodebuild[13485:3138857] [MT] IDELaunchParametersSnapshot: no debugger version
    t =     2.24s         Setting up automation session
    t =     5.03s         Wait for com.accessibilityUpTo11.RetroRacing to idle
    t =     6.70s Waiting 45.0s for "screenshot-ready-slide-8" Any to exist
    t =     7.73s     Checking `Expect predicate `existsNoRetry == 1` for object "screenshot-ready-slide-8" Any`
    t =     7.73s         Checking existence of `"screenshot-ready-slide-8" Any`
    t =     7.78s Checking existence of `"screenshot-ready-slide-8" Any`
    t =     7.80s Requesting snapshot of accessibility hierarchy for app with pid 13673
    t =     7.93s Requesting snapshot of accessibility hierarchy for app with pid 13673
Saving iPad landscape capture at 2752x2064 (de-DE_8.jpeg)
    t =     9.83s Terminate com.accessibilityUpTo11.RetroRacing:13673
    t =    10.89s Tear Down
Test Case '-[RetroRacingUniversalUITests.AppStoreScreenshotTests testCaptureConfiguredScreenshot]' passed (10.924 seconds).
Test Suite 'AppStoreScreenshotTests' passed at 2026-07-25 09:17:21.944.
	 Executed 1 test, with 0 failures (0 unexpected) in 10.924 (10.927) seconds
Test Suite 'RetroRacingUniversalUITests.xctest' passed at 2026-07-25 09:17:21.945.
	 Executed 1 test, with 0 failures (0 unexpected) in 10.924 (10.929) seconds
Test Suite 'Selected tests' passed at 2026-07-25 09:17:21.946.
	 Executed 1 test, with 0 failures (0 unexpected) in 10.924 (10.930) seconds
2026-07-25 09:17:22.232 xcodebuild[13485:3138857] [MT] IDETestOperationsObserverDebug: 14.411 elapsed -- Testing started completed.
2026-07-25 09:17:22.232 xcodebuild[13485:3138857] [MT] IDETestOperationsObserverDebug: 0.000 sec, +0.000 sec -- start
2026-07-25 09:17:22.232 xcodebuild[13485:3138857] [MT] IDETestOperationsObserverDebug: 14.411 sec, +14.411 sec -- end

Test session results, code coverage, and logs:
	/Users/dadederk/Library/Developer/Xcode/DerivedData/RetroRacing-dvbcfpydhzoqgmcruczvsmobktgj/Logs/Test/Test-RetroRacingUniversal-2026.07.25_09-17-07-+0200.xcresult

** TEST EXECUTE SUCCEEDED **

Testing started
An error was encountered processing the command (domain=com.apple.CoreSimulator.SimError, code=405):
Unable to boot device in current state: Booted
Monitoring boot status for iPad Pro 13-inch (M5) (BCC4396C-8DD3-4835-A5D9-E7146BBA33F3).
Device already booted, nothing to do.

Command line invocation:
    /Applications/Xcode-beta.app/Contents/Developer/usr/bin/xcodebuild test-without-building -project /Users/dadederk/Developer/RetroRacing/RetroRacing/RetroRacing.xcodeproj -scheme RetroRacingUniversal -destination "platform=iOS Simulator,id=BCC4396C-8DD3-4835-A5D9-E7146BBA33F3" "-only-testing:RetroRacingUniversalUITests/AppStoreScreenshotTests/testCaptureConfiguredScreenshot" -parallel-testing-enabled NO

Resolve Package Graph


Resolved source packages:
  ArcadeAudioKit: /Users/dadederk/Developer/ArcadeAudioKit @ local

2026-07-25 09:17:26.280215+0200 RetroRacingUniversalUITests-Runner[14096:3142041] [Default] Running tests...
2026-07-25 09:17:26.296480+0200 RetroRacingUniversalUITests-Runner[14096:3142041] [UIKit App Config] Update the Info.plist: Launch screens will soon be required.
    t =      nans Interface orientation changed to Landscape Left
Test Suite 'Selected tests' started at 2026-07-25 09:17:28.315.
Test Suite 'RetroRacingUniversalUITests.xctest' started at 2026-07-25 09:17:28.316.
Test Suite 'AppStoreScreenshotTests' started at 2026-07-25 09:17:28.316.
Test Case '-[RetroRacingUniversalUITests.AppStoreScreenshotTests testCaptureConfiguredScreenshot]' started.
    t =     0.00s Start Test at 2026-07-25 09:17:28.317
    t =     0.03s Set Up
    t =     0.03s     Setting device orientation to Landscape Right
    t =     0.03s         Wait for com.apple.springboard to idle
Screenshot capture plan: nl-NL_4 -> /Users/dadederk/Developer/RetroRacing/.build/screenshot-capture/ipad/nl-NL_4.jpeg
    t =     1.55s Open com.accessibilityUpTo11.RetroRacing
    t =     1.55s     Launch com.accessibilityUpTo11.RetroRacing
2026-07-25 09:17:29.929 xcodebuild[14076:3141700] [MT] IDELaunchParametersSnapshot: debugger version lookup failed for path '<nil>': noURL
2026-07-25 09:17:29.929 xcodebuild[14076:3141700] [MT] IDELaunchParametersSnapshot: no debugger version
objc[14096]: Class UIAccessibilityLoaderWebShared is implemented in both /Library/Developer/CoreSimulator/Volumes/iOS_24A5355p/Library/Developer/CoreSimulator/Profiles/Runtimes/iOS 27.0.simruntime/Contents/Resources/RuntimeRoot/System/Library/AccessibilityBundles/WebKit.axbundle/WebKit (0x106ed0398) and /Library/Developer/CoreSimulator/Volumes/iOS_24A5355p/Library/Developer/CoreSimulator/Profiles/Runtimes/iOS 27.0.simruntime/Contents/Resources/RuntimeRoot/System/Library/AccessibilityBundles/WebCore.axbundle/WebCore (0x107234310). This may cause spurious casting failures and mysterious crashes. One of the duplicates must be removed or renamed.
    t =     2.43s         Setting up automation session
    t =     4.86s         Wait for com.accessibilityUpTo11.RetroRacing to idle
    t =     6.49s Waiting 45.0s for "screenshot-ready-slide-4" Any to exist
    t =     7.52s     Checking `Expect predicate `existsNoRetry == 1` for object "screenshot-ready-slide-4" Any`
    t =     7.52s         Checking existence of `"screenshot-ready-slide-4" Any`
    t =     7.55s Checking existence of `"screenshot-ready-slide-4" Any`
    t =     7.57s Requesting snapshot of accessibility hierarchy for app with pid 14255
    t =     7.68s Requesting snapshot of accessibility hierarchy for app with pid 14255
Saving iPad landscape capture at 2752x2064 (nl-NL_4.jpeg)
    t =     9.58s Terminate com.accessibilityUpTo11.RetroRacing:14255
    t =    10.64s Tear Down
Test Case '-[RetroRacingUniversalUITests.AppStoreScreenshotTests testCaptureConfiguredScreenshot]' passed (10.680 seconds).
Test Suite 'AppStoreScreenshotTests' passed at 2026-07-25 09:17:38.997.
	 Executed 1 test, with 0 failures (0 unexpected) in 10.680 (10.682) seconds
Test Suite 'RetroRacingUniversalUITests.xctest' passed at 2026-07-25 09:17:38.998.
	 Executed 1 test, with 0 failures (0 unexpected) in 10.680 (10.683) seconds
Test Suite 'Selected tests' passed at 2026-07-25 09:17:38.999.
	 Executed 1 test, with 0 failures (0 unexpected) in 10.680 (10.684) seconds
2026-07-25 09:17:39.288 xcodebuild[14076:3141700] [MT] IDETestOperationsObserverDebug: 14.096 elapsed -- Testing started completed.
2026-07-25 09:17:39.288 xcodebuild[14076:3141700] [MT] IDETestOperationsObserverDebug: 0.000 sec, +0.000 sec -- start
2026-07-25 09:17:39.288 xcodebuild[14076:3141700] [MT] IDETestOperationsObserverDebug: 14.096 sec, +14.096 sec -- end

Test session results, code coverage, and logs:
	/Users/dadederk/Library/Developer/Xcode/DerivedData/RetroRacing-dvbcfpydhzoqgmcruczvsmobktgj/Logs/Test/Test-RetroRacingUniversal-2026.07.25_09-17-25-+0200.xcresult

** TEST EXECUTE SUCCEEDED **

Testing started
An error was encountered processing the command (domain=com.apple.CoreSimulator.SimError, code=405):
Unable to boot device in current state: Booted
Monitoring boot status for iPad Pro 13-inch (M5) (BCC4396C-8DD3-4835-A5D9-E7146BBA33F3).
Device already booted, nothing to do.

Command line invocation:
    /Applications/Xcode-beta.app/Contents/Developer/usr/bin/xcodebuild test-without-building -project /Users/dadederk/Developer/RetroRacing/RetroRacing/RetroRacing.xcodeproj -scheme RetroRacingUniversal -destination "platform=iOS Simulator,id=BCC4396C-8DD3-4835-A5D9-E7146BBA33F3" "-only-testing:RetroRacingUniversalUITests/AppStoreScreenshotTests/testCaptureConfiguredScreenshot" -parallel-testing-enabled NO

Resolve Package Graph


Resolved source packages:
  ArcadeAudioKit: /Users/dadederk/Developer/ArcadeAudioKit @ local

2026-07-25 09:17:42.886906+0200 RetroRacingUniversalUITests-Runner[14648:3144566] [Default] Running tests...
2026-07-25 09:17:42.913255+0200 RetroRacingUniversalUITests-Runner[14648:3144566] [UIKit App Config] Update the Info.plist: Launch screens will soon be required.
    t =      nans Interface orientation changed to Landscape Left
Test Suite 'Selected tests' started at 2026-07-25 09:17:45.080.
Test Suite 'RetroRacingUniversalUITests.xctest' started at 2026-07-25 09:17:45.081.
Test Suite 'AppStoreScreenshotTests' started at 2026-07-25 09:17:45.081.
Test Case '-[RetroRacingUniversalUITests.AppStoreScreenshotTests testCaptureConfiguredScreenshot]' started.
    t =     0.00s Start Test at 2026-07-25 09:17:45.083
    t =     0.03s Set Up
    t =     0.03s     Setting device orientation to Landscape Right
    t =     0.03s         Wait for com.apple.springboard to idle
objc[14648]: Class UIAccessibilityLoaderWebShared is implemented in both /Library/Developer/CoreSimulator/Volumes/iOS_24A5355p/Library/Developer/CoreSimulator/Profiles/Runtimes/iOS 27.0.simruntime/Contents/Resources/RuntimeRoot/System/Library/AccessibilityBundles/WebKit.axbundle/WebKit (0x10ab30398) and /Library/Developer/CoreSimulator/Volumes/iOS_24A5355p/Library/Developer/CoreSimulator/Profiles/Runtimes/iOS 27.0.simruntime/Contents/Resources/RuntimeRoot/System/Library/AccessibilityBundles/WebCore.axbundle/WebCore (0x10ae90310). This may cause spurious casting failures and mysterious crashes. One of the duplicates must be removed or renamed.
Screenshot capture plan: nl-NL_5 -> /Users/dadederk/Developer/RetroRacing/.build/screenshot-capture/ipad/nl-NL_5.jpeg
    t =     1.58s Open com.accessibilityUpTo11.RetroRacing
    t =     1.58s     Launch com.accessibilityUpTo11.RetroRacing
2026-07-25 09:17:46.731 xcodebuild[14625:3144248] [MT] IDELaunchParametersSnapshot: debugger version lookup failed for path '<nil>': noURL
2026-07-25 09:17:46.731 xcodebuild[14625:3144248] [MT] IDELaunchParametersSnapshot: no debugger version
    t =     2.47s         Setting up automation session
    t =     5.27s         Wait for com.accessibilityUpTo11.RetroRacing to idle
    t =     7.00s Waiting 45.0s for "screenshot-ready-slide-5" Any to exist
    t =     8.04s     Checking `Expect predicate `existsNoRetry == 1` for object "screenshot-ready-slide-5" Any`
    t =     8.04s         Checking existence of `"screenshot-ready-slide-5" Any`
    t =     8.08s Checking existence of `"screenshot-ready-slide-5" Any`
    t =     8.09s Requesting snapshot of accessibility hierarchy for app with pid 14793
    t =     8.22s Requesting snapshot of accessibility hierarchy for app with pid 14793
Saving iPad landscape capture at 2752x2064 (nl-NL_5.jpeg)
    t =    10.13s Terminate com.accessibilityUpTo11.RetroRacing:14793
    t =    11.19s Tear Down
Test Case '-[RetroRacingUniversalUITests.AppStoreScreenshotTests testCaptureConfiguredScreenshot]' passed (11.209 seconds).
Test Suite 'AppStoreScreenshotTests' passed at 2026-07-25 09:17:56.292.
	 Executed 1 test, with 0 failures (0 unexpected) in 11.209 (11.212) seconds
Test Suite 'RetroRacingUniversalUITests.xctest' passed at 2026-07-25 09:17:56.293.
	 Executed 1 test, with 0 failures (0 unexpected) in 11.209 (11.212) seconds
Test Suite 'Selected tests' passed at 2026-07-25 09:17:56.294.
	 Executed 1 test, with 0 failures (0 unexpected) in 11.209 (11.214) seconds
2026-07-25 09:17:56.572 xcodebuild[14625:3144248] [MT] IDETestOperationsObserverDebug: 14.623 elapsed -- Testing started completed.
2026-07-25 09:17:56.572 xcodebuild[14625:3144248] [MT] IDETestOperationsObserverDebug: 0.000 sec, +0.000 sec -- start
2026-07-25 09:17:56.572 xcodebuild[14625:3144248] [MT] IDETestOperationsObserverDebug: 14.623 sec, +14.623 sec -- end

Test session results, code coverage, and logs:
	/Users/dadederk/Library/Developer/Xcode/DerivedData/RetroRacing-dvbcfpydhzoqgmcruczvsmobktgj/Logs/Test/Test-RetroRacingUniversal-2026.07.25_09-17-41-+0200.xcresult

** TEST EXECUTE SUCCEEDED **

Testing started
An error was encountered processing the command (domain=com.apple.CoreSimulator.SimError, code=405):
Unable to boot device in current state: Booted
Monitoring boot status for iPad Pro 13-inch (M5) (BCC4396C-8DD3-4835-A5D9-E7146BBA33F3).
Device already booted, nothing to do.

Command line invocation:
    /Applications/Xcode-beta.app/Contents/Developer/usr/bin/xcodebuild test-without-building -project /Users/dadederk/Developer/RetroRacing/RetroRacing/RetroRacing.xcodeproj -scheme RetroRacingUniversal -destination "platform=iOS Simulator,id=BCC4396C-8DD3-4835-A5D9-E7146BBA33F3" "-only-testing:RetroRacingUniversalUITests/AppStoreScreenshotTests/testCaptureConfiguredScreenshot" -parallel-testing-enabled NO

Resolve Package Graph


Resolved source packages:
  ArcadeAudioKit: /Users/dadederk/Developer/ArcadeAudioKit @ local

2026-07-25 09:18:00.171016+0200 RetroRacingUniversalUITests-Runner[15197:3147165] [Default] Running tests...
2026-07-25 09:18:00.200065+0200 RetroRacingUniversalUITests-Runner[15197:3147165] [UIKit App Config] Update the Info.plist: Launch screens will soon be required.
    t =      nans Interface orientation changed to Landscape Left
Test Suite 'Selected tests' started at 2026-07-25 09:18:02.478.
Test Suite 'RetroRacingUniversalUITests.xctest' started at 2026-07-25 09:18:02.479.
Test Suite 'AppStoreScreenshotTests' started at 2026-07-25 09:18:02.479.
Test Case '-[RetroRacingUniversalUITests.AppStoreScreenshotTests testCaptureConfiguredScreenshot]' started.
    t =     0.00s Start Test at 2026-07-25 09:18:02.483
    t =     0.03s Set Up
    t =     0.03s     Setting device orientation to Landscape Right
    t =     0.04s         Wait for com.apple.springboard to idle
objc[15197]: Class UIAccessibilityLoaderWebShared is implemented in both /Library/Developer/CoreSimulator/Volumes/iOS_24A5355p/Library/Developer/CoreSimulator/Profiles/Runtimes/iOS 27.0.simruntime/Contents/Resources/RuntimeRoot/System/Library/AccessibilityBundles/WebKit.axbundle/WebKit (0x106d24398) and /Library/Developer/CoreSimulator/Volumes/iOS_24A5355p/Library/Developer/CoreSimulator/Profiles/Runtimes/iOS 27.0.simruntime/Contents/Resources/RuntimeRoot/System/Library/AccessibilityBundles/WebCore.axbundle/WebCore (0x107074310). This may cause spurious casting failures and mysterious crashes. One of the duplicates must be removed or renamed.
Screenshot capture plan: nl-NL_6 -> /Users/dadederk/Developer/RetroRacing/.build/screenshot-capture/ipad/nl-NL_6.jpeg
    t =     1.59s Open com.accessibilityUpTo11.RetroRacing
    t =     1.59s     Launch com.accessibilityUpTo11.RetroRacing
2026-07-25 09:18:04.133 xcodebuild[15183:3146946] [MT] IDELaunchParametersSnapshot: debugger version lookup failed for path '<nil>': noURL
2026-07-25 09:18:04.133 xcodebuild[15183:3146946] [MT] IDELaunchParametersSnapshot: no debugger version
    t =     2.48s         Setting up automation session
    t =     5.17s         Wait for com.accessibilityUpTo11.RetroRacing to idle
    t =     7.13s Waiting 45.0s for "screenshot-ready-slide-6" Any to exist
    t =     8.16s     Checking `Expect predicate `existsNoRetry == 1` for object "screenshot-ready-slide-6" Any`
    t =     8.16s         Checking existence of `"screenshot-ready-slide-6" Any`
    t =     8.22s Checking existence of `"screenshot-ready-slide-6" Any`
    t =     8.25s Requesting snapshot of accessibility hierarchy for app with pid 15344
    t =     8.55s Requesting snapshot of accessibility hierarchy for app with pid 15344
Saving iPad landscape capture at 2752x2064 (nl-NL_6.jpeg)
    t =    10.47s Terminate com.accessibilityUpTo11.RetroRacing:15344
    t =    11.53s Tear Down
Test Case '-[RetroRacingUniversalUITests.AppStoreScreenshotTests testCaptureConfiguredScreenshot]' passed (11.543 seconds).
Test Suite 'AppStoreScreenshotTests' passed at 2026-07-25 09:18:14.026.
	 Executed 1 test, with 0 failures (0 unexpected) in 11.543 (11.546) seconds
Test Suite 'RetroRacingUniversalUITests.xctest' passed at 2026-07-25 09:18:14.026.
	 Executed 1 test, with 0 failures (0 unexpected) in 11.543 (11.547) seconds
Test Suite 'Selected tests' passed at 2026-07-25 09:18:14.026.
	 Executed 1 test, with 0 failures (0 unexpected) in 11.543 (11.548) seconds
2026-07-25 09:18:14.301 xcodebuild[15183:3146946] [MT] IDETestOperationsObserverDebug: 15.128 elapsed -- Testing started completed.
2026-07-25 09:18:14.301 xcodebuild[15183:3146946] [MT] IDETestOperationsObserverDebug: 0.000 sec, +0.000 sec -- start
2026-07-25 09:18:14.301 xcodebuild[15183:3146946] [MT] IDETestOperationsObserverDebug: 15.128 sec, +15.128 sec -- end

Test session results, code coverage, and logs:
	/Users/dadederk/Library/Developer/Xcode/DerivedData/RetroRacing-dvbcfpydhzoqgmcruczvsmobktgj/Logs/Test/Test-RetroRacingUniversal-2026.07.25_09-17-59-+0200.xcresult

** TEST EXECUTE SUCCEEDED **

Testing started
An error was encountered processing the command (domain=com.apple.CoreSimulator.SimError, code=405):
Unable to boot device in current state: Booted
Monitoring boot status for iPad Pro 13-inch (M5) (BCC4396C-8DD3-4835-A5D9-E7146BBA33F3).
Device already booted, nothing to do.

Command line invocation:
    /Applications/Xcode-beta.app/Contents/Developer/usr/bin/xcodebuild test-without-building -project /Users/dadederk/Developer/RetroRacing/RetroRacing/RetroRacing.xcodeproj -scheme RetroRacingUniversal -destination "platform=iOS Simulator,id=BCC4396C-8DD3-4835-A5D9-E7146BBA33F3" "-only-testing:RetroRacingUniversalUITests/AppStoreScreenshotTests/testCaptureConfiguredScreenshot" -parallel-testing-enabled NO

Resolve Package Graph


Resolved source packages:
  ArcadeAudioKit: /Users/dadederk/Developer/ArcadeAudioKit @ local

2026-07-25 09:18:18.249722+0200 RetroRacingUniversalUITests-Runner[15749:3149615] [Default] Running tests...
2026-07-25 09:18:18.279465+0200 RetroRacingUniversalUITests-Runner[15749:3149615] [UIKit App Config] Update the Info.plist: Launch screens will soon be required.
    t =      nans Interface orientation changed to Landscape Left
Test Suite 'Selected tests' started at 2026-07-25 09:18:20.530.
Test Suite 'RetroRacingUniversalUITests.xctest' started at 2026-07-25 09:18:20.530.
Test Suite 'AppStoreScreenshotTests' started at 2026-07-25 09:18:20.530.
Test Case '-[RetroRacingUniversalUITests.AppStoreScreenshotTests testCaptureConfiguredScreenshot]' started.
    t =     0.00s Start Test at 2026-07-25 09:18:20.533
    t =     0.03s Set Up
    t =     0.03s     Setting device orientation to Landscape Right
    t =     0.04s         Wait for com.apple.springboard to idle
objc[15749]: Class UIAccessibilityLoaderWebShared is implemented in both /Library/Developer/CoreSimulator/Volumes/iOS_24A5355p/Library/Developer/CoreSimulator/Profiles/Runtimes/iOS 27.0.simruntime/Contents/Resources/RuntimeRoot/System/Library/AccessibilityBundles/WebKit.axbundle/WebKit (0x106780398) and /Library/Developer/CoreSimulator/Volumes/iOS_24A5355p/Library/Developer/CoreSimulator/Profiles/Runtimes/iOS 27.0.simruntime/Contents/Resources/RuntimeRoot/System/Library/AccessibilityBundles/WebCore.axbundle/WebCore (0x106ad0310). This may cause spurious casting failures and mysterious crashes. One of the duplicates must be removed or renamed.
Screenshot capture plan: nl-NL_7 -> /Users/dadederk/Developer/RetroRacing/.build/screenshot-capture/ipad/nl-NL_7.jpeg
    t =     1.58s Open com.accessibilityUpTo11.RetroRacing
    t =     1.58s     Launch com.accessibilityUpTo11.RetroRacing
2026-07-25 09:18:22.173 xcodebuild[15737:3149403] [MT] IDELaunchParametersSnapshot: debugger version lookup failed for path '<nil>': noURL
2026-07-25 09:18:22.173 xcodebuild[15737:3149403] [MT] IDELaunchParametersSnapshot: no debugger version
    t =     2.46s         Setting up automation session
    t =     5.13s         Wait for com.accessibilityUpTo11.RetroRacing to idle
    t =     6.80s Waiting 45.0s for "screenshot-ready-slide-7" Any to exist
    t =     7.86s     Checking `Expect predicate `existsNoRetry == 1` for object "screenshot-ready-slide-7" Any`
    t =     7.86s         Checking existence of `"screenshot-ready-slide-7" Any`
    t =     7.89s Checking existence of `"screenshot-ready-slide-7" Any`
    t =     7.91s Requesting snapshot of accessibility hierarchy for app with pid 15901
    t =     8.05s Requesting snapshot of accessibility hierarchy for app with pid 15901
Saving iPad landscape capture at 2752x2064 (nl-NL_7.jpeg)
    t =     9.95s Terminate com.accessibilityUpTo11.RetroRacing:15901
    t =    11.02s Tear Down
Test Case '-[RetroRacingUniversalUITests.AppStoreScreenshotTests testCaptureConfiguredScreenshot]' passed (11.104 seconds).
Test Suite 'AppStoreScreenshotTests' passed at 2026-07-25 09:18:31.637.
	 Executed 1 test, with 0 failures (0 unexpected) in 11.104 (11.107) seconds
Test Suite 'RetroRacingUniversalUITests.xctest' passed at 2026-07-25 09:18:31.638.
	 Executed 1 test, with 0 failures (0 unexpected) in 11.104 (11.108) seconds
Test Suite 'Selected tests' passed at 2026-07-25 09:18:31.640.
	 Executed 1 test, with 0 failures (0 unexpected) in 11.104 (11.110) seconds
2026-07-25 09:18:31.919 xcodebuild[15737:3149403] [MT] IDETestOperationsObserverDebug: 14.694 elapsed -- Testing started completed.
2026-07-25 09:18:31.919 xcodebuild[15737:3149403] [MT] IDETestOperationsObserverDebug: 0.000 sec, +0.000 sec -- start
2026-07-25 09:18:31.919 xcodebuild[15737:3149403] [MT] IDETestOperationsObserverDebug: 14.694 sec, +14.694 sec -- end

Test session results, code coverage, and logs:
	/Users/dadederk/Library/Developer/Xcode/DerivedData/RetroRacing-dvbcfpydhzoqgmcruczvsmobktgj/Logs/Test/Test-RetroRacingUniversal-2026.07.25_09-18-17-+0200.xcresult

** TEST EXECUTE SUCCEEDED **

Testing started
An error was encountered processing the command (domain=com.apple.CoreSimulator.SimError, code=405):
Unable to boot device in current state: Booted
Monitoring boot status for iPad Pro 13-inch (M5) (BCC4396C-8DD3-4835-A5D9-E7146BBA33F3).
Device already booted, nothing to do.

Command line invocation:
    /Applications/Xcode-beta.app/Contents/Developer/usr/bin/xcodebuild test-without-building -project /Users/dadederk/Developer/RetroRacing/RetroRacing/RetroRacing.xcodeproj -scheme RetroRacingUniversal -destination "platform=iOS Simulator,id=BCC4396C-8DD3-4835-A5D9-E7146BBA33F3" "-only-testing:RetroRacingUniversalUITests/AppStoreScreenshotTests/testCaptureConfiguredScreenshot" -parallel-testing-enabled NO

Resolve Package Graph


Resolved source packages:
  ArcadeAudioKit: /Users/dadederk/Developer/ArcadeAudioKit @ local

2026-07-25 09:18:35.669396+0200 RetroRacingUniversalUITests-Runner[16295:3152053] [Default] Running tests...
2026-07-25 09:18:35.698528+0200 RetroRacingUniversalUITests-Runner[16295:3152053] [UIKit App Config] Update the Info.plist: Launch screens will soon be required.
    t =      nans Interface orientation changed to Landscape Left
Test Suite 'Selected tests' started at 2026-07-25 09:18:37.995.
Test Suite 'RetroRacingUniversalUITests.xctest' started at 2026-07-25 09:18:37.996.
Test Suite 'AppStoreScreenshotTests' started at 2026-07-25 09:18:37.996.
Test Case '-[RetroRacingUniversalUITests.AppStoreScreenshotTests testCaptureConfiguredScreenshot]' started.
    t =     0.00s Start Test at 2026-07-25 09:18:37.998
    t =     0.03s Set Up
    t =     0.03s     Setting device orientation to Landscape Right
    t =     0.05s         Wait for com.apple.springboard to idle
objc[16295]: Class UIAccessibilityLoaderWebShared is implemented in both /Library/Developer/CoreSimulator/Volumes/iOS_24A5355p/Library/Developer/CoreSimulator/Profiles/Runtimes/iOS 27.0.simruntime/Contents/Resources/RuntimeRoot/System/Library/AccessibilityBundles/WebKit.axbundle/WebKit (0x108574398) and /Library/Developer/CoreSimulator/Volumes/iOS_24A5355p/Library/Developer/CoreSimulator/Profiles/Runtimes/iOS 27.0.simruntime/Contents/Resources/RuntimeRoot/System/Library/AccessibilityBundles/WebCore.axbundle/WebCore (0x1088d8310). This may cause spurious casting failures and mysterious crashes. One of the duplicates must be removed or renamed.
Screenshot capture plan: nl-NL_8 -> /Users/dadederk/Developer/RetroRacing/.build/screenshot-capture/ipad/nl-NL_8.jpeg
    t =     1.59s Open com.accessibilityUpTo11.RetroRacing
    t =     1.59s     Launch com.accessibilityUpTo11.RetroRacing
2026-07-25 09:18:39.657 xcodebuild[16277:3151810] [MT] IDELaunchParametersSnapshot: debugger version lookup failed for path '<nil>': noURL
2026-07-25 09:18:39.657 xcodebuild[16277:3151810] [MT] IDELaunchParametersSnapshot: no debugger version
    t =     2.48s         Setting up automation session
    t =     5.22s         Wait for com.accessibilityUpTo11.RetroRacing to idle
    t =     6.89s Waiting 45.0s for "screenshot-ready-slide-8" Any to exist
    t =     7.93s     Checking `Expect predicate `existsNoRetry == 1` for object "screenshot-ready-slide-8" Any`
    t =     7.93s         Checking existence of `"screenshot-ready-slide-8" Any`
    t =     7.98s Checking existence of `"screenshot-ready-slide-8" Any`
    t =     8.01s Requesting snapshot of accessibility hierarchy for app with pid 16441
    t =     8.17s Requesting snapshot of accessibility hierarchy for app with pid 16441
Saving iPad landscape capture at 2752x2064 (nl-NL_8.jpeg)
    t =    10.09s Terminate com.accessibilityUpTo11.RetroRacing:16441
    t =    11.15s Tear Down
Test Case '-[RetroRacingUniversalUITests.AppStoreScreenshotTests testCaptureConfiguredScreenshot]' passed (11.185 seconds).
Test Suite 'AppStoreScreenshotTests' passed at 2026-07-25 09:18:49.184.
	 Executed 1 test, with 0 failures (0 unexpected) in 11.185 (11.188) seconds
Test Suite 'RetroRacingUniversalUITests.xctest' passed at 2026-07-25 09:18:49.184.
	 Executed 1 test, with 0 failures (0 unexpected) in 11.185 (11.188) seconds
Test Suite 'Selected tests' passed at 2026-07-25 09:18:49.185.
	 Executed 1 test, with 0 failures (0 unexpected) in 11.185 (11.190) seconds
2026-07-25 09:18:49.468 xcodebuild[16277:3151810] [MT] IDETestOperationsObserverDebug: 14.846 elapsed -- Testing started completed.
2026-07-25 09:18:49.468 xcodebuild[16277:3151810] [MT] IDETestOperationsObserverDebug: 0.000 sec, +0.000 sec -- start
2026-07-25 09:18:49.468 xcodebuild[16277:3151810] [MT] IDETestOperationsObserverDebug: 14.846 sec, +14.846 sec -- end

Test session results, code coverage, and logs:
	/Users/dadederk/Library/Developer/Xcode/DerivedData/RetroRacing-dvbcfpydhzoqgmcruczvsmobktgj/Logs/Test/Test-RetroRacingUniversal-2026.07.25_09-18-34-+0200.xcresult

** TEST EXECUTE SUCCEEDED **

Testing started
An error was encountered processing the command (domain=com.apple.CoreSimulator.SimError, code=405):
Unable to boot device in current state: Booted
Monitoring boot status for iPad Pro 13-inch (M5) (BCC4396C-8DD3-4835-A5D9-E7146BBA33F3).
Device already booted, nothing to do.

Command line invocation:
    /Applications/Xcode-beta.app/Contents/Developer/usr/bin/xcodebuild test-without-building -project /Users/dadederk/Developer/RetroRacing/RetroRacing/RetroRacing.xcodeproj -scheme RetroRacingUniversal -destination "platform=iOS Simulator,id=BCC4396C-8DD3-4835-A5D9-E7146BBA33F3" "-only-testing:RetroRacingUniversalUITests/AppStoreScreenshotTests/testCaptureConfiguredScreenshot" -parallel-testing-enabled NO

Resolve Package Graph


Resolved source packages:
  ArcadeAudioKit: /Users/dadederk/Developer/ArcadeAudioKit @ local

2026-07-25 09:18:53.515861+0200 RetroRacingUniversalUITests-Runner[16856:3154683] [Default] Running tests...
2026-07-25 09:18:53.549649+0200 RetroRacingUniversalUITests-Runner[16856:3154683] [UIKit App Config] Update the Info.plist: Launch screens will soon be required.
    t =      nans Interface orientation changed to Landscape Left
Test Suite 'Selected tests' started at 2026-07-25 09:18:55.787.
Test Suite 'RetroRacingUniversalUITests.xctest' started at 2026-07-25 09:18:55.788.
Test Suite 'AppStoreScreenshotTests' started at 2026-07-25 09:18:55.789.
Test Case '-[RetroRacingUniversalUITests.AppStoreScreenshotTests testCaptureConfiguredScreenshot]' started.
    t =     0.00s Start Test at 2026-07-25 09:18:55.793
    t =     0.03s Set Up
    t =     0.03s     Setting device orientation to Landscape Right
    t =     0.04s         Wait for com.apple.springboard to idle
objc[16856]: Class UIAccessibilityLoaderWebShared is implemented in both /Library/Developer/CoreSimulator/Volumes/iOS_24A5355p/Library/Developer/CoreSimulator/Profiles/Runtimes/iOS 27.0.simruntime/Contents/Resources/RuntimeRoot/System/Library/AccessibilityBundles/WebKit.axbundle/WebKit (0x108828398) and /Library/Developer/CoreSimulator/Volumes/iOS_24A5355p/Library/Developer/CoreSimulator/Profiles/Runtimes/iOS 27.0.simruntime/Contents/Resources/RuntimeRoot/System/Library/AccessibilityBundles/WebCore.axbundle/WebCore (0x108b8c310). This may cause spurious casting failures and mysterious crashes. One of the duplicates must be removed or renamed.
Screenshot capture plan: it_4 -> /Users/dadederk/Developer/RetroRacing/.build/screenshot-capture/ipad/it_4.jpeg
    t =     1.58s Open com.accessibilityUpTo11.RetroRacing
    t =     1.59s     Launch com.accessibilityUpTo11.RetroRacing
2026-07-25 09:18:57.436 xcodebuild[16840:3154422] [MT] IDELaunchParametersSnapshot: debugger version lookup failed for path '<nil>': noURL
2026-07-25 09:18:57.436 xcodebuild[16840:3154422] [MT] IDELaunchParametersSnapshot: no debugger version
    t =     2.47s         Setting up automation session
    t =     5.17s         Wait for com.accessibilityUpTo11.RetroRacing to idle
    t =     6.86s Waiting 45.0s for "screenshot-ready-slide-4" Any to exist
    t =     7.89s     Checking `Expect predicate `existsNoRetry == 1` for object "screenshot-ready-slide-4" Any`
    t =     7.89s         Checking existence of `"screenshot-ready-slide-4" Any`
    t =     7.92s Checking existence of `"screenshot-ready-slide-4" Any`
    t =     7.94s Requesting snapshot of accessibility hierarchy for app with pid 16996
    t =     8.06s Requesting snapshot of accessibility hierarchy for app with pid 16996
Saving iPad landscape capture at 2752x2064 (it_4.jpeg)
    t =     9.98s Terminate com.accessibilityUpTo11.RetroRacing:16996
    t =    11.05s Tear Down
Test Case '-[RetroRacingUniversalUITests.AppStoreScreenshotTests testCaptureConfiguredScreenshot]' passed (11.074 seconds).
Test Suite 'AppStoreScreenshotTests' passed at 2026-07-25 09:19:06.868.
	 Executed 1 test, with 0 failures (0 unexpected) in 11.074 (11.079) seconds
Test Suite 'RetroRacingUniversalUITests.xctest' passed at 2026-07-25 09:19:06.869.
	 Executed 1 test, with 0 failures (0 unexpected) in 11.074 (11.081) seconds
Test Suite 'Selected tests' passed at 2026-07-25 09:19:06.870.
	 Executed 1 test, with 0 failures (0 unexpected) in 11.074 (11.082) seconds
2026-07-25 09:19:07.148 xcodebuild[16840:3154422] [MT] IDETestOperationsObserverDebug: 14.672 elapsed -- Testing started completed.
2026-07-25 09:19:07.148 xcodebuild[16840:3154422] [MT] IDETestOperationsObserverDebug: 0.000 sec, +0.000 sec -- start
2026-07-25 09:19:07.148 xcodebuild[16840:3154422] [MT] IDETestOperationsObserverDebug: 14.672 sec, +14.672 sec -- end

Test session results, code coverage, and logs:
	/Users/dadederk/Library/Developer/Xcode/DerivedData/RetroRacing-dvbcfpydhzoqgmcruczvsmobktgj/Logs/Test/Test-RetroRacingUniversal-2026.07.25_09-18-52-+0200.xcresult

** TEST EXECUTE SUCCEEDED **

Testing started
An error was encountered processing the command (domain=com.apple.CoreSimulator.SimError, code=405):
Unable to boot device in current state: Booted
Monitoring boot status for iPad Pro 13-inch (M5) (BCC4396C-8DD3-4835-A5D9-E7146BBA33F3).
Device already booted, nothing to do.

Command line invocation:
    /Applications/Xcode-beta.app/Contents/Developer/usr/bin/xcodebuild test-without-building -project /Users/dadederk/Developer/RetroRacing/RetroRacing/RetroRacing.xcodeproj -scheme RetroRacingUniversal -destination "platform=iOS Simulator,id=BCC4396C-8DD3-4835-A5D9-E7146BBA33F3" "-only-testing:RetroRacingUniversalUITests/AppStoreScreenshotTests/testCaptureConfiguredScreenshot" -parallel-testing-enabled NO

Resolve Package Graph


Resolved source packages:
  ArcadeAudioKit: /Users/dadederk/Developer/ArcadeAudioKit @ local

2026-07-25 09:19:10.965147+0200 RetroRacingUniversalUITests-Runner[17405:3157114] [Default] Running tests...
2026-07-25 09:19:10.994121+0200 RetroRacingUniversalUITests-Runner[17405:3157114] [UIKit App Config] Update the Info.plist: Launch screens will soon be required.
    t =      nans Interface orientation changed to Landscape Left
Test Suite 'Selected tests' started at 2026-07-25 09:19:13.206.
Test Suite 'RetroRacingUniversalUITests.xctest' started at 2026-07-25 09:19:13.207.
Test Suite 'AppStoreScreenshotTests' started at 2026-07-25 09:19:13.207.
Test Case '-[RetroRacingUniversalUITests.AppStoreScreenshotTests testCaptureConfiguredScreenshot]' started.
    t =     0.00s Start Test at 2026-07-25 09:19:13.209
    t =     0.03s Set Up
    t =     0.03s     Setting device orientation to Landscape Right
    t =     0.03s         Wait for com.apple.springboard to idle
objc[17405]: Class UIAccessibilityLoaderWebShared is implemented in both /Library/Developer/CoreSimulator/Volumes/iOS_24A5355p/Library/Developer/CoreSimulator/Profiles/Runtimes/iOS 27.0.simruntime/Contents/Resources/RuntimeRoot/System/Library/AccessibilityBundles/WebKit.axbundle/WebKit (0x10aae8398) and /Library/Developer/CoreSimulator/Volumes/iOS_24A5355p/Library/Developer/CoreSimulator/Profiles/Runtimes/iOS 27.0.simruntime/Contents/Resources/RuntimeRoot/System/Library/AccessibilityBundles/WebCore.axbundle/WebCore (0x10ae4c310). This may cause spurious casting failures and mysterious crashes. One of the duplicates must be removed or renamed.
Screenshot capture plan: it_5 -> /Users/dadederk/Developer/RetroRacing/.build/screenshot-capture/ipad/it_5.jpeg
    t =     1.57s Open com.accessibilityUpTo11.RetroRacing
    t =     1.57s     Launch com.accessibilityUpTo11.RetroRacing
2026-07-25 09:19:14.848 xcodebuild[17385:3156865] [MT] IDELaunchParametersSnapshot: debugger version lookup failed for path '<nil>': noURL
2026-07-25 09:19:14.848 xcodebuild[17385:3156865] [MT] IDELaunchParametersSnapshot: no debugger version
    t =     2.47s         Setting up automation session
    t =     5.16s         Wait for com.accessibilityUpTo11.RetroRacing to idle
    t =     6.88s Waiting 45.0s for "screenshot-ready-slide-5" Any to exist
    t =     7.92s     Checking `Expect predicate `existsNoRetry == 1` for object "screenshot-ready-slide-5" Any`
    t =     7.92s         Checking existence of `"screenshot-ready-slide-5" Any`
    t =     7.95s Checking existence of `"screenshot-ready-slide-5" Any`
    t =     7.97s Requesting snapshot of accessibility hierarchy for app with pid 17540
    t =     8.08s Requesting snapshot of accessibility hierarchy for app with pid 17540
Saving iPad landscape capture at 2752x2064 (it_5.jpeg)
    t =     9.98s Terminate com.accessibilityUpTo11.RetroRacing:17540
    t =    11.04s Tear Down
Test Case '-[RetroRacingUniversalUITests.AppStoreScreenshotTests testCaptureConfiguredScreenshot]' passed (11.149 seconds).
Test Suite 'AppStoreScreenshotTests' passed at 2026-07-25 09:19:24.359.
	 Executed 1 test, with 0 failures (0 unexpected) in 11.149 (11.152) seconds
Test Suite 'RetroRacingUniversalUITests.xctest' passed at 2026-07-25 09:19:24.359.
	 Executed 1 test, with 0 failures (0 unexpected) in 11.149 (11.153) seconds
Test Suite 'Selected tests' passed at 2026-07-25 09:19:24.360.
	 Executed 1 test, with 0 failures (0 unexpected) in 11.149 (11.154) seconds
2026-07-25 09:19:24.639 xcodebuild[17385:3156865] [MT] IDETestOperationsObserverDebug: 14.724 elapsed -- Testing started completed.
2026-07-25 09:19:24.639 xcodebuild[17385:3156865] [MT] IDETestOperationsObserverDebug: 0.000 sec, +0.000 sec -- start
2026-07-25 09:19:24.639 xcodebuild[17385:3156865] [MT] IDETestOperationsObserverDebug: 14.724 sec, +14.724 sec -- end

Test session results, code coverage, and logs:
	/Users/dadederk/Library/Developer/Xcode/DerivedData/RetroRacing-dvbcfpydhzoqgmcruczvsmobktgj/Logs/Test/Test-RetroRacingUniversal-2026.07.25_09-19-09-+0200.xcresult

** TEST EXECUTE SUCCEEDED **

Testing started
An error was encountered processing the command (domain=com.apple.CoreSimulator.SimError, code=405):
Unable to boot device in current state: Booted
Monitoring boot status for iPad Pro 13-inch (M5) (BCC4396C-8DD3-4835-A5D9-E7146BBA33F3).
Device already booted, nothing to do.

Using simulator destination: platform=iOS Simulator,id=BCC4396C-8DD3-4835-A5D9-E7146BBA33F3
Capturing 30 screenshot(s) across 6 locale(s); 0 already staged.
Each successful capture installs immediately into Screenshot Studio.
Building UI test runner once…
/usr/bin/xcrun xcodebuild build-for-testing -project /Users/dadederk/Developer/RetroRacing/RetroRacing/RetroRacing.xcodeproj -scheme RetroRacingUniversal -destination platform=iOS Simulator,id=BCC4396C-8DD3-4835-A5D9-E7146BBA33F3 -only-testing:RetroRacingUniversalUITests/AppStoreScreenshotTests/testCaptureConfiguredScreenshot
Applying App Store marketing status bar (9:41, 2027-01-27T09:41:00.000+01:00) on BCC4396C-8DD3-4835-A5D9-E7146BBA33F3…
Applied simulator appearance light on BCC4396C-8DD3-4835-A5D9-E7146BBA33F3
[1/30] ca_4
Applied capture locale ca on simulator(s): BCC4396C-8DD3-4835-A5D9-E7146BBA33F3
  plan -> /tmp/retrorapid-capture-plan-active.json (ca_4)
RETRORAPID_SCREENSHOT_APPEARANCE=light RETRORAPID_SCREENSHOT_FILE_EXTENSION=.jpeg RETRORAPID_SCREENSHOT_MAX_RETRIES=1 RETRORAPID_SCREENSHOT_PLATFORM=ipad RETRORAPID_SCREENSHOT_SKIP_EXISTING=0 RETRORAPID_SCREENSHOT_STAGING=/Users/dadederk/Developer/RetroRacing/.build/screenshot-capture/ipad RETRORAPID_SCREENSHOT_TARGETS=ca_4 /usr/bin/xcrun xcodebuild test-without-building -project /Users/dadederk/Developer/RetroRacing/RetroRacing/RetroRacing.xcodeproj -scheme RetroRacingUniversal -destination platform=iOS Simulator,id=BCC4396C-8DD3-4835-A5D9-E7146BBA33F3 -only-testing:RetroRacingUniversalUITests/AppStoreScreenshotTests/testCaptureConfiguredScreenshot -parallel-testing-enabled NO
  -> installed ca_4 in Screenshot Studio
[2/30] ca_5
Applied capture locale ca on simulator(s): BCC4396C-8DD3-4835-A5D9-E7146BBA33F3
  plan -> /tmp/retrorapid-capture-plan-active.json (ca_5)
RETRORAPID_SCREENSHOT_APPEARANCE=light RETRORAPID_SCREENSHOT_FILE_EXTENSION=.jpeg RETRORAPID_SCREENSHOT_MAX_RETRIES=1 RETRORAPID_SCREENSHOT_PLATFORM=ipad RETRORAPID_SCREENSHOT_SKIP_EXISTING=0 RETRORAPID_SCREENSHOT_STAGING=/Users/dadederk/Developer/RetroRacing/.build/screenshot-capture/ipad RETRORAPID_SCREENSHOT_TARGETS=ca_5 /usr/bin/xcrun xcodebuild test-without-building -project /Users/dadederk/Developer/RetroRacing/RetroRacing/RetroRacing.xcodeproj -scheme RetroRacingUniversal -destination platform=iOS Simulator,id=BCC4396C-8DD3-4835-A5D9-E7146BBA33F3 -only-testing:RetroRacingUniversalUITests/AppStoreScreenshotTests/testCaptureConfiguredScreenshot -parallel-testing-enabled NO
  -> installed ca_5 in Screenshot Studio
[3/30] ca_6
Applied capture locale ca on simulator(s): BCC4396C-8DD3-4835-A5D9-E7146BBA33F3
  plan -> /tmp/retrorapid-capture-plan-active.json (ca_6)
RETRORAPID_SCREENSHOT_APPEARANCE=light RETRORAPID_SCREENSHOT_FILE_EXTENSION=.jpeg RETRORAPID_SCREENSHOT_MAX_RETRIES=1 RETRORAPID_SCREENSHOT_PLATFORM=ipad RETRORAPID_SCREENSHOT_SKIP_EXISTING=0 RETRORAPID_SCREENSHOT_STAGING=/Users/dadederk/Developer/RetroRacing/.build/screenshot-capture/ipad RETRORAPID_SCREENSHOT_TARGETS=ca_6 /usr/bin/xcrun xcodebuild test-without-building -project /Users/dadederk/Developer/RetroRacing/RetroRacing/RetroRacing.xcodeproj -scheme RetroRacingUniversal -destination platform=iOS Simulator,id=BCC4396C-8DD3-4835-A5D9-E7146BBA33F3 -only-testing:RetroRacingUniversalUITests/AppStoreScreenshotTests/testCaptureConfiguredScreenshot -parallel-testing-enabled NO
  -> installed ca_6 in Screenshot Studio
[4/30] ca_7
Applied capture locale ca on simulator(s): BCC4396C-8DD3-4835-A5D9-E7146BBA33F3
  plan -> /tmp/retrorapid-capture-plan-active.json (ca_7)
RETRORAPID_SCREENSHOT_APPEARANCE=light RETRORAPID_SCREENSHOT_FILE_EXTENSION=.jpeg RETRORAPID_SCREENSHOT_MAX_RETRIES=1 RETRORAPID_SCREENSHOT_PLATFORM=ipad RETRORAPID_SCREENSHOT_SKIP_EXISTING=0 RETRORAPID_SCREENSHOT_STAGING=/Users/dadederk/Developer/RetroRacing/.build/screenshot-capture/ipad RETRORAPID_SCREENSHOT_TARGETS=ca_7 /usr/bin/xcrun xcodebuild test-without-building -project /Users/dadederk/Developer/RetroRacing/RetroRacing/RetroRacing.xcodeproj -scheme RetroRacingUniversal -destination platform=iOS Simulator,id=BCC4396C-8DD3-4835-A5D9-E7146BBA33F3 -only-testing:RetroRacingUniversalUITests/AppStoreScreenshotTests/testCaptureConfiguredScreenshot -parallel-testing-enabled NO
  -> installed ca_7 in Screenshot Studio
[5/30] ca_8
Applied capture locale ca on simulator(s): BCC4396C-8DD3-4835-A5D9-E7146BBA33F3
  plan -> /tmp/retrorapid-capture-plan-active.json (ca_8)
RETRORAPID_SCREENSHOT_APPEARANCE=light RETRORAPID_SCREENSHOT_FILE_EXTENSION=.jpeg RETRORAPID_SCREENSHOT_MAX_RETRIES=1 RETRORAPID_SCREENSHOT_PLATFORM=ipad RETRORAPID_SCREENSHOT_SKIP_EXISTING=0 RETRORAPID_SCREENSHOT_STAGING=/Users/dadederk/Developer/RetroRacing/.build/screenshot-capture/ipad RETRORAPID_SCREENSHOT_TARGETS=ca_8 /usr/bin/xcrun xcodebuild test-without-building -project /Users/dadederk/Developer/RetroRacing/RetroRacing/RetroRacing.xcodeproj -scheme RetroRacingUniversal -destination platform=iOS Simulator,id=BCC4396C-8DD3-4835-A5D9-E7146BBA33F3 -only-testing:RetroRacingUniversalUITests/AppStoreScreenshotTests/testCaptureConfiguredScreenshot -parallel-testing-enabled NO
  -> installed ca_8 in Screenshot Studio
[6/30] de-DE_4
Applied capture locale de-DE on simulator(s): BCC4396C-8DD3-4835-A5D9-E7146BBA33F3
  plan -> /tmp/retrorapid-capture-plan-active.json (de-DE_4)
RETRORAPID_SCREENSHOT_APPEARANCE=light RETRORAPID_SCREENSHOT_FILE_EXTENSION=.jpeg RETRORAPID_SCREENSHOT_MAX_RETRIES=1 RETRORAPID_SCREENSHOT_PLATFORM=ipad RETRORAPID_SCREENSHOT_SKIP_EXISTING=0 RETRORAPID_SCREENSHOT_STAGING=/Users/dadederk/Developer/RetroRacing/.build/screenshot-capture/ipad RETRORAPID_SCREENSHOT_TARGETS=de-DE_4 /usr/bin/xcrun xcodebuild test-without-building -project /Users/dadederk/Developer/RetroRacing/RetroRacing/RetroRacing.xcodeproj -scheme RetroRacingUniversal -destination platform=iOS Simulator,id=BCC4396C-8DD3-4835-A5D9-E7146BBA33F3 -only-testing:RetroRacingUniversalUITests/AppStoreScreenshotTests/testCaptureConfiguredScreenshot -parallel-testing-enabled NO
  -> installed de-DE_4 in Screenshot Studio
[7/30] de-DE_5
Applied capture locale de-DE on simulator(s): BCC4396C-8DD3-4835-A5D9-E7146BBA33F3
  plan -> /tmp/retrorapid-capture-plan-active.json (de-DE_5)
RETRORAPID_SCREENSHOT_APPEARANCE=light RETRORAPID_SCREENSHOT_FILE_EXTENSION=.jpeg RETRORAPID_SCREENSHOT_MAX_RETRIES=1 RETRORAPID_SCREENSHOT_PLATFORM=ipad RETRORAPID_SCREENSHOT_SKIP_EXISTING=0 RETRORAPID_SCREENSHOT_STAGING=/Users/dadederk/Developer/RetroRacing/.build/screenshot-capture/ipad RETRORAPID_SCREENSHOT_TARGETS=de-DE_5 /usr/bin/xcrun xcodebuild test-without-building -project /Users/dadederk/Developer/RetroRacing/RetroRacing/RetroRacing.xcodeproj -scheme RetroRacingUniversal -destination platform=iOS Simulator,id=BCC4396C-8DD3-4835-A5D9-E7146BBA33F3 -only-testing:RetroRacingUniversalUITests/AppStoreScreenshotTests/testCaptureConfiguredScreenshot -parallel-testing-enabled NO
  -> installed de-DE_5 in Screenshot Studio
[8/30] de-DE_6
Applied capture locale de-DE on simulator(s): BCC4396C-8DD3-4835-A5D9-E7146BBA33F3
  plan -> /tmp/retrorapid-capture-plan-active.json (de-DE_6)
RETRORAPID_SCREENSHOT_APPEARANCE=light RETRORAPID_SCREENSHOT_FILE_EXTENSION=.jpeg RETRORAPID_SCREENSHOT_MAX_RETRIES=1 RETRORAPID_SCREENSHOT_PLATFORM=ipad RETRORAPID_SCREENSHOT_SKIP_EXISTING=0 RETRORAPID_SCREENSHOT_STAGING=/Users/dadederk/Developer/RetroRacing/.build/screenshot-capture/ipad RETRORAPID_SCREENSHOT_TARGETS=de-DE_6 /usr/bin/xcrun xcodebuild test-without-building -project /Users/dadederk/Developer/RetroRacing/RetroRacing/RetroRacing.xcodeproj -scheme RetroRacingUniversal -destination platform=iOS Simulator,id=BCC4396C-8DD3-4835-A5D9-E7146BBA33F3 -only-testing:RetroRacingUniversalUITests/AppStoreScreenshotTests/testCaptureConfiguredScreenshot -parallel-testing-enabled NO
  -> installed de-DE_6 in Screenshot Studio
[9/30] de-DE_7
Applied capture locale de-DE on simulator(s): BCC4396C-8DD3-4835-A5D9-E7146BBA33F3
  plan -> /tmp/retrorapid-capture-plan-active.json (de-DE_7)
RETRORAPID_SCREENSHOT_APPEARANCE=light RETRORAPID_SCREENSHOT_FILE_EXTENSION=.jpeg RETRORAPID_SCREENSHOT_MAX_RETRIES=1 RETRORAPID_SCREENSHOT_PLATFORM=ipad RETRORAPID_SCREENSHOT_SKIP_EXISTING=0 RETRORAPID_SCREENSHOT_STAGING=/Users/dadederk/Developer/RetroRacing/.build/screenshot-capture/ipad RETRORAPID_SCREENSHOT_TARGETS=de-DE_7 /usr/bin/xcrun xcodebuild test-without-building -project /Users/dadederk/Developer/RetroRacing/RetroRacing/RetroRacing.xcodeproj -scheme RetroRacingUniversal -destination platform=iOS Simulator,id=BCC4396C-8DD3-4835-A5D9-E7146BBA33F3 -only-testing:RetroRacingUniversalUITests/AppStoreScreenshotTests/testCaptureConfiguredScreenshot -parallel-testing-enabled NO
  -> installed de-DE_7 in Screenshot Studio
[10/30] de-DE_8
Applied capture locale de-DE on simulator(s): BCC4396C-8DD3-4835-A5D9-E7146BBA33F3
  plan -> /tmp/retrorapid-capture-plan-active.json (de-DE_8)
RETRORAPID_SCREENSHOT_APPEARANCE=light RETRORAPID_SCREENSHOT_FILE_EXTENSION=.jpeg RETRORAPID_SCREENSHOT_MAX_RETRIES=1 RETRORAPID_SCREENSHOT_PLATFORM=ipad RETRORAPID_SCREENSHOT_SKIP_EXISTING=0 RETRORAPID_SCREENSHOT_STAGING=/Users/dadederk/Developer/RetroRacing/.build/screenshot-capture/ipad RETRORAPID_SCREENSHOT_TARGETS=de-DE_8 /usr/bin/xcrun xcodebuild test-without-building -project /Users/dadederk/Developer/RetroRacing/RetroRacing/RetroRacing.xcodeproj -scheme RetroRacingUniversal -destination platform=iOS Simulator,id=BCC4396C-8DD3-4835-A5D9-E7146BBA33F3 -only-testing:RetroRacingUniversalUITests/AppStoreScreenshotTests/testCaptureConfiguredScreenshot -parallel-testing-enabled NO
  -> installed de-DE_8 in Screenshot Studio
[11/30] nl-NL_4
Applied capture locale nl-NL on simulator(s): BCC4396C-8DD3-4835-A5D9-E7146BBA33F3
  plan -> /tmp/retrorapid-capture-plan-active.json (nl-NL_4)
RETRORAPID_SCREENSHOT_APPEARANCE=light RETRORAPID_SCREENSHOT_FILE_EXTENSION=.jpeg RETRORAPID_SCREENSHOT_MAX_RETRIES=1 RETRORAPID_SCREENSHOT_PLATFORM=ipad RETRORAPID_SCREENSHOT_SKIP_EXISTING=0 RETRORAPID_SCREENSHOT_STAGING=/Users/dadederk/Developer/RetroRacing/.build/screenshot-capture/ipad RETRORAPID_SCREENSHOT_TARGETS=nl-NL_4 /usr/bin/xcrun xcodebuild test-without-building -project /Users/dadederk/Developer/RetroRacing/RetroRacing/RetroRacing.xcodeproj -scheme RetroRacingUniversal -destination platform=iOS Simulator,id=BCC4396C-8DD3-4835-A5D9-E7146BBA33F3 -only-testing:RetroRacingUniversalUITests/AppStoreScreenshotTests/testCaptureConfiguredScreenshot -parallel-testing-enabled NO
  -> installed nl-NL_4 in Screenshot Studio
[12/30] nl-NL_5
Applied capture locale nl-NL on simulator(s): BCC4396C-8DD3-4835-A5D9-E7146BBA33F3
  plan -> /tmp/retrorapid-capture-plan-active.json (nl-NL_5)
RETRORAPID_SCREENSHOT_APPEARANCE=light RETRORAPID_SCREENSHOT_FILE_EXTENSION=.jpeg RETRORAPID_SCREENSHOT_MAX_RETRIES=1 RETRORAPID_SCREENSHOT_PLATFORM=ipad RETRORAPID_SCREENSHOT_SKIP_EXISTING=0 RETRORAPID_SCREENSHOT_STAGING=/Users/dadederk/Developer/RetroRacing/.build/screenshot-capture/ipad RETRORAPID_SCREENSHOT_TARGETS=nl-NL_5 /usr/bin/xcrun xcodebuild test-without-building -project /Users/dadederk/Developer/RetroRacing/RetroRacing/RetroRacing.xcodeproj -scheme RetroRacingUniversal -destination platform=iOS Simulator,id=BCC4396C-8DD3-4835-A5D9-E7146BBA33F3 -only-testing:RetroRacingUniversalUITests/AppStoreScreenshotTests/testCaptureConfiguredScreenshot -parallel-testing-enabled NO
  -> installed nl-NL_5 in Screenshot Studio
[13/30] nl-NL_6
Applied capture locale nl-NL on simulator(s): BCC4396C-8DD3-4835-A5D9-E7146BBA33F3
  plan -> /tmp/retrorapid-capture-plan-active.json (nl-NL_6)
RETRORAPID_SCREENSHOT_APPEARANCE=light RETRORAPID_SCREENSHOT_FILE_EXTENSION=.jpeg RETRORAPID_SCREENSHOT_MAX_RETRIES=1 RETRORAPID_SCREENSHOT_PLATFORM=ipad RETRORAPID_SCREENSHOT_SKIP_EXISTING=0 RETRORAPID_SCREENSHOT_STAGING=/Users/dadederk/Developer/RetroRacing/.build/screenshot-capture/ipad RETRORAPID_SCREENSHOT_TARGETS=nl-NL_6 /usr/bin/xcrun xcodebuild test-without-building -project /Users/dadederk/Developer/RetroRacing/RetroRacing/RetroRacing.xcodeproj -scheme RetroRacingUniversal -destination platform=iOS Simulator,id=BCC4396C-8DD3-4835-A5D9-E7146BBA33F3 -only-testing:RetroRacingUniversalUITests/AppStoreScreenshotTests/testCaptureConfiguredScreenshot -parallel-testing-enabled NO
  -> installed nl-NL_6 in Screenshot Studio
[14/30] nl-NL_7
Applied capture locale nl-NL on simulator(s): BCC4396C-8DD3-4835-A5D9-E7146BBA33F3
  plan -> /tmp/retrorapid-capture-plan-active.json (nl-NL_7)
RETRORAPID_SCREENSHOT_APPEARANCE=light RETRORAPID_SCREENSHOT_FILE_EXTENSION=.jpeg RETRORAPID_SCREENSHOT_MAX_RETRIES=1 RETRORAPID_SCREENSHOT_PLATFORM=ipad RETRORAPID_SCREENSHOT_SKIP_EXISTING=0 RETRORAPID_SCREENSHOT_STAGING=/Users/dadederk/Developer/RetroRacing/.build/screenshot-capture/ipad RETRORAPID_SCREENSHOT_TARGETS=nl-NL_7 /usr/bin/xcrun xcodebuild test-without-building -project /Users/dadederk/Developer/RetroRacing/RetroRacing/RetroRacing.xcodeproj -scheme RetroRacingUniversal -destination platform=iOS Simulator,id=BCC4396C-8DD3-4835-A5D9-E7146BBA33F3 -only-testing:RetroRacingUniversalUITests/AppStoreScreenshotTests/testCaptureConfiguredScreenshot -parallel-testing-enabled NO
  -> installed nl-NL_7 in Screenshot Studio
[15/30] nl-NL_8
Applied capture locale nl-NL on simulator(s): BCC4396C-8DD3-4835-A5D9-E7146BBA33F3
  plan -> /tmp/retrorapid-capture-plan-active.json (nl-NL_8)
RETRORAPID_SCREENSHOT_APPEARANCE=light RETRORAPID_SCREENSHOT_FILE_EXTENSION=.jpeg RETRORAPID_SCREENSHOT_MAX_RETRIES=1 RETRORAPID_SCREENSHOT_PLATFORM=ipad RETRORAPID_SCREENSHOT_SKIP_EXISTING=0 RETRORAPID_SCREENSHOT_STAGING=/Users/dadederk/Developer/RetroRacing/.build/screenshot-capture/ipad RETRORAPID_SCREENSHOT_TARGETS=nl-NL_8 /usr/bin/xcrun xcodebuild test-without-building -project /Users/dadederk/Developer/RetroRacing/RetroRacing/RetroRacing.xcodeproj -scheme RetroRacingUniversal -destination platform=iOS Simulator,id=BCC4396C-8DD3-4835-A5D9-E7146BBA33F3 -only-testing:RetroRacingUniversalUITests/AppStoreScreenshotTests/testCaptureConfiguredScreenshot -parallel-testing-enabled NO
  -> installed nl-NL_8 in Screenshot Studio
[16/30] it_4
Applied capture locale it on simulator(s): BCC4396C-8DD3-4835-A5D9-E7146BBA33F3
  plan -> /tmp/retrorapid-capture-plan-active.json (it_4)
RETRORAPID_SCREENSHOT_APPEARANCE=light RETRORAPID_SCREENSHOT_FILE_EXTENSION=.jpeg RETRORAPID_SCREENSHOT_MAX_RETRIES=1 RETRORAPID_SCREENSHOT_PLATFORM=ipad RETRORAPID_SCREENSHOT_SKIP_EXISTING=0 RETRORAPID_SCREENSHOT_STAGING=/Users/dadederk/Developer/RetroRacing/.build/screenshot-capture/ipad RETRORAPID_SCREENSHOT_TARGETS=it_4 /usr/bin/xcrun xcodebuild test-without-building -project /Users/dadederk/Developer/RetroRacing/RetroRacing/RetroRacing.xcodeproj -scheme RetroRacingUniversal -destination platform=iOS Simulator,id=BCC4396C-8DD3-4835-A5D9-E7146BBA33F3 -only-testing:RetroRacingUniversalUITests/AppStoreScreenshotTests/testCaptureConfiguredScreenshot -parallel-testing-enabled NO
  -> installed it_4 in Screenshot Studio
[17/30] it_5
Applied capture locale it on simulator(s): BCC4396C-8DD3-4835-A5D9-E7146BBA33F3
  plan -> /tmp/retrorapid-capture-plan-active.json (it_5)
RETRORAPID_SCREENSHOT_APPEARANCE=light RETRORAPID_SCREENSHOT_FILE_EXTENSION=.jpeg RETRORAPID_SCREENSHOT_MAX_RETRIES=1 RETRORAPID_SCREENSHOT_PLATFORM=ipad RETRORAPID_SCREENSHOT_SKIP_EXISTING=0 RETRORAPID_SCREENSHOT_STAGING=/Users/dadederk/Developer/RetroRacing/.build/screenshot-capture/ipad RETRORAPID_SCREENSHOT_TARGETS=it_5 /usr/bin/xcrun xcodebuild test-without-building -project /Users/dadederk/Developer/RetroRacing/RetroRacing/RetroRacing.xcodeproj -scheme RetroRacingUniversal -destination platform=iOS Simulator,id=BCC4396C-8DD3-4835-A5D9-E7146BBA33F3 -only-testing:RetroRacingUniversalUITests/AppStoreScreenshotTests/testCaptureConfiguredScreenshot -parallel-testing-enabled NO
  -> installed it_5 in Screenshot Studio
[18/30] it_6
Applied capture locale it on simulator(s): BCC4396C-8DD3-4835-A5D9-E7146BBA33F3
  plan -> /tmp/retrorapid-capture-plan-active.json (it_6)
RETRORAPID_SCREENSHOT_APPEARANCE=light RETRORAPID_SCREENSHOT_FILE_EXTENSION=.jpeg RETRORAPID_SCREENSHOT_MAX_RETRIES=1 RETRORAPID_SCREENSHOT_PLATFORM=ipad RETRORAPID_SCREENSHOT_SKIP_EXISTING=0 RETRORAPID_SCREENSHOT_STAGING=/Users/dadederk/Developer/RetroRacing/.build/screenshot-capture/ipad RETRORAPID_SCREENSHOT_TARGETS=it_6 /usr/bin/xcrun xcodebuild test-without-buCommand line invocation:
    /Applications/Xcode-beta.app/Contents/Developer/usr/bin/xcodebuild test-without-building -project /Users/dadederk/Developer/RetroRacing/RetroRacing/RetroRacing.xcodeproj -scheme RetroRacingUniversal -destination "platform=iOS Simulator,id=BCC4396C-8DD3-4835-A5D9-E7146BBA33F3" "-only-testing:RetroRacingUniversalUITests/AppStoreScreenshotTests/testCaptureConfiguredScreenshot" -parallel-testing-enabled NO

Resolve Package Graph


Resolved source packages:
  ArcadeAudioKit: /Users/dadederk/Developer/ArcadeAudioKit @ local

2026-07-25 09:19:28.289267+0200 RetroRacingUniversalUITests-Runner[17947:3159410] [Default] Running tests...
2026-07-25 09:19:28.317971+0200 RetroRacingUniversalUITests-Runner[17947:3159410] [UIKit App Config] Update the Info.plist: Launch screens will soon be required.
    t =      nans Interface orientation changed to Landscape Left
Test Suite 'Selected tests' started at 2026-07-25 09:19:30.521.
Test Suite 'RetroRacingUniversalUITests.xctest' started at 2026-07-25 09:19:30.522.
Test Suite 'AppStoreScreenshotTests' started at 2026-07-25 09:19:30.522.
Test Case '-[RetroRacingUniversalUITests.AppStoreScreenshotTests testCaptureConfiguredScreenshot]' started.
    t =     0.00s Start Test at 2026-07-25 09:19:30.524
    t =     0.03s Set Up
    t =     0.03s     Setting device orientation to Landscape Right
    t =     0.05s         Wait for com.apple.springboard to idle
objc[17947]: Class UIAccessibilityLoaderWebShared is implemented in both /Library/Developer/CoreSimulator/Volumes/iOS_24A5355p/Library/Developer/CoreSimulator/Profiles/Runtimes/iOS 27.0.simruntime/Contents/Resources/RuntimeRoot/System/Library/AccessibilityBundles/WebKit.axbundle/WebKit (0x105d60398) and /Library/Developer/CoreSimulator/Volumes/iOS_24A5355p/Library/Developer/CoreSimulator/Profiles/Runtimes/iOS 27.0.simruntime/Contents/Resources/RuntimeRoot/System/Library/AccessibilityBundles/WebCore.axbundle/WebCore (0x1060c4310). This may cause spurious casting failures and mysterious crashes. One of the duplicates must be removed or renamed.
Screenshot capture plan: it_6 -> /Users/dadederk/Developer/RetroRacing/.build/screenshot-capture/ipad/it_6.jpeg
    t =     1.59s Open com.accessibilityUpTo11.RetroRacing
    t =     1.59s     Launch com.accessibilityUpTo11.RetroRacing
2026-07-25 09:19:32.181 xcodebuild[17907:3159116] [MT] IDELaunchParametersSnapshot: debugger version lookup failed for path '<nil>': noURL
2026-07-25 09:19:32.181 xcodebuild[17907:3159116] [MT] IDELaunchParametersSnapshot: no debugger version
    t =     2.48s         Setting up automation session
    t =     5.21s         Wait for com.accessibilityUpTo11.RetroRacing to idle
    t =     7.16s Waiting 45.0s for "screenshot-ready-slide-6" Any to exist
    t =     8.20s     Checking `Expect predicate `existsNoRetry == 1` for object "screenshot-ready-slide-6" Any`
    t =     8.20s         Checking existence of `"screenshot-ready-slide-6" Any`
    t =     8.26s Checking existence of `"screenshot-ready-slide-6" Any`
    t =     8.29s Requesting snapshot of accessibility hierarchy for app with pid 18074
    t =     8.58s Requesting snapshot of accessibility hierarchy for app with pid 18074
Saving iPad landscape capture at 2752x2064 (it_6.jpeg)
    t =    10.50s Terminate com.accessibilityUpTo11.RetroRacing:18074
    t =    11.58s Tear Down
Test Case '-[RetroRacingUniversalUITests.AppStoreScreenshotTests testCaptureConfiguredScreenshot]' passed (11.659 seconds).
Test Suite 'AppStoreScreenshotTests' passed at 2026-07-25 09:19:42.184.
	 Executed 1 test, with 0 failures (0 unexpected) in 11.659 (11.662) seconds
Test Suite 'RetroRacingUniversalUITests.xctest' passed at 2026-07-25 09:19:42.185.
	 Executed 1 test, with 0 failures (0 unexpected) in 11.659 (11.663) seconds
Test Suite 'Selected tests' passed at 2026-07-25 09:19:42.185.
	 Executed 1 test, with 0 failures (0 unexpected) in 11.659 (11.664) seconds
2026-07-25 09:19:42.465 xcodebuild[17907:3159116] [MT] IDETestOperationsObserverDebug: 15.166 elapsed -- Testing started completed.
2026-07-25 09:19:42.465 xcodebuild[17907:3159116] [MT] IDETestOperationsObserverDebug: 0.000 sec, +0.000 sec -- start
2026-07-25 09:19:42.465 xcodebuild[17907:3159116] [MT] IDETestOperationsObserverDebug: 15.166 sec, +15.166 sec -- end

Test session results, code coverage, and logs:
	/Users/dadederk/Library/Developer/Xcode/DerivedData/RetroRacing-dvbcfpydhzoqgmcruczvsmobktgj/Logs/Test/Test-RetroRacingUniversal-2026.07.25_09-19-27-+0200.xcresult

** TEST EXECUTE SUCCEEDED **

Testing started
An error was encountered processing the command (domain=com.apple.CoreSimulator.SimError, code=405):
Unable to boot device in current state: Booted
Monitoring boot status for iPad Pro 13-inch (M5) (BCC4396C-8DD3-4835-A5D9-E7146BBA33F3).
Device already booted, nothing to do.

Command line invocation:
    /Applications/Xcode-beta.app/Contents/Developer/usr/bin/xcodebuild test-without-building -project /Users/dadederk/Developer/RetroRacing/RetroRacing/RetroRacing.xcodeproj -scheme RetroRacingUniversal -destination "platform=iOS Simulator,id=BCC4396C-8DD3-4835-A5D9-E7146BBA33F3" "-only-testing:RetroRacingUniversalUITests/AppStoreScreenshotTests/testCaptureConfiguredScreenshot" -parallel-testing-enabled NO

Resolve Package Graph


Resolved source packages:
  ArcadeAudioKit: /Users/dadederk/Developer/ArcadeAudioKit @ local

2026-07-25 09:19:46.303699+0200 RetroRacingUniversalUITests-Runner[18494:3161894] [Default] Running tests...
2026-07-25 09:19:46.332575+0200 RetroRacingUniversalUITests-Runner[18494:3161894] [UIKit App Config] Update the Info.plist: Launch screens will soon be required.
    t =      nans Interface orientation changed to Landscape Left
Test Suite 'Selected tests' started at 2026-07-25 09:19:48.656.
Test Suite 'RetroRacingUniversalUITests.xctest' started at 2026-07-25 09:19:48.657.
Test Suite 'AppStoreScreenshotTests' started at 2026-07-25 09:19:48.657.
Test Case '-[RetroRacingUniversalUITests.AppStoreScreenshotTests testCaptureConfiguredScreenshot]' started.
    t =     0.00s Start Test at 2026-07-25 09:19:48.660
    t =     0.03s Set Up
    t =     0.03s     Setting device orientation to Landscape Right
    t =     0.04s         Wait for com.apple.springboard to idle
objc[18494]: Class UIAccessibilityLoaderWebShared is implemented in both /Library/Developer/CoreSimulator/Volumes/iOS_24A5355p/Library/Developer/CoreSimulator/Profiles/Runtimes/iOS 27.0.simruntime/Contents/Resources/RuntimeRoot/System/Library/AccessibilityBundles/WebKit.axbundle/WebKit (0x108c08398) and /Library/Developer/CoreSimulator/Volumes/iOS_24A5355p/Library/Developer/CoreSimulator/Profiles/Runtimes/iOS 27.0.simruntime/Contents/Resources/RuntimeRoot/System/Library/AccessibilityBundles/WebCore.axbundle/WebCore (0x108f58310). This may cause spurious casting failures and mysterious crashes. One of the duplicates must be removed or renamed.
Screenshot capture plan: it_7 -> /Users/dadederk/Developer/RetroRacing/.build/screenshot-capture/ipad/it_7.jpeg
    t =     1.58s Open com.accessibilityUpTo11.RetroRacing
    t =     1.58s     Launch com.accessibilityUpTo11.RetroRacing
2026-07-25 09:19:50.304 xcodebuild[18474:3161608] [MT] IDELaunchParametersSnapshot: debugger version lookup failed for path '<nil>': noURL
2026-07-25 09:19:50.304 xcodebuild[18474:3161608] [MT] IDELaunchParametersSnapshot: no debugger version
    t =     2.46s         Setting up automation session
    t =     5.49s         Wait for com.accessibilityUpTo11.RetroRacing to idle
    t =     7.17s Waiting 45.0s for "screenshot-ready-slide-7" Any to exist
    t =     8.22s     Checking `Expect predicate `existsNoRetry == 1` for object "screenshot-ready-slide-7" Any`
    t =     8.22s         Checking existence of `"screenshot-ready-slide-7" Any`
    t =     8.26s Checking existence of `"screenshot-ready-slide-7" Any`
    t =     8.27s Requesting snapshot of accessibility hierarchy for app with pid 18626
    t =     8.40s Requesting snapshot of accessibility hierarchy for app with pid 18626
Saving iPad landscape capture at 2752x2064 (it_7.jpeg)
    t =    10.30s Terminate com.accessibilityUpTo11.RetroRacing:18626
    t =    11.36s Tear Down
Test Case '-[RetroRacingUniversalUITests.AppStoreScreenshotTests testCaptureConfiguredScreenshot]' passed (11.432 seconds).
Test Suite 'AppStoreScreenshotTests' passed at 2026-07-25 09:20:00.093.
	 Executed 1 test, with 0 failures (0 unexpected) in 11.432 (11.435) seconds
Test Suite 'RetroRacingUniversalUITests.xctest' passed at 2026-07-25 09:20:00.093.
	 Executed 1 test, with 0 failures (0 unexpected) in 11.432 (11.436) seconds
Test Suite 'Selected tests' passed at 2026-07-25 09:20:00.094.
	 Executed 1 test, with 0 failures (0 unexpected) in 11.432 (11.438) seconds
2026-07-25 09:20:00.373 xcodebuild[18474:3161608] [MT] IDETestOperationsObserverDebug: 15.135 elapsed -- Testing started completed.
2026-07-25 09:20:00.373 xcodebuild[18474:3161608] [MT] IDETestOperationsObserverDebug: 0.000 sec, +0.000 sec -- start
2026-07-25 09:20:00.373 xcodebuild[18474:3161608] [MT] IDETestOperationsObserverDebug: 15.135 sec, +15.135 sec -- end

Test session results, code coverage, and logs:
	/Users/dadederk/Library/Developer/Xcode/DerivedData/RetroRacing-dvbcfpydhzoqgmcruczvsmobktgj/Logs/Test/Test-RetroRacingUniversal-2026.07.25_09-19-45-+0200.xcresult

** TEST EXECUTE SUCCEEDED **

Testing started
An error was encountered processing the command (domain=com.apple.CoreSimulator.SimError, code=405):
Unable to boot device in current state: Booted
Monitoring boot status for iPad Pro 13-inch (M5) (BCC4396C-8DD3-4835-A5D9-E7146BBA33F3).
Device already booted, nothing to do.

Command line invocation:
    /Applications/Xcode-beta.app/Contents/Developer/usr/bin/xcodebuild test-without-building -project /Users/dadederk/Developer/RetroRacing/RetroRacing/RetroRacing.xcodeproj -scheme RetroRacingUniversal -destination "platform=iOS Simulator,id=BCC4396C-8DD3-4835-A5D9-E7146BBA33F3" "-only-testing:RetroRacingUniversalUITests/AppStoreScreenshotTests/testCaptureConfiguredScreenshot" -parallel-testing-enabled NO

Resolve Package Graph


Resolved source packages:
  ArcadeAudioKit: /Users/dadederk/Developer/ArcadeAudioKit @ local

2026-07-25 09:20:04.217251+0200 RetroRacingUniversalUITests-Runner[19040:3164585] [Default] Running tests...
2026-07-25 09:20:04.246250+0200 RetroRacingUniversalUITests-Runner[19040:3164585] [UIKit App Config] Update the Info.plist: Launch screens will soon be required.
    t =      nans Interface orientation changed to Landscape Left
Test Suite 'Selected tests' started at 2026-07-25 09:20:06.495.
Test Suite 'RetroRacingUniversalUITests.xctest' started at 2026-07-25 09:20:06.496.
Test Suite 'AppStoreScreenshotTests' started at 2026-07-25 09:20:06.496.
Test Case '-[RetroRacingUniversalUITests.AppStoreScreenshotTests testCaptureConfiguredScreenshot]' started.
    t =     0.00s Start Test at 2026-07-25 09:20:06.499
    t =     0.03s Set Up
    t =     0.03s     Setting device orientation to Landscape Right
    t =     0.04s         Wait for com.apple.springboard to idle
objc[19040]: Class UIAccessibilityLoaderWebShared is implemented in both /Library/Developer/CoreSimulator/Volumes/iOS_24A5355p/Library/Developer/CoreSimulator/Profiles/Runtimes/iOS 27.0.simruntime/Contents/Resources/RuntimeRoot/System/Library/AccessibilityBundles/WebKit.axbundle/WebKit (0x108aa8398) and /Library/Developer/CoreSimulator/Volumes/iOS_24A5355p/Library/Developer/CoreSimulator/Profiles/Runtimes/iOS 27.0.simruntime/Contents/Resources/RuntimeRoot/System/Library/AccessibilityBundles/WebCore.axbundle/WebCore (0x108e0c310). This may cause spurious casting failures and mysterious crashes. One of the duplicates must be removed or renamed.
Screenshot capture plan: it_8 -> /Users/dadederk/Developer/RetroRacing/.build/screenshot-capture/ipad/it_8.jpeg
    t =     1.58s Open com.accessibilityUpTo11.RetroRacing
    t =     1.59s     Launch com.accessibilityUpTo11.RetroRacing
2026-07-25 09:20:08.144 xcodebuild[19024:3164337] [MT] IDELaunchParametersSnapshot: debugger version lookup failed for path '<nil>': noURL
2026-07-25 09:20:08.144 xcodebuild[19024:3164337] [MT] IDELaunchParametersSnapshot: no debugger version
    t =     2.47s         Setting up automation session
    t =     5.12s         Wait for com.accessibilityUpTo11.RetroRacing to idle
    t =     6.82s Waiting 45.0s for "screenshot-ready-slide-8" Any to exist
    t =     7.86s     Checking `Expect predicate `existsNoRetry == 1` for object "screenshot-ready-slide-8" Any`
    t =     7.86s         Checking existence of `"screenshot-ready-slide-8" Any`
    t =     7.92s Checking existence of `"screenshot-ready-slide-8" Any`
    t =     7.94s Requesting snapshot of accessibility hierarchy for app with pid 19179
    t =     8.10s Requesting snapshot of accessibility hierarchy for app with pid 19179
Saving iPad landscape capture at 2752x2064 (it_8.jpeg)
    t =    10.01s Terminate com.accessibilityUpTo11.RetroRacing:19179
    t =    11.07s Tear Down
Test Case '-[RetroRacingUniversalUITests.AppStoreScreenshotTests testCaptureConfiguredScreenshot]' passed (11.101 seconds).
Test Suite 'AppStoreScreenshotTests' passed at 2026-07-25 09:20:17.600.
	 Executed 1 test, with 0 failures (0 unexpected) in 11.101 (11.104) seconds
Test Suite 'RetroRacingUniversalUITests.xctest' passed at 2026-07-25 09:20:17.601.
	 Executed 1 test, with 0 failures (0 unexpected) in 11.101 (11.105) seconds
Test Suite 'Selected tests' passed at 2026-07-25 09:20:17.602.
	 Executed 1 test, with 0 failures (0 unexpected) in 11.101 (11.107) seconds
2026-07-25 09:20:17.881 xcodebuild[19024:3164337] [MT] IDETestOperationsObserverDebug: 14.647 elapsed -- Testing started completed.
2026-07-25 09:20:17.881 xcodebuild[19024:3164337] [MT] IDETestOperationsObserverDebug: 0.000 sec, +0.000 sec -- start
2026-07-25 09:20:17.881 xcodebuild[19024:3164337] [MT] IDETestOperationsObserverDebug: 14.647 sec, +14.647 sec -- end

Test session results, code coverage, and logs:
	/Users/dadederk/Library/Developer/Xcode/DerivedData/RetroRacing-dvbcfpydhzoqgmcruczvsmobktgj/Logs/Test/Test-RetroRacingUniversal-2026.07.25_09-20-03-+0200.xcresult

** TEST EXECUTE SUCCEEDED **

Testing started
An error was encountered processing the command (domain=com.apple.CoreSimulator.SimError, code=405):
Unable to boot device in current state: Booted
Monitoring boot status for iPad Pro 13-inch (M5) (BCC4396C-8DD3-4835-A5D9-E7146BBA33F3).
Device already booted, nothing to do.

Command line invocation:
    /Applications/Xcode-beta.app/Contents/Developer/usr/bin/xcodebuild test-without-building -project /Users/dadederk/Developer/RetroRacing/RetroRacing/RetroRacing.xcodeproj -scheme RetroRacingUniversal -destination "platform=iOS Simulator,id=BCC4396C-8DD3-4835-A5D9-E7146BBA33F3" "-only-testing:RetroRacingUniversalUITests/AppStoreScreenshotTests/testCaptureConfiguredScreenshot" -parallel-testing-enabled NO

Resolve Package Graph


Resolved source packages:
  ArcadeAudioKit: /Users/dadederk/Developer/ArcadeAudioKit @ local

2026-07-25 09:20:21.659227+0200 RetroRacingUniversalUITests-Runner[19583:3167091] [Default] Running tests...
2026-07-25 09:20:21.688851+0200 RetroRacingUniversalUITests-Runner[19583:3167091] [UIKit App Config] Update the Info.plist: Launch screens will soon be required.
    t =      nans Interface orientation changed to Landscape Left
Test Suite 'Selected tests' started at 2026-07-25 09:20:23.874.
Test Suite 'RetroRacingUniversalUITests.xctest' started at 2026-07-25 09:20:23.874.
Test Suite 'AppStoreScreenshotTests' started at 2026-07-25 09:20:23.875.
Test Case '-[RetroRacingUniversalUITests.AppStoreScreenshotTests testCaptureConfiguredScreenshot]' started.
    t =     0.00s Start Test at 2026-07-25 09:20:23.877
    t =     0.03s Set Up
    t =     0.03s     Setting device orientation to Landscape Right
    t =     0.03s         Wait for com.apple.springboard to idle
objc[19583]: Class UIAccessibilityLoaderWebShared is implemented in both /Library/Developer/CoreSimulator/Volumes/iOS_24A5355p/Library/Developer/CoreSimulator/Profiles/Runtimes/iOS 27.0.simruntime/Contents/Resources/RuntimeRoot/System/Library/AccessibilityBundles/WebKit.axbundle/WebKit (0x108474398) and /Library/Developer/CoreSimulator/Volumes/iOS_24A5355p/Library/Developer/CoreSimulator/Profiles/Runtimes/iOS 27.0.simruntime/Contents/Resources/RuntimeRoot/System/Library/AccessibilityBundles/WebCore.axbundle/WebCore (0x1085b8310). This may cause spurious casting failures and mysterious crashes. One of the duplicates must be removed or renamed.
Screenshot capture plan: fr-FR_4 -> /Users/dadederk/Developer/RetroRacing/.build/screenshot-capture/ipad/fr-FR_4.jpeg
    t =     1.57s Open com.accessibilityUpTo11.RetroRacing
    t =     1.57s     Launch com.accessibilityUpTo11.RetroRacing
2026-07-25 09:20:25.514 xcodebuild[19570:3166872] [MT] IDELaunchParametersSnapshot: debugger version lookup failed for path '<nil>': noURL
2026-07-25 09:20:25.514 xcodebuild[19570:3166872] [MT] IDELaunchParametersSnapshot: no debugger version
    t =     2.46s         Setting up automation session
    t =     5.12s         Wait for com.accessibilityUpTo11.RetroRacing to idle
    t =     6.84s Waiting 45.0s for "screenshot-ready-slide-4" Any to exist
    t =     7.88s     Checking `Expect predicate `existsNoRetry == 1` for object "screenshot-ready-slide-4" Any`
    t =     7.88s         Checking existence of `"screenshot-ready-slide-4" Any`
    t =     7.92s Checking existence of `"screenshot-ready-slide-4" Any`
    t =     7.94s Requesting snapshot of accessibility hierarchy for app with pid 19725
    t =     8.07s Requesting snapshot of accessibility hierarchy for app with pid 19725
Saving iPad landscape capture at 2752x2064 (fr-FR_4.jpeg)
    t =     9.97s Terminate com.accessibilityUpTo11.RetroRacing:19725
    t =    11.04s Tear Down
Test Case '-[RetroRacingUniversalUITests.AppStoreScreenshotTests testCaptureConfiguredScreenshot]' passed (11.125 seconds).
Test Suite 'AppStoreScreenshotTests' passed at 2026-07-25 09:20:35.003.
	 Executed 1 test, with 0 failures (0 unexpected) in 11.125 (11.128) seconds
Test Suite 'RetroRacingUniversalUITests.xctest' passed at 2026-07-25 09:20:35.003.
	 Executed 1 test, with 0 failures (0 unexpected) in 11.125 (11.129) seconds
Test Suite 'Selected tests' passed at 2026-07-25 09:20:35.004.
	 Executed 1 test, with 0 failures (0 unexpected) in 11.125 (11.131) seconds
2026-07-25 09:20:35.285 xcodebuild[19570:3166872] [MT] IDETestOperationsObserverDebug: 14.606 elapsed -- Testing started completed.
2026-07-25 09:20:35.285 xcodebuild[19570:3166872] [MT] IDETestOperationsObserverDebug: 0.000 sec, +0.000 sec -- start
2026-07-25 09:20:35.285 xcodebuild[19570:3166872] [MT] IDETestOperationsObserverDebug: 14.606 sec, +14.606 sec -- end

Test session results, code coverage, and logs:
	/Users/dadederk/Library/Developer/Xcode/DerivedData/RetroRacing-dvbcfpydhzoqgmcruczvsmobktgj/Logs/Test/Test-RetroRacingUniversal-2026.07.25_09-20-20-+0200.xcresult

** TEST EXECUTE SUCCEEDED **

Testing started
An error was encountered processing the command (domain=com.apple.CoreSimulator.SimError, code=405):
Unable to boot device in current state: Booted
Monitoring boot status for iPad Pro 13-inch (M5) (BCC4396C-8DD3-4835-A5D9-E7146BBA33F3).
Device already booted, nothing to do.

Command line invocation:
    /Applications/Xcode-beta.app/Contents/Developer/usr/bin/xcodebuild test-without-building -project /Users/dadederk/Developer/RetroRacing/RetroRacing/RetroRacing.xcodeproj -scheme RetroRacingUniversal -destination "platform=iOS Simulator,id=BCC4396C-8DD3-4835-A5D9-E7146BBA33F3" "-only-testing:RetroRacingUniversalUITests/AppStoreScreenshotTests/testCaptureConfiguredScreenshot" -parallel-testing-enabled NO

Resolve Package Graph


Resolved source packages:
  ArcadeAudioKit: /Users/dadederk/Developer/ArcadeAudioKit @ local

2026-07-25 09:20:39.073814+0200 RetroRacingUniversalUITests-Runner[20133:3169483] [Default] Running tests...
2026-07-25 09:20:39.103095+0200 RetroRacingUniversalUITests-Runner[20133:3169483] [UIKit App Config] Update the Info.plist: Launch screens will soon be required.
    t =      nans Interface orientation changed to Landscape Left
Test Suite 'Selected tests' started at 2026-07-25 09:20:41.289.
Test Suite 'RetroRacingUniversalUITests.xctest' started at 2026-07-25 09:20:41.290.
Test Suite 'AppStoreScreenshotTests' started at 2026-07-25 09:20:41.290.
Test Case '-[RetroRacingUniversalUITests.AppStoreScreenshotTests testCaptureConfiguredScreenshot]' started.
    t =     0.00s Start Test at 2026-07-25 09:20:41.293
    t =     0.03s Set Up
    t =     0.03s     Setting device orientation to Landscape Right
    t =     0.04s         Wait for com.apple.springboard to idle
objc[20133]: Class UIAccessibilityLoaderWebShared is implemented in both /Library/Developer/CoreSimulator/Volumes/iOS_24A5355p/Library/Developer/CoreSimulator/Profiles/Runtimes/iOS 27.0.simruntime/Contents/Resources/RuntimeRoot/System/Library/AccessibilityBundles/WebKit.axbundle/WebKit (0x10a75c398) and /Library/Developer/CoreSimulator/Volumes/iOS_24A5355p/Library/Developer/CoreSimulator/Profiles/Runtimes/iOS 27.0.simruntime/Contents/Resources/RuntimeRoot/System/Library/AccessibilityBundles/WebCore.axbundle/WebCore (0x10a8a0310). This may cause spurious casting failures and mysterious crashes. One of the duplicates must be removed or renamed.
Screenshot capture plan: fr-FR_5 -> /Users/dadederk/Developer/RetroRacing/.build/screenshot-capture/ipad/fr-FR_5.jpeg
    t =     1.57s Open com.accessibilityUpTo11.RetroRacing
    t =     1.57s     Launch com.accessibilityUpTo11.RetroRacing
2026-07-25 09:20:42.935 xcodebuild[20117:3169242] [MT] IDELaunchParametersSnapshot: debugger version lookup failed for path '<nil>': noURL
2026-07-25 09:20:42.935 xcodebuild[20117:3169242] [MT] IDELaunchParametersSnapshot: no debugger version
    t =     2.26s         Setting up automation session
    t =     5.23s         Wait for com.accessibilityUpTo11.RetroRacing to idle
    t =     6.92s Waiting 45.0s for "screenshot-ready-slide-5" Any to exist
    t =     7.96s     Checking `Expect predicate `existsNoRetry == 1` for object "screenshot-ready-slide-5" Any`
    t =     7.96s         Checking existence of `"screenshot-ready-slide-5" Any`
    t =     7.99s Checking existence of `"screenshot-ready-slide-5" Any`
    t =     8.01s Requesting snapshot of accessibility hierarchy for app with pid 20262
    t =     8.13s Requesting snapshot of accessibility hierarchy for app with pid 20262
Saving iPad landscape capture at 2752x2064 (fr-FR_5.jpeg)
    t =    10.04s Terminate com.accessibilityUpTo11.RetroRacing:20262
    t =    11.08s Tear Down
Test Case '-[RetroRacingUniversalUITests.AppStoreScreenshotTests testCaptureConfiguredScreenshot]' passed (11.160 seconds).
Test Suite 'AppStoreScreenshotTests' passed at 2026-07-25 09:20:52.453.
	 Executed 1 test, with 0 failures (0 unexpected) in 11.160 (11.162) seconds
Test Suite 'RetroRacingUniversalUITests.xctest' passed at 2026-07-25 09:20:52.453.
	 Executed 1 test, with 0 failures (0 unexpected) in 11.160 (11.163) seconds
Test Suite 'Selected tests' passed at 2026-07-25 09:20:52.454.
	 Executed 1 test, with 0 failures (0 unexpected) in 11.160 (11.165) seconds
2026-07-25 09:20:52.735 xcodebuild[20117:3169242] [MT] IDETestOperationsObserverDebug: 14.642 elapsed -- Testing started completed.
2026-07-25 09:20:52.735 xcodebuild[20117:3169242] [MT] IDETestOperationsObserverDebug: 0.000 sec, +0.000 sec -- start
2026-07-25 09:20:52.735 xcodebuild[20117:3169242] [MT] IDETestOperationsObserverDebug: 14.642 sec, +14.642 sec -- end

Test session results, code coverage, and logs:
	/Users/dadederk/Library/Developer/Xcode/DerivedData/RetroRacing-dvbcfpydhzoqgmcruczvsmobktgj/Logs/Test/Test-RetroRacingUniversal-2026.07.25_09-20-38-+0200.xcresult

** TEST EXECUTE SUCCEEDED **

Testing started
An error was encountered processing the command (domain=com.apple.CoreSimulator.SimError, code=405):
Unable to boot device in current state: Booted
Monitoring boot status for iPad Pro 13-inch (M5) (BCC4396C-8DD3-4835-A5D9-E7146BBA33F3).
Device already booted, nothing to do.

Command line invocation:
    /Applications/Xcode-beta.app/Contents/Developer/usr/bin/xcodebuild test-without-building -project /Users/dadederk/Developer/RetroRacing/RetroRacing/RetroRacing.xcodeproj -scheme RetroRacingUniversal -destination "platform=iOS Simulator,id=BCC4396C-8DD3-4835-A5D9-E7146BBA33F3" "-only-testing:RetroRacingUniversalUITests/AppStoreScreenshotTests/testCaptureConfiguredScreenshot" -parallel-testing-enabled NO

Resolve Package Graph


Resolved source packages:
  ArcadeAudioKit: /Users/dadederk/Developer/ArcadeAudioKit @ local

2026-07-25 09:20:56.749071+0200 RetroRacingUniversalUITests-Runner[20675:3172183] [Default] Running tests...
2026-07-25 09:20:56.777783+0200 RetroRacingUniversalUITests-Runner[20675:3172183] [UIKit App Config] Update the Info.plist: Launch screens will soon be required.
    t =      nans Interface orientation changed to Landscape Left
Test Suite 'Selected tests' started at 2026-07-25 09:20:58.966.
Test Suite 'RetroRacingUniversalUITests.xctest' started at 2026-07-25 09:20:58.967.
Test Suite 'AppStoreScreenshotTests' started at 2026-07-25 09:20:58.967.
Test Case '-[RetroRacingUniversalUITests.AppStoreScreenshotTests testCaptureConfiguredScreenshot]' started.
    t =     0.00s Start Test at 2026-07-25 09:20:58.969
    t =     0.03s Set Up
    t =     0.03s     Setting device orientation to Landscape Right
    t =     0.04s         Wait for com.apple.springboard to idle
objc[20675]: Class UIAccessibilityLoaderWebShared is implemented in both /Library/Developer/CoreSimulator/Volumes/iOS_24A5355p/Library/Developer/CoreSimulator/Profiles/Runtimes/iOS 27.0.simruntime/Contents/Resources/RuntimeRoot/System/Library/AccessibilityBundles/WebKit.axbundle/WebKit (0x10a9e4398) and /Library/Developer/CoreSimulator/Volumes/iOS_24A5355p/Library/Developer/CoreSimulator/Profiles/Runtimes/iOS 27.0.simruntime/Contents/Resources/RuntimeRoot/System/Library/AccessibilityBundles/WebCore.axbundle/WebCore (0x10ad48310). This may cause spurious casting failures and mysterious crashes. One of the duplicates must be removed or renamed.
Screenshot capture plan: fr-FR_6 -> /Users/dadederk/Developer/RetroRacing/.build/screenshot-capture/ipad/fr-FR_6.jpeg
    t =     1.58s Open com.accessibilityUpTo11.RetroRacing
    t =     1.58s     Launch com.accessibilityUpTo11.RetroRacing
2026-07-25 09:21:00.607 xcodebuild[20640:3171800] [MT] IDELaunchParametersSnapshot: debugger version lookup failed for path '<nil>': noURL
2026-07-25 09:21:00.607 xcodebuild[20640:3171800] [MT] IDELaunchParametersSnapshot: no debugger version
    t =     2.46s         Setting up automation session
    t =     5.21s         Wait for com.accessibilityUpTo11.RetroRacing to idle
    t =     7.23s Waiting 45.0s for "screenshot-ready-slide-6" Any to exist
    t =     8.27s     Checking `Expect predicate `existsNoRetry == 1` for object "screenshot-ready-slide-6" Any`
    t =     8.27s         Checking existence of `"screenshot-ready-slide-6" Any`
    t =     8.32s Checking existence of `"screenshot-ready-slide-6" Any`
    t =     8.35s Requesting snapshot of accessibility hierarchy for app with pid 20827
    t =     8.66s Requesting snapshot of accessibility hierarchy for app with pid 20827
Saving iPad landscape capture at 2752x2064 (fr-FR_6.jpeg)
    t =    10.58s Terminate com.accessibilityUpTo11.RetroRacing:20827
    t =    11.65s Tear Down
Test Case '-[RetroRacingUniversalUITests.AppStoreScreenshotTests testCaptureConfiguredScreenshot]' passed (11.682 seconds).
Test Suite 'AppStoreScreenshotTests' passed at 2026-07-25 09:21:10.652.
	 Executed 1 test, with 0 failures (0 unexpected) in 11.682 (11.685) seconds
Test Suite 'RetroRacingUniversalUITests.xctest' passed at 2026-07-25 09:21:10.652.
	 Executed 1 test, with 0 failures (0 unexpected) in 11.682 (11.686) seconds
Test Suite 'Selected tests' passed at 2026-07-25 09:21:10.653.
	 Executed 1 test, with 0 failures (0 unexpected) in 11.682 (11.687) seconds
2026-07-25 09:21:10.933 xcodebuild[20640:3171800] [MT] IDETestOperationsObserverDebug: 15.195 elapsed -- Testing started completed.
2026-07-25 09:21:10.933 xcodebuild[20640:3171800] [MT] IDETestOperationsObserverDebug: 0.000 sec, +0.000 sec -- start
2026-07-25 09:21:10.933 xcodebuild[20640:3171800] [MT] IDETestOperationsObserverDebug: 15.195 sec, +15.195 sec -- end

Test session results, code coverage, and logs:
	/Users/dadederk/Library/Developer/Xcode/DerivedData/RetroRacing-dvbcfpydhzoqgmcruczvsmobktgj/Logs/Test/Test-RetroRacingUniversal-2026.07.25_09-20-55-+0200.xcresult

** TEST EXECUTE SUCCEEDED **

Testing started
An error was encountered processing the command (domain=com.apple.CoreSimulator.SimError, code=405):
Unable to boot device in current state: Booted
Monitoring boot status for iPad Pro 13-inch (M5) (BCC4396C-8DD3-4835-A5D9-E7146BBA33F3).
Device already booted, nothing to do.

Command line invocation:
    /Applications/Xcode-beta.app/Contents/Developer/usr/bin/xcodebuild test-without-building -project /Users/dadederk/Developer/RetroRacing/RetroRacing/RetroRacing.xcodeproj -scheme RetroRacingUniversal -destination "platform=iOS Simulator,id=BCC4396C-8DD3-4835-A5D9-E7146BBA33F3" "-only-testing:RetroRacingUniversalUITests/AppStoreScreenshotTests/testCaptureConfiguredScreenshot" -parallel-testing-enabled NO

Resolve Package Graph


Resolved source packages:
  ArcadeAudioKit: /Users/dadederk/Developer/ArcadeAudioKit @ local

2026-07-25 09:21:14.577701+0200 RetroRacingUniversalUITests-Runner[21239:3174614] [Default] Running tests...
2026-07-25 09:21:14.607126+0200 RetroRacingUniversalUITests-Runner[21239:3174614] [UIKit App Config] Update the Info.plist: Launch screens will soon be required.
    t =      nans Interface orientation changed to Landscape Left
Test Suite 'Selected tests' started at 2026-07-25 09:21:16.825.
Test Suite 'RetroRacingUniversalUITests.xctest' started at 2026-07-25 09:21:16.825.
Test Suite 'AppStoreScreenshotTests' started at 2026-07-25 09:21:16.825.
Test Case '-[RetroRacingUniversalUITests.AppStoreScreenshotTests testCaptureConfiguredScreenshot]' started.
    t =     0.00s Start Test at 2026-07-25 09:21:16.828
    t =     0.03s Set Up
    t =     0.03s     Setting device orientation to Landscape Right
    t =     0.03s         Wait for com.apple.springboard to idle
objc[21239]: Class UIAccessibilityLoaderWebShared is implemented in both /Library/Developer/CoreSimulator/Volumes/iOS_24A5355p/Library/Developer/CoreSimulator/Profiles/Runtimes/iOS 27.0.simruntime/Contents/Resources/RuntimeRoot/System/Library/AccessibilityBundles/WebKit.axbundle/WebKit (0x108998398) and /Library/Developer/CoreSimulator/Volumes/iOS_24A5355p/Library/Developer/CoreSimulator/Profiles/Runtimes/iOS 27.0.simruntime/Contents/Resources/RuntimeRoot/System/Library/AccessibilityBundles/WebCore.axbundle/WebCore (0x108ce8310). This may cause spurious casting failures and mysterious crashes. One of the duplicates must be removed or renamed.
Screenshot capture plan: fr-FR_7 -> /Users/dadederk/Developer/RetroRacing/.build/screenshot-capture/ipad/fr-FR_7.jpeg
    t =     1.57s Open com.accessibilityUpTo11.RetroRacing
    t =     1.57s     Launch com.accessibilityUpTo11.RetroRacing
2026-07-25 09:21:18.461 xcodebuild[21221:3174370] [MT] IDELaunchParametersSnapshot: debugger version lookup failed for path '<nil>': noURL
2026-07-25 09:21:18.461 xcodebuild[21221:3174370] [MT] IDELaunchParametersSnapshot: no debugger version
    t =     2.45s         Setting up automation session
    t =     5.11s         Wait for com.accessibilityUpTo11.RetroRacing to idle
    t =     6.85s Waiting 45.0s for "screenshot-ready-slide-7" Any to exist
    t =     7.88s     Checking `Expect predicate `existsNoRetry == 1` for object "screenshot-ready-slide-7" Any`
    t =     7.89s         Checking existence of `"screenshot-ready-slide-7" Any`
    t =     7.92s Checking existence of `"screenshot-ready-slide-7" Any`
    t =     7.94s Requesting snapshot of accessibility hierarchy for app with pid 21369
    t =     8.06s Requesting snapshot of accessibility hierarchy for app with pid 21369
Saving iPad landscape capture at 2752x2064 (fr-FR_7.jpeg)
    t =     9.97s Terminate com.accessibilityUpTo11.RetroRacing:21369
    t =    11.04s Tear Down
Test Case '-[RetroRacingUniversalUITests.AppStoreScreenshotTests testCaptureConfiguredScreenshot]' passed (11.119 seconds).
Test Suite 'AppStoreScreenshotTests' passed at 2026-07-25 09:21:27.947.
	 Executed 1 test, with 0 failures (0 unexpected) in 11.119 (11.122) seconds
Test Suite 'RetroRacingUniversalUITests.xctest' passed at 2026-07-25 09:21:27.948.
	 Executed 1 test, with 0 failures (0 unexpected) in 11.119 (11.123) seconds
Test Suite 'Selected tests' passed at 2026-07-25 09:21:27.948.
	 Executed 1 test, with 0 failures (0 unexpected) in 11.119 (11.124) seconds
2026-07-25 09:21:28.230 xcodebuild[21221:3174370] [MT] IDETestOperationsObserverDebug: 14.639 elapsed -- Testing started completed.
2026-07-25 09:21:28.230 xcodebuild[21221:3174370] [MT] IDETestOperationsObserverDebug: 0.000 sec, +0.000 sec -- start
2026-07-25 09:21:28.230 xcodebuild[21221:3174370] [MT] IDETestOperationsObserverDebug: 14.639 sec, +14.639 sec -- end

Test session results, code coverage, and logs:
	/Users/dadederk/Library/Developer/Xcode/DerivedData/RetroRacing-dvbcfpydhzoqgmcruczvsmobktgj/Logs/Test/Test-RetroRacingUniversal-2026.07.25_09-21-13-+0200.xcresult

** TEST EXECUTE SUCCEEDED **

Testing started
An error was encountered processing the command (domain=com.apple.CoreSimulator.SimError, code=405):
Unable to boot device in current state: Booted
Monitoring boot status for iPad Pro 13-inch (M5) (BCC4396C-8DD3-4835-A5D9-E7146BBA33F3).
Device already booted, nothing to do.

Command line invocation:
    /Applications/Xcode-beta.app/Contents/Developer/usr/bin/xcodebuild test-without-building -project /Users/dadederk/Developer/RetroRacing/RetroRacing/RetroRacing.xcodeproj -scheme RetroRacingUniversal -destination "platform=iOS Simulator,id=BCC4396C-8DD3-4835-A5D9-E7146BBA33F3" "-only-testing:RetroRacingUniversalUITests/AppStoreScreenshotTests/testCaptureConfiguredScreenshot" -parallel-testing-enabled NO

Resolve Package Graph


Resolved source packages:
  ArcadeAudioKit: /Users/dadederk/Developer/ArcadeAudioKit @ local

2026-07-25 09:21:32.644576+0200 RetroRacingUniversalUITests-Runner[21833:3177457] [Default] Running tests...
2026-07-25 09:21:32.672326+0200 RetroRacingUniversalUITests-Runner[21833:3177457] [UIKit App Config] Update the Info.plist: Launch screens will soon be required.
    t =      nans Interface orientation changed to Landscape Left
Test Suite 'Selected tests' started at 2026-07-25 09:21:34.794.
Test Suite 'RetroRacingUniversalUITests.xctest' started at 2026-07-25 09:21:34.795.
Test Suite 'AppStoreScreenshotTests' started at 2026-07-25 09:21:34.795.
Test Case '-[RetroRacingUniversalUITests.AppStoreScreenshotTests testCaptureConfiguredScreenshot]' started.
    t =     0.00s Start Test at 2026-07-25 09:21:34.797
    t =     0.03s Set Up
    t =     0.03s     Setting device orientation to Landscape Right
    t =     0.06s         Wait for com.apple.springboard to idle
objc[21833]: Class UIAccessibilityLoaderWebShared is implemented in both /Library/Developer/CoreSimulator/Volumes/iOS_24A5355p/Library/Developer/CoreSimulator/Profiles/Runtimes/iOS 27.0.simruntime/Contents/Resources/RuntimeRoot/System/Library/AccessibilityBundles/WebKit.axbundle/WebKit (0x108094398) and /Library/Developer/CoreSimulator/Volumes/iOS_24A5355p/Library/Developer/CoreSimulator/Profiles/Runtimes/iOS 27.0.simruntime/Contents/Resources/RuntimeRoot/System/Library/AccessibilityBundles/WebCore.axbundle/WebCore (0x1083f8310). This may cause spurious casting failures and mysterious crashes. One of the duplicates must be removed or renamed.
Screenshot capture plan: fr-FR_8 -> /Users/dadederk/Developer/RetroRacing/.build/screenshot-capture/ipad/fr-FR_8.jpeg
    t =     1.60s Open com.accessibilityUpTo11.RetroRacing
    t =     1.60s     Launch com.accessibilityUpTo11.RetroRacing
2026-07-25 09:21:36.461 xcodebuild[21784:3176995] [MT] IDELaunchParametersSnapshot: debugger version lookup failed for path '<nil>': noURL
2026-07-25 09:21:36.461 xcodebuild[21784:3176995] [MT] IDELaunchParametersSnapshot: no debugger version
    t =     2.49s         Setting up automation session
    t =     5.27s         Wait for com.accessibilityUpTo11.RetroRacing to idle
    t =     6.95s Waiting 45.0s for "screenshot-ready-slide-8" Any to exist
    t =     7.99s     Checking `Expect predicate `existsNoRetry == 1` for object "screenshot-ready-slide-8" Any`
    t =     7.99s         Checking existence of `"screenshot-ready-slide-8" Any`
    t =     8.03s Checking existence of `"screenshot-ready-slide-8" Any`
    t =     8.06s Requesting snapshot of accessibility hierarchy for app with pid 21966
    t =     8.19s Requesting snapshot of accessibility hierarchy for app with pid 21966
Saving iPad landscape capture at 2752x2064 (fr-FR_8.jpeg)
    t =    10.19s Terminate com.accessibilityUpTo11.RetroRacing:21966
    t =    11.20s Tear Down
Test Case '-[RetroRacingUniversalUITests.AppStoreScreenshotTests testCaptureConfiguredScreenshot]' passed (11.268 seconds).
Test Suite 'AppStoreScreenshotTests' passed at 2026-07-25 09:21:46.066.
	 Executed 1 test, with 0 failures (0 unexpected) in 11.268 (11.270) seconds
Test Suite 'RetroRacingUniversalUITests.xctest' passed at 2026-07-25 09:21:46.066.
	 Executed 1 test, with 0 failures (0 unexpected) in 11.268 (11.271) seconds
Test Suite 'Selected tests' passed at 2026-07-25 09:21:46.067.
	 Executed 1 test, with 0 failures (0 unexpected) in 11.268 (11.273) seconds
2026-07-25 09:21:46.349 xcodebuild[21784:3176995] [MT] IDETestOperationsObserverDebug: 14.681 elapsed -- Testing started completed.
2026-07-25 09:21:46.349 xcodebuild[21784:3176995] [MT] IDETestOperationsObserverDebug: 0.000 sec, +0.000 sec -- start
2026-07-25 09:21:46.349 xcodebuild[21784:3176995] [MT] IDETestOperationsObserverDebug: 14.681 sec, +14.681 sec -- end

Test session results, code coverage, and logs:
	/Users/dadederk/Library/Developer/Xcode/DerivedData/RetroRacing-dvbcfpydhzoqgmcruczvsmobktgj/Logs/Test/Test-RetroRacingUniversal-2026.07.25_09-21-31-+0200.xcresult

** TEST EXECUTE SUCCEEDED **

Testing started
An error was encountered processing the command (domain=com.apple.CoreSimulator.SimError, code=405):
Unable to boot device in current state: Booted
Monitoring boot status for iPad Pro 13-inch (M5) (BCC4396C-8DD3-4835-A5D9-E7146BBA33F3).
Device already booted, nothing to do.

Command line invocation:
    /Applications/Xcode-beta.app/Contents/Developer/usr/bin/xcodebuild test-without-building -project /Users/dadederk/Developer/RetroRacing/RetroRacing/RetroRacing.xcodeproj -scheme RetroRacingUniversal -destination "platform=iOS Simulator,id=BCC4396C-8DD3-4835-A5D9-E7146BBA33F3" "-only-testing:RetroRacingUniversalUITests/AppStoreScreenshotTests/testCaptureConfiguredScreenshot" -parallel-testing-enabled NO

Resolve Package Graph


Resolved source packages:
  ArcadeAudioKit: /Users/dadederk/Developer/ArcadeAudioKit @ local

2026-07-25 09:21:50.062911+0200 RetroRacingUniversalUITests-Runner[22379:3179911] [Default] Running tests...
2026-07-25 09:21:50.091190+0200 RetroRacingUniversalUITests-Runner[22379:3179911] [UIKit App Config] Update the Info.plist: Launch screens will soon be required.
    t =      nans Interface orientation changed to Landscape Left
Test Suite 'Selected tests' started at 2026-07-25 09:21:52.099.
Test Suite 'RetroRacingUniversalUITests.xctest' started at 2026-07-25 09:21:52.100.
Test Suite 'AppStoreScreenshotTests' started at 2026-07-25 09:21:52.100.
Test Case '-[RetroRacingUniversalUITests.AppStoreScreenshotTests testCaptureConfiguredScreenshot]' started.
    t =     0.00s Start Test at 2026-07-25 09:21:52.102
    t =     0.02s Set Up
    t =     0.02s     Setting device orientation to Landscape Right
    t =     0.03s         Wait for com.apple.springboard to idle
objc[22379]: Class UIAccessibilityLoaderWebShared is implemented in both /Library/Developer/CoreSimulator/Volumes/iOS_24A5355p/Library/Developer/CoreSimulator/Profiles/Runtimes/iOS 27.0.simruntime/Contents/Resources/RuntimeRoot/System/Library/AccessibilityBundles/WebKit.axbundle/WebKit (0x106058398) and /Library/Developer/CoreSimulator/Volumes/iOS_24A5355p/Library/Developer/CoreSimulator/Profiles/Runtimes/iOS 27.0.simruntime/Contents/Resources/RuntimeRoot/System/Library/AccessibilityBundles/WebCore.axbundle/WebCore (0x1063a8310). This may cause spurious casting failures and mysterious crashes. One of the duplicates must be removed or renamed.
Screenshot capture plan: es-ES_4 -> /Users/dadederk/Developer/RetroRacing/.build/screenshot-capture/ipad/es-ES_4.jpeg
    t =     1.56s Open com.accessibilityUpTo11.RetroRacing
    t =     1.56s     Launch com.accessibilityUpTo11.RetroRacing
2026-07-25 09:21:53.717 xcodebuild[22347:3179611] [MT] IDELaunchParametersSnapshot: debugger version lookup failed for path '<nil>': noURL
2026-07-25 09:21:53.717 xcodebuild[22347:3179611] [MT] IDELaunchParametersSnapshot: no debugger version
    t =     2.43s         Setting up automation session
    t =     4.99s         Wait for com.accessibilityUpTo11.RetroRacing to idle
    t =     6.71s Waiting 45.0s for "screenshot-ready-slide-4" Any to exist
    t =     7.74s     Checking `Expect predicate `existsNoRetry == 1` for object "screenshot-ready-slide-4" Any`
    t =     7.74s         Checking existence of `"screenshot-ready-slide-4" Any`
    t =     7.77s Checking existence of `"screenshot-ready-slide-4" Any`
    t =     7.79s Requesting snapshot of accessibility hierarchy for app with pid 22520
    t =     7.92s Requesting snapshot of accessibility hierarchy for app with pid 22520
Saving iPad landscape capture at 2752x2064 (es-ES_4.jpeg)
    t =     9.84s Terminate com.accessibilityUpTo11.RetroRacing:22520
    t =    10.90s Tear Down
Test Case '-[RetroRacingUniversalUITests.AppStoreScreenshotTests testCaptureConfiguredScreenshot]' passed (10.929 seconds).
Test Suite 'AppStoreScreenshotTests' passed at 2026-07-25 09:22:03.031.
	 Executed 1 test, with 0 failures (0 unexpected) in 10.929 (10.932) seconds
Test Suite 'RetroRacingUniversalUITests.xctest' passed at 2026-07-25 09:22:03.032.
	 Executed 1 test, with 0 failures (0 unexpected) in 10.929 (10.932) seconds
Test Suite 'Selected tests' passed at 2026-07-25 09:22:03.033.
	 Executed 1 test, with 0 failures (0 unexpected) in 10.929 (10.934) seconds
2026-07-25 09:22:03.316 xcodebuild[22347:3179611] [MT] IDETestOperationsObserverDebug: 14.234 elapsed -- Testing started completed.
2026-07-25 09:22:03.316 xcodebuild[22347:3179611] [MT] IDETestOperationsObserverDebug: 0.000 sec, +0.000 sec -- start
2026-07-25 09:22:03.316 xcodebuild[22347:3179611] [MT] IDETestOperationsObserverDebug: 14.234 sec, +14.234 sec -- end

Test session results, code coverage, and logs:
	/Users/dadederk/Library/Developer/Xcode/DerivedData/RetroRacing-dvbcfpydhzoqgmcruczvsmobktgj/Logs/Test/Test-RetroRacingUniversal-2026.07.25_09-21-49-+0200.xcresult

** TEST EXECUTE SUCCEEDED **

Testing started
An error was encountered processing the command (domain=com.apple.CoreSimulator.SimError, code=405):
Unable to boot device in current state: Booted
Monitoring boot status for iPad Pro 13-inch (M5) (BCC4396C-8DD3-4835-A5D9-E7146BBA33F3).
Device already booted, nothing to do.

Command line invocation:
    /Applications/Xcode-beta.app/Contents/Developer/usr/bin/xcodebuild test-without-building -project /Users/dadederk/Developer/RetroRacing/RetroRacing/RetroRacing.xcodeproj -scheme RetroRacingUniversal -destination "platform=iOS Simulator,id=BCC4396C-8DD3-4835-A5D9-E7146BBA33F3" "-only-testing:RetroRacingUniversalUITests/AppStoreScreenshotTests/testCaptureConfiguredScreenshot" -parallel-testing-enabled NO

Resolve Package Graph


Resolved source packages:
  ArcadeAudioKit: /Users/dadederk/Developer/ArcadeAudioKit @ local

2026-07-25 09:22:07.385393+0200 RetroRacingUniversalUITests-Runner[22928:3182594] [Default] Running tests...
2026-07-25 09:22:07.416267+0200 RetroRacingUniversalUITests-Runner[22928:3182594] [UIKit App Config] Update the Info.plist: Launch screens will soon be required.
    t =      nans Interface orientation changed to Landscape Left
Test Suite 'Selected tests' started at 2026-07-25 09:22:09.563.
Test Suite 'RetroRacingUniversalUITests.xctest' started at 2026-07-25 09:22:09.563.
Test Suite 'AppStoreScreenshotTests' started at 2026-07-25 09:22:09.564.
Test Case '-[RetroRacingUniversalUITests.AppStoreScreenshotTests testCaptureConfiguredScreenshot]' started.
    t =     0.00s Start Test at 2026-07-25 09:22:09.565
    t =     0.02s Set Up
    t =     0.02s     Setting device orientation to Landscape Right
    t =     0.03s         Wait for com.apple.springboard to idle
objc[22928]: Class UIAccessibilityLoaderWebShared is implemented in both /Library/Developer/CoreSimulator/Volumes/iOS_24A5355p/Library/Developer/CoreSimulator/Profiles/Runtimes/iOS 27.0.simruntime/Contents/Resources/RuntimeRoot/System/Library/AccessibilityBundles/WebKit.axbundle/WebKit (0x109fdc398) and /Library/Developer/CoreSimulator/Volumes/iOS_24A5355p/Library/Developer/CoreSimulator/Profiles/Runtimes/iOS 27.0.simruntime/Contents/Resources/RuntimeRoot/System/Library/AccessibilityBundles/WebCore.axbundle/WebCore (0x10a340310). This may cause spurious casting failures and mysterious crashes. One of the duplicates must be removed or renamed.
Screenshot capture plan: es-ES_5 -> /Users/dadederk/Developer/RetroRacing/.build/screenshot-capture/ipad/es-ES_5.jpeg
    t =     1.56s Open com.accessibilityUpTo11.RetroRacing
    t =     1.56s     Launch com.accessibilityUpTo11.RetroRacing
2026-07-25 09:22:11.186 xcodebuild[22878:3182250] [MT] IDELaunchParametersSnapshot: debugger version lookup failed for path '<nil>': noURL
2026-07-25 09:22:11.186 xcodebuild[22878:3182250] [MT] IDELaunchParametersSnapshot: no debugger version
    t =     2.24s         Setting up automation session
    t =     4.80s         Wait for com.accessibilityUpTo11.RetroRacing to idle
    t =     6.44s Waiting 45.0s for "screenshot-ready-slide-5" Any to exist
    t =     7.48s     Checking `Expect predicate `existsNoRetry == 1` for object "screenshot-ready-slide-5" Any`
    t =     7.48s         Checking existence of `"screenshot-ready-slide-5" Any`
    t =     7.51s Checking existence of `"screenshot-ready-slide-5" Any`
    t =     7.53s Requesting snapshot of accessibility hierarchy for app with pid 23055
    t =     7.66s Requesting snapshot of accessibility hierarchy for app with pid 23055
Saving iPad landscape capture at 2752x2064 (es-ES_5.jpeg)
    t =     9.55s Terminate com.accessibilityUpTo11.RetroRacing:23055
    t =    10.71s Tear Down
Test Case '-[RetroRacingUniversalUITests.AppStoreScreenshotTests testCaptureConfiguredScreenshot]' passed (10.796 seconds).
Test Suite 'AppStoreScreenshotTests' passed at 2026-07-25 09:22:20.361.
	 Executed 1 test, with 0 failures (0 unexpected) in 10.796 (10.797) seconds
Test Suite 'RetroRacingUniversalUITests.xctest' passed at 2026-07-25 09:22:20.361.
	 Executed 1 test, with 0 failures (0 unexpected) in 10.796 (10.798) seconds
Test Suite 'Selected tests' passed at 2026-07-25 09:22:20.362.
	 Executed 1 test, with 0 failures (0 unexpected) in 10.796 (10.799) seconds
2026-07-25 09:22:20.636 xcodebuild[22878:3182250] [MT] IDETestOperationsObserverDebug: 14.207 elapsed -- Testing started completed.
2026-07-25 09:22:20.636 xcodebuild[22878:3182250] [MT] IDETestOperationsObserverDebug: 0.000 sec, +0.000 sec -- start
2026-07-25 09:22:20.636 xcodebuild[22878:3182250] [MT] IDETestOperationsObserverDebug: 14.207 sec, +14.207 sec -- end

Test session results, code coverage, and logs:
	/Users/dadederk/Library/Developer/Xcode/DerivedData/RetroRacing-dvbcfpydhzoqgmcruczvsmobktgj/Logs/Test/Test-RetroRacingUniversal-2026.07.25_09-22-06-+0200.xcresult

** TEST EXECUTE SUCCEEDED **

Testing started
An error was encountered processing the command (domain=com.apple.CoreSimulator.SimError, code=405):
Unable to boot device in current state: Booted
Monitoring boot status for iPad Pro 13-inch (M5) (BCC4396C-8DD3-4835-A5D9-E7146BBA33F3).
Device already booted, nothing to do.

Command line invocation:
    /Applications/Xcode-beta.app/Contents/Developer/usr/bin/xcodebuild test-without-building -project /Users/dadederk/Developer/RetroRacing/RetroRacing/RetroRacing.xcodeproj -scheme RetroRacingUniversal -destination "platform=iOS Simulator,id=BCC4396C-8DD3-4835-A5D9-E7146BBA33F3" "-only-testing:RetroRacingUniversalUITests/AppStoreScreenshotTests/testCaptureConfiguredScreenshot" -parallel-testing-enabled NO

Resolve Package Graph


Resolved source packages:
  ArcadeAudioKit: /Users/dadederk/Developer/ArcadeAudioKit @ local

2026-07-25 09:22:24.328746+0200 RetroRacingUniversalUITests-Runner[23476:3185089] [Default] Running tests...
2026-07-25 09:22:24.357820+0200 RetroRacingUniversalUITests-Runner[23476:3185089] [UIKit App Config] Update the Info.plist: Launch screens will soon be required.
    t =      nans Interface orientation changed to Landscape Left
Test Suite 'Selected tests' started at 2026-07-25 09:22:26.559.
Test Suite 'RetroRacingUniversalUITests.xctest' started at 2026-07-25 09:22:26.560.
Test Suite 'AppStoreScreenshotTests' started at 2026-07-25 09:22:26.560.
Test Case '-[RetroRacingUniversalUITests.AppStoreScreenshotTests testCaptureConfiguredScreenshot]' started.
    t =     0.00s Start Test at 2026-07-25 09:22:26.562
    t =     0.03s Set Up
    t =     0.03s     Setting device orientation to Landscape Right
    t =     0.04s         Wait for com.apple.springboard to idle
objc[23476]: Class UIAccessibilityLoaderWebShared is implemented in both /Library/Developer/CoreSimulator/Volumes/iOS_24A5355p/Library/Developer/CoreSimulator/Profiles/Runtimes/iOS 27.0.simruntime/Contents/Resources/RuntimeRoot/System/Library/AccessibilityBundles/WebKit.axbundle/WebKit (0x1063dc398) and /Library/Developer/CoreSimulator/Volumes/iOS_24A5355p/Library/Developer/CoreSimulator/Profiles/Runtimes/iOS 27.0.simruntime/Contents/Resources/RuntimeRoot/System/Library/AccessibilityBundles/WebCore.axbundle/WebCore (0x106740310). This may cause spurious casting failures and mysterious crashes. One of the duplicates must be removed or renamed.
Screenshot capture plan: es-ES_6 -> /Users/dadederk/Developer/RetroRacing/.build/screenshot-capture/ipad/es-ES_6.jpeg
    t =     1.58s Open com.accessibilityUpTo11.RetroRacing
    t =     1.58s     Launch com.accessibilityUpTo11.RetroRacing
2026-07-25 09:22:28.207 xcodebuild[23418:3184745] [MT] IDELaunchParametersSnapshot: debugger version lookup failed for path '<nil>': noURL
2026-07-25 09:22:28.207 xcodebuild[23418:3184745] [MT] IDELaunchParametersSnapshot: no debugger version
    t =     2.47s         Setting up automation session
    t =     5.18s         Wait for com.accessibilityUpTo11.RetroRacing to idle
    t =     7.13s Waiting 45.0s for "screenshot-ready-slide-6" Any to exist
    t =     8.16s     Checking `Expect predicate `existsNoRetry == 1` for object "screenshot-ready-slide-6" Any`
    t =     8.16s         Checking existence of `"screenshot-ready-slide-6" Any`
    t =     8.22s Checking existence of `"screenshot-ready-slide-6" Any`
    t =     8.25s Requesting snapshot of accessibility hierarchy for app with pid 23607
    t =     8.61s Requesting snapshot of accessibility hierarchy for app with pid 23607
Saving iPad landscape capture at 2752x2064 (es-ES_6.jpeg)
    t =    10.53s Terminate com.accessibilityUpTo11.RetroRacing:23607
    t =    11.61s Tear Down
Test Case '-[RetroRacingUniversalUITests.AppStoreScreenshotTests testCaptureConfiguredScreenshot]' passed (11.638 seconds).
Test Suite 'AppStoreScreenshotTests' passed at 2026-07-25 09:22:38.201.
	 Executed 1 test, with 0 failures (0 unexpected) in 11.638 (11.641) seconds
Test Suite 'RetroRacingUniversalUITests.xctest' passed at 2026-07-25 09:22:38.201.
	 Executed 1 test, with 0 failures (0 unexpected) in 11.638 (11.642) seconds
Test Suite 'Selected tests' passed at 2026-07-25 09:22:38.202.
	 Executed 1 test, with 0 failures (0 unexpected) in 11.638 (11.643) seconds
2026-07-25 09:22:38.481 xcodebuild[23418:3184745] [MT] IDETestOperationsObserverDebug: 15.167 elapsed -- Testing started completed.
2026-07-25 09:22:38.481 xcodebuild[23418:3184745] [MT] IDETestOperationsObserverDebug: 0.000 sec, +0.000 sec -- start
2026-07-25 09:22:38.481 xcodebuild[23418:3184745] [MT] IDETestOperationsObserverDebug: 15.167 sec, +15.167 sec -- end

Test session results, code coverage, and logs:
	/Users/dadederk/Library/Developer/Xcode/DerivedData/RetroRacing-dvbcfpydhzoqgmcruczvsmobktgj/Logs/Test/Test-RetroRacingUniversal-2026.07.25_09-22-23-+0200.xcresult

** TEST EXECUTE SUCCEEDED **

Testing started
An error was encountered processing the command (domain=com.apple.CoreSimulator.SimError, code=405):
Unable to boot device in current state: Booted
Monitoring boot status for iPad Pro 13-inch (M5) (BCC4396C-8DD3-4835-A5D9-E7146BBA33F3).
Device already booted, nothing to do.

Command line invocation:
    /Applications/Xcode-beta.app/Contents/Developer/usr/bin/xcodebuild test-without-building -project /Users/dadederk/Developer/RetroRacing/RetroRacing/RetroRacing.xcodeproj -scheme RetroRacingUniversal -destination "platform=iOS Simulator,id=BCC4396C-8DD3-4835-A5D9-E7146BBA33F3" "-only-testing:RetroRacingUniversalUITests/AppStoreScreenshotTests/testCaptureConfiguredScreenshot" -parallel-testing-enabled NO

Resolve Package Graph


Resolved source packages:
  ArcadeAudioKit: /Users/dadederk/Developer/ArcadeAudioKit @ local

2026-07-25 09:22:42.292740+0200 RetroRacingUniversalUITests-Runner[24033:3187631] [Default] Running tests...
2026-07-25 09:22:42.322458+0200 RetroRacingUniversalUITests-Runner[24033:3187631] [UIKit App Config] Update the Info.plist: Launch screens will soon be required.
    t =      nans Interface orientation changed to Landscape Left
Test Suite 'Selected tests' started at 2026-07-25 09:22:44.538.
Test Suite 'RetroRacingUniversalUITests.xctest' started at 2026-07-25 09:22:44.538.
Test Suite 'AppStoreScreenshotTests' started at 2026-07-25 09:22:44.538.
Test Case '-[RetroRacingUniversalUITests.AppStoreScreenshotTests testCaptureConfiguredScreenshot]' started.
    t =     0.00s Start Test at 2026-07-25 09:22:44.541
    t =     0.03s Set Up
    t =     0.03s     Setting device orientation to Landscape Right
    t =     0.04s         Wait for com.apple.springboard to idle
objc[24033]: Class UIAccessibilityLoaderWebShared is implemented in both /Library/Developer/CoreSimulator/Volumes/iOS_24A5355p/Library/Developer/CoreSimulator/Profiles/Runtimes/iOS 27.0.simruntime/Contents/Resources/RuntimeRoot/System/Library/AccessibilityBundles/WebKit.axbundle/WebKit (0x108518398) and /Library/Developer/CoreSimulator/Volumes/iOS_24A5355p/Library/Developer/CoreSimulator/Profiles/Runtimes/iOS 27.0.simruntime/Contents/Resources/RuntimeRoot/System/Library/AccessibilityBundles/WebCore.axbundle/WebCore (0x108878310). This may cause spurious casting failures and mysterious crashes. One of the duplicates must be removed or renamed.
Screenshot capture plan: es-ES_7 -> /Users/dadederk/Developer/RetroRacing/.build/screenshot-capture/ipad/es-ES_7.jpeg
    t =     1.58s Open com.accessibilityUpTo11.RetroRacing
    t =     1.58s     Launch com.accessibilityUpTo11.RetroRacing
2026-07-25 09:22:46.190 xcodebuild[24000:3187299] [MT] IDELaunchParametersSnapshot: debugger version lookup failed for path '<nil>': noURL
2026-07-25 09:22:46.190 xcodebuild[24000:3187299] [MT] IDELaunchParametersSnapshot: no debugger version
    t =     2.47s         Setting up automation session
    t =     5.15s         Wait for com.accessibilityUpTo11.RetroRacing to idle
    t =     6.78s Waiting 45.0s for "screenshot-ready-slide-7" Any to exist
    t =     7.82s     Checking `Expect predicate `existsNoRetry == 1` for object "screenshot-ready-slide-7" Any`
    t =     7.82s         Checking existence of `"screenshot-ready-slide-7" Any`
    t =     7.85s Checking existence of `"screenshot-ready-slide-7" Any`
    t =     7.87s Requesting snapshot of accessibility hierarchy for app with pid 24163
    t =     7.99s Requesting snapshot of accessibility hierarchy for app with pid 24163
Saving iPad landscape capture at 2752x2064 (es-ES_7.jpeg)
    t =     9.91s Terminate com.accessibilityUpTo11.RetroRacing:24163
    t =    10.98s Tear Down
Test Case '-[RetroRacingUniversalUITests.AppStoreScreenshotTests testCaptureConfiguredScreenshot]' passed (11.079 seconds).
Test Suite 'AppStoreScreenshotTests' passed at 2026-07-25 09:22:55.620.
	 Executed 1 test, with 0 failures (0 unexpected) in 11.079 (11.082) seconds
Test Suite 'RetroRacingUniversalUITests.xctest' passed at 2026-07-25 09:22:55.621.
	 Executed 1 test, with 0 failures (0 unexpected) in 11.079 (11.083) seconds
Test Suite 'Selected tests' passed at 2026-07-25 09:22:55.622.
	 Executed 1 test, with 0 failures (0 unexpected) in 11.079 (11.084) seconds
2026-07-25 09:22:55.902 xcodebuild[24000:3187299] [MT] IDETestOperationsObserverDebug: 14.597 elapsed -- Testing started completed.
2026-07-25 09:22:55.902 xcodebuild[24000:3187299] [MT] IDETestOperationsObserverDebug: 0.000 sec, +0.000 sec -- start
2026-07-25 09:22:55.902 xcodebuild[24000:3187299] [MT] IDETestOperationsObserverDebug: 14.597 sec, +14.597 sec -- end

Test session results, code coverage, and logs:
	/Users/dadederk/Library/Developer/Xcode/DerivedData/RetroRacing-dvbcfpydhzoqgmcruczvsmobktgj/Logs/Test/Test-RetroRacingUniversal-2026.07.25_09-22-41-+0200.xcresult

** TEST EXECUTE SUCCEEDED **

Testing started
An error was encountered processing the command (domain=com.apple.CoreSimulator.SimError, code=405):
Unable to boot device in current state: Booted
Monitoring boot status for iPad Pro 13-inch (M5) (BCC4396C-8DD3-4835-A5D9-E7146BBA33F3).
Device already booted, nothing to do.

Command line invocation:
    /Applications/Xcode-beta.app/Contents/Developer/usr/bin/xcodebuild test-without-building -project /Users/dadederk/Developer/RetroRacing/RetroRacing/RetroRacing.xcodeproj -scheme RetroRacingUniversal -destination "platform=iOS Simulator,id=BCC4396C-8DD3-4835-A5D9-E7146BBA33F3" "-only-testing:RetroRacingUniversalUITests/AppStoreScreenshotTests/testCaptureConfiguredScreenshot" -parallel-testing-enabled NO

Resolve Package Graph


Resolved source packages:
  ArcadeAudioKit: /Users/dadederk/Developer/ArcadeAudioKit @ local

2026-07-25 09:22:59.645179+0200 RetroRacingUniversalUITests-Runner[24568:3189887] [Default] Running tests...
2026-07-25 09:22:59.674495+0200 RetroRacingUniversalUITests-Runner[24568:3189887] [UIKit App Config] Update the Info.plist: Launch screens will soon be required.
    t =      nans Interface orientation changed to Landscape Left
Test Suite 'Selected tests' started at 2026-07-25 09:23:01.854.
Test Suite 'RetroRacingUniversalUITests.xctest' started at 2026-07-25 09:23:01.855.
Test Suite 'AppStoreScreenshotTests' started at 2026-07-25 09:23:01.855.
Test Case '-[RetroRacingUniversalUITests.AppStoreScreenshotTests testCaptureConfiguredScreenshot]' started.
    t =     0.00s Start Test at 2026-07-25 09:23:01.857
    t =     0.03s Set Up
    t =     0.03s     Setting device orientation to Landscape Right
    t =     0.04s         Wait for com.apple.springboard to idle
objc[24568]: Class UIAccessibilityLoaderWebShared is implemented in both /Library/Developer/CoreSimulator/Volumes/iOS_24A5355p/Library/Developer/CoreSimulator/Profiles/Runtimes/iOS 27.0.simruntime/Contents/Resources/RuntimeRoot/System/Library/AccessibilityBundles/WebKit.axbundle/WebKit (0x10892c398) and /Library/Developer/CoreSimulator/Volumes/iOS_24A5355p/Library/Developer/CoreSimulator/Profiles/Runtimes/iOS 27.0.simruntime/Contents/Resources/RuntimeRoot/System/Library/AccessibilityBundles/WebCore.axbundle/WebCore (0x108c7c310). This may cause spurious casting failures and mysterious crashes. One of the duplicates must be removed or renamed.
Screenshot capture plan: es-ES_8 -> /Users/dadederk/Developer/RetroRacing/.build/screenshot-capture/ipad/es-ES_8.jpeg
    t =     1.58s Open com.accessibilityUpTo11.RetroRacing
    t =     1.58s     Launch com.accessibilityUpTo11.RetroRacing
2026-07-25 09:23:03.501 xcodebuild[24522:3189593] [MT] IDELaunchParametersSnapshot: debugger version lookup failed for path '<nil>': noURL
2026-07-25 09:23:03.501 xcodebuild[24522:3189593] [MT] IDELaunchParametersSnapshot: no debugger version
    t =     2.47s         Setting up automation session
    t =     5.23s         Wait for com.accessibilityUpTo11.RetroRacing to idle
    t =     6.95s Waiting 45.0s for "screenshot-ready-slide-8" Any to exist
    t =     7.99s     Checking `Expect predicate `existsNoRetry == 1` for object "screenshot-ready-slide-8" Any`
    t =     7.99s         Checking existence of `"screenshot-ready-slide-8" Any`
    t =     8.05s Checking existence of `"screenshot-ready-slide-8" Any`
    t =     8.07s Requesting snapshot of accessibility hierarchy for app with pid 24708
    t =     8.25s Requesting snapshot of accessibility hierarchy for app with pid 24708
Saving iPad landscape capture at 2752x2064 (es-ES_8.jpeg)
    t =    10.20s Terminate com.accessibilityUpTo11.RetroRacing:24708
    t =    11.26s Tear Down
Test Case '-[RetroRacingUniversalUITests.AppStoreScreenshotTests testCaptureConfiguredScreenshot]' passed (11.345 seconds).
Test Suite 'AppStoreScreenshotTests' passed at 2026-07-25 09:23:13.203.
	 Executed 1 test, with 0 failures (0 unexpected) in 11.345 (11.348) seconds
Test Suite 'RetroRacingUniversalUITests.xctest' passed at 2026-07-25 09:23:13.204.
	 Executed 1 test, with 0 failures (0 unexpected) in 11.345 (11.349) seconds
Test Suite 'Selected tests' passed at 2026-07-25 09:23:13.204.
	 Executed 1 test, with 0 failures (0 unexpected) in 11.345 (11.350) seconds
2026-07-25 09:23:13.486 xcodebuild[24522:3189593] [MT] IDETestOperationsObserverDebug: 14.837 elapsed -- Testing started completed.
2026-07-25 09:23:13.486 xcodebuild[24522:3189593] [MT] IDETestOperationsObserverDebug: 0.000 sec, +0.000 sec -- start
2026-07-25 09:23:13.486 xcodebuild[24522:3189593] [MT] IDETestOperationsObserverDebug: 14.837 sec, +14.837 sec -- end

Test session results, code coverage, and logs:
	/Users/dadederk/Library/Developer/Xcode/DerivedData/RetroRacing-dvbcfpydhzoqgmcruczvsmobktgj/Logs/Test/Test-RetroRacingUniversal-2026.07.25_09-22-58-+0200.xcresult

** TEST EXECUTE SUCCEEDED **

Testing started
Monitoring boot status for iPad Pro 13-inch (M5) (BCC4396C-8DD3-4835-A5D9-E7146BBA33F3).
Device already booted, nothing to do.

An error was encountered processing the command (domain=com.apple.CoreSimulator.SimError, code=405):
Unable to boot device in current state: Booted
Monitoring boot status for iPad Pro 13-inch (M5) (BCC4396C-8DD3-4835-A5D9-E7146BBA33F3).
Device already booted, nothing to do.

ilding -project /Users/dadederk/Developer/RetroRacing/RetroRacing/RetroRacing.xcodeproj -scheme RetroRacingUniversal -destination platform=iOS Simulator,id=BCC4396C-8DD3-4835-A5D9-E7146BBA33F3 -only-testing:RetroRacingUniversalUITests/AppStoreScreenshotTests/testCaptureConfiguredScreenshot -parallel-testing-enabled NO
  -> installed it_6 in Screenshot Studio
[19/30] it_7
Applied capture locale it on simulator(s): BCC4396C-8DD3-4835-A5D9-E7146BBA33F3
  plan -> /tmp/retrorapid-capture-plan-active.json (it_7)
RETRORAPID_SCREENSHOT_APPEARANCE=light RETRORAPID_SCREENSHOT_FILE_EXTENSION=.jpeg RETRORAPID_SCREENSHOT_MAX_RETRIES=1 RETRORAPID_SCREENSHOT_PLATFORM=ipad RETRORAPID_SCREENSHOT_SKIP_EXISTING=0 RETRORAPID_SCREENSHOT_STAGING=/Users/dadederk/Developer/RetroRacing/.build/screenshot-capture/ipad RETRORAPID_SCREENSHOT_TARGETS=it_7 /usr/bin/xcrun xcodebuild test-without-building -project /Users/dadederk/Developer/RetroRacing/RetroRacing/RetroRacing.xcodeproj -scheme RetroRacingUniversal -destination platform=iOS Simulator,id=BCC4396C-8DD3-4835-A5D9-E7146BBA33F3 -only-testing:RetroRacingUniversalUITests/AppStoreScreenshotTests/testCaptureConfiguredScreenshot -parallel-testing-enabled NO
  -> installed it_7 in Screenshot Studio
[20/30] it_8
Applied capture locale it on simulator(s): BCC4396C-8DD3-4835-A5D9-E7146BBA33F3
  plan -> /tmp/retrorapid-capture-plan-active.json (it_8)
RETRORAPID_SCREENSHOT_APPEARANCE=light RETRORAPID_SCREENSHOT_FILE_EXTENSION=.jpeg RETRORAPID_SCREENSHOT_MAX_RETRIES=1 RETRORAPID_SCREENSHOT_PLATFORM=ipad RETRORAPID_SCREENSHOT_SKIP_EXISTING=0 RETRORAPID_SCREENSHOT_STAGING=/Users/dadederk/Developer/RetroRacing/.build/screenshot-capture/ipad RETRORAPID_SCREENSHOT_TARGETS=it_8 /usr/bin/xcrun xcodebuild test-without-building -project /Users/dadederk/Developer/RetroRacing/RetroRacing/RetroRacing.xcodeproj -scheme RetroRacingUniversal -destination platform=iOS Simulator,id=BCC4396C-8DD3-4835-A5D9-E7146BBA33F3 -only-testing:RetroRacingUniversalUITests/AppStoreScreenshotTests/testCaptureConfiguredScreenshot -parallel-testing-enabled NO
  -> installed it_8 in Screenshot Studio
[21/30] fr-FR_4
Applied capture locale fr-FR on simulator(s): BCC4396C-8DD3-4835-A5D9-E7146BBA33F3
  plan -> /tmp/retrorapid-capture-plan-active.json (fr-FR_4)
RETRORAPID_SCREENSHOT_APPEARANCE=light RETRORAPID_SCREENSHOT_FILE_EXTENSION=.jpeg RETRORAPID_SCREENSHOT_MAX_RETRIES=1 RETRORAPID_SCREENSHOT_PLATFORM=ipad RETRORAPID_SCREENSHOT_SKIP_EXISTING=0 RETRORAPID_SCREENSHOT_STAGING=/Users/dadederk/Developer/RetroRacing/.build/screenshot-capture/ipad RETRORAPID_SCREENSHOT_TARGETS=fr-FR_4 /usr/bin/xcrun xcodebuild test-without-building -project /Users/dadederk/Developer/RetroRacing/RetroRacing/RetroRacing.xcodeproj -scheme RetroRacingUniversal -destination platform=iOS Simulator,id=BCC4396C-8DD3-4835-A5D9-E7146BBA33F3 -only-testing:RetroRacingUniversalUITests/AppStoreScreenshotTests/testCaptureConfiguredScreenshot -parallel-testing-enabled NO
  -> installed fr-FR_4 in Screenshot Studio
[22/30] fr-FR_5
Applied capture locale fr-FR on simulator(s): BCC4396C-8DD3-4835-A5D9-E7146BBA33F3
  plan -> /tmp/retrorapid-capture-plan-active.json (fr-FR_5)
RETRORAPID_SCREENSHOT_APPEARANCE=light RETRORAPID_SCREENSHOT_FILE_EXTENSION=.jpeg RETRORAPID_SCREENSHOT_MAX_RETRIES=1 RETRORAPID_SCREENSHOT_PLATFORM=ipad RETRORAPID_SCREENSHOT_SKIP_EXISTING=0 RETRORAPID_SCREENSHOT_STAGING=/Users/dadederk/Developer/RetroRacing/.build/screenshot-capture/ipad RETRORAPID_SCREENSHOT_TARGETS=fr-FR_5 /usr/bin/xcrun xcodebuild test-without-building -project /Users/dadederk/Developer/RetroRacing/RetroRacing/RetroRacing.xcodeproj -scheme RetroRacingUniversal -destination platform=iOS Simulator,id=BCC4396C-8DD3-4835-A5D9-E7146BBA33F3 -only-testing:RetroRacingUniversalUITests/AppStoreScreenshotTests/testCaptureConfiguredScreenshot -parallel-testing-enabled NO
  -> installed fr-FR_5 in Screenshot Studio
[23/30] fr-FR_6
Applied capture locale fr-FR on simulator(s): BCC4396C-8DD3-4835-A5D9-E7146BBA33F3
  plan -> /tmp/retrorapid-capture-plan-active.json (fr-FR_6)
RETRORAPID_SCREENSHOT_APPEARANCE=light RETRORAPID_SCREENSHOT_FILE_EXTENSION=.jpeg RETRORAPID_SCREENSHOT_MAX_RETRIES=1 RETRORAPID_SCREENSHOT_PLATFORM=ipad RETRORAPID_SCREENSHOT_SKIP_EXISTING=0 RETRORAPID_SCREENSHOT_STAGING=/Users/dadederk/Developer/RetroRacing/.build/screenshot-capture/ipad RETRORAPID_SCREENSHOT_TARGETS=fr-FR_6 /usr/bin/xcrun xcodebuild test-without-building -project /Users/dadederk/Developer/RetroRacing/RetroRacing/RetroRacing.xcodeproj -scheme RetroRacingUniversal -destination platform=iOS Simulator,id=BCC4396C-8DD3-4835-A5D9-E7146BBA33F3 -only-testing:RetroRacingUniversalUITests/AppStoreScreenshotTests/testCaptureConfiguredScreenshot -parallel-testing-enabled NO
  -> installed fr-FR_6 in Screenshot Studio
[24/30] fr-FR_7
Applied capture locale fr-FR on simulator(s): BCC4396C-8DD3-4835-A5D9-E7146BBA33F3
  plan -> /tmp/retrorapid-capture-plan-active.json (fr-FR_7)
RETRORAPID_SCREENSHOT_APPEARANCE=light RETRORAPID_SCREENSHOT_FILE_EXTENSION=.jpeg RETRORAPID_SCREENSHOT_MAX_RETRIES=1 RETRORAPID_SCREENSHOT_PLATFORM=ipad RETRORAPID_SCREENSHOT_SKIP_EXISTING=0 RETRORAPID_SCREENSHOT_STAGING=/Users/dadederk/Developer/RetroRacing/.build/screenshot-capture/ipad RETRORAPID_SCREENSHOT_TARGETS=fr-FR_7 /usr/bin/xcrun xcodebuild test-without-building -project /Users/dadederk/Developer/RetroRacing/RetroRacing/RetroRacing.xcodeproj -scheme RetroRacingUniversal -destination platform=iOS Simulator,id=BCC4396C-8DD3-4835-A5D9-E7146BBA33F3 -only-testing:RetroRacingUniversalUITests/AppStoreScreenshotTests/testCaptureConfiguredScreenshot -parallel-testing-enabled NO
  -> installed fr-FR_7 in Screenshot Studio
[25/30] fr-FR_8
Applied capture locale fr-FR on simulator(s): BCC4396C-8DD3-4835-A5D9-E7146BBA33F3
  plan -> /tmp/retrorapid-capture-plan-active.json (fr-FR_8)
RETRORAPID_SCREENSHOT_APPEARANCE=light RETRORAPID_SCREENSHOT_FILE_EXTENSION=.jpeg RETRORAPID_SCREENSHOT_MAX_RETRIES=1 RETRORAPID_SCREENSHOT_PLATFORM=ipad RETRORAPID_SCREENSHOT_SKIP_EXISTING=0 RETRORAPID_SCREENSHOT_STAGING=/Users/dadederk/Developer/RetroRacing/.build/screenshot-capture/ipad RETRORAPID_SCREENSHOT_TARGETS=fr-FR_8 /usr/bin/xcrun xcodebuild test-without-building -project /Users/dadederk/Developer/RetroRacing/RetroRacing/RetroRacing.xcodeproj -scheme RetroRacingUniversal -destination platform=iOS Simulator,id=BCC4396C-8DD3-4835-A5D9-E7146BBA33F3 -only-testing:RetroRacingUniversalUITests/AppStoreScreenshotTests/testCaptureConfiguredScreenshot -parallel-testing-enabled NO
  -> installed fr-FR_8 in Screenshot Studio
[26/30] es-ES_4
Applied capture locale es-ES on simulator(s): BCC4396C-8DD3-4835-A5D9-E7146BBA33F3
  plan -> /tmp/retrorapid-capture-plan-active.json (es-ES_4)
RETRORAPID_SCREENSHOT_APPEARANCE=light RETRORAPID_SCREENSHOT_FILE_EXTENSION=.jpeg RETRORAPID_SCREENSHOT_MAX_RETRIES=1 RETRORAPID_SCREENSHOT_PLATFORM=ipad RETRORAPID_SCREENSHOT_SKIP_EXISTING=0 RETRORAPID_SCREENSHOT_STAGING=/Users/dadederk/Developer/RetroRacing/.build/screenshot-capture/ipad RETRORAPID_SCREENSHOT_TARGETS=es-ES_4 /usr/bin/xcrun xcodebuild test-without-building -project /Users/dadederk/Developer/RetroRacing/RetroRacing/RetroRacing.xcodeproj -scheme RetroRacingUniversal -destination platform=iOS Simulator,id=BCC4396C-8DD3-4835-A5D9-E7146BBA33F3 -only-testing:RetroRacingUniversalUITests/AppStoreScreenshotTests/testCaptureConfiguredScreenshot -parallel-testing-enabled NO
  -> installed es-ES_4 in Screenshot Studio
[27/30] es-ES_5
Applied capture locale es-ES on simulator(s): BCC4396C-8DD3-4835-A5D9-E7146BBA33F3
  plan -> /tmp/retrorapid-capture-plan-active.json (es-ES_5)
RETRORAPID_SCREENSHOT_APPEARANCE=light RETRORAPID_SCREENSHOT_FILE_EXTENSION=.jpeg RETRORAPID_SCREENSHOT_MAX_RETRIES=1 RETRORAPID_SCREENSHOT_PLATFORM=ipad RETRORAPID_SCREENSHOT_SKIP_EXISTING=0 RETRORAPID_SCREENSHOT_STAGING=/Users/dadederk/Developer/RetroRacing/.build/screenshot-capture/ipad RETRORAPID_SCREENSHOT_TARGETS=es-ES_5 /usr/bin/xcrun xcodebuild test-without-building -project /Users/dadederk/Developer/RetroRacing/RetroRacing/RetroRacing.xcodeproj -scheme RetroRacingUniversal -destination platform=iOS Simulator,id=BCC4396C-8DD3-4835-A5D9-E7146BBA33F3 -only-testing:RetroRacingUniversalUITests/AppStoreScreenshotTests/testCaptureConfiguredScreenshot -parallel-testing-enabled NO
  -> installed es-ES_5 in Screenshot Studio
[28/30] es-ES_6
Applied capture locale es-ES on simulator(s): BCC4396C-8DD3-4835-A5D9-E7146BBA33F3
  plan -> /tmp/retrorapid-capture-plan-active.json (es-ES_6)
RETRORAPID_SCREENSHOT_APPEARANCE=light RETRORAPID_SCREENSHOT_FILE_EXTENSION=.jpeg RETRORAPID_SCREENSHOT_MAX_RETRIES=1 RETRORAPID_SCREENSHOT_PLATFORM=ipad RETRORAPID_SCREENSHOT_SKIP_EXISTING=0 RETRORAPID_SCREENSHOT_STAGING=/Users/dadederk/Developer/RetroRacing/.build/screenshot-capture/ipad RETRORAPID_SCREENSHOT_TARGETS=es-ES_6 /usr/bin/xcrun xcodebuild test-without-building -project /Users/dadederk/Developer/RetroRacing/RetroRacing/RetroRacing.xcodeproj -scheme RetroRacingUniversal -destination platform=iOS Simulator,id=BCC4396C-8DD3-4835-A5D9-E7146BBA33F3 -only-testing:RetroRacingUniversalUITests/AppStoreScreenshotTests/testCaptureConfiguredScreenshot -parallel-testing-enabled NO
  -> installed es-ES_6 in Screenshot Studio
[29/30] es-ES_7
Applied capture locale es-ES on simulator(s): BCC4396C-8DD3-4835-A5D9-E7146BBA33F3
  plan -> /tmp/retrorapid-capture-plan-active.json (es-ES_7)
RETRORAPID_SCREENSHOT_APPEARANCE=light RETRORAPID_SCREENSHOT_FILE_EXTENSION=.jpeg RETRORAPID_SCREENSHOT_MAX_RETRIES=1 RETRORAPID_SCREENSHOT_PLATFORM=ipad RETRORAPID_SCREENSHOT_SKIP_EXISTING=0 RETRORAPID_SCREENSHOT_STAGING=/Users/dadederk/Developer/RetroRacing/.build/screenshot-capture/ipad RETRORAPID_SCREENSHOT_TARGETS=es-ES_7 /usr/bin/xcrun xcodebuild test-without-building -project /Users/dadederk/Developer/RetroRacing/RetroRacing/RetroRacing.xcodeproj -scheme RetroRacingUniversal -destination platform=iOS Simulator,id=BCC4396C-8DD3-4835-A5D9-E7146BBA33F3 -only-testing:RetroRacingUniversalUITests/AppStoreScreenshotTests/testCaptureConfiguredScreenshot -parallel-testing-enabled NO
  -> installed es-ES_7 in Screenshot Studio
[30/30] es-ES_8
Applied capture locale es-ES on simulator(s): BCC4396C-8DD3-4835-A5D9-E7146BBA33F3
  plan -> /tmp/retrorapid-capture-plan-active.json (es-ES_8)
RETRORAPID_SCREENSHOT_APPEARANCE=light RETRORAPID_SCREENSHOT_FILE_EXTENSION=.jpeg RETRORAPID_SCREENSHOT_MAX_RETRIES=1 RETRORAPID_SCREENSHOT_PLATFORM=ipad RETRORAPID_SCREENSHOT_SKIP_EXISTING=0 RETRORAPID_SCREENSHOT_STAGING=/Users/dadederk/Developer/RetroRacing/.build/screenshot-capture/ipad RETRORAPID_SCREENSHOT_TARGETS=es-ES_8 /usr/bin/xcrun xcodebuild test-without-building -project /Users/dadederk/Developer/RetroRacing/RetroRacing/RetroRacing.xcodeproj -scheme RetroRacingUniversal -destination platform=iOS Simulator,id=BCC4396C-8DD3-4835-A5D9-E7146BBA33F3 -only-testing:RetroRacingUniversalUITests/AppStoreScreenshotTests/testCaptureConfiguredScreenshot -parallel-testing-enabled NO
  -> installed es-ES_8 in Screenshot Studio
Capture pass finished: 30 captured, 30 installed, 0 failed.
Clearing simulator status bar overrides on BCC4396C-8DD3-4835-A5D9-E7146BBA33F3…
Applied capture locale en-US on simulator(s): BCC4396C-8DD3-4835-A5D9-E7146BBA33F3
Captured this run:
  ca_4
  ca_5
  ca_6
  ca_7
  ca_8
  de-DE_4
  de-DE_5
  de-DE_6
  de-DE_7
  de-DE_8
  nl-NL_4
  nl-NL_5
  nl-NL_6
  nl-NL_7
  nl-NL_8
  it_4
  it_5
  it_6
  it_7
  it_8
  fr-FR_4
  fr-FR_5
  fr-FR_6
  fr-FR_7
  fr-FR_8
  es-ES_4
  es-ES_5
  es-ES_6
  es-ES_7
  es-ES_8
Installing any remaining staged captures into Screenshot Studio…
Installed screenshot captures:
  ca_4.jpeg
  ca_5.jpeg
  ca_6.jpeg
  ca_7.jpeg
  ca_8.jpeg
  de-DE_4.jpeg
  de-DE_5.jpeg
  de-DE_6.jpeg
  de-DE_7.jpeg
  de-DE_8.jpeg
  nl-NL_4.jpeg
  nl-NL_5.jpeg
  nl-NL_6.jpeg
  nl-NL_7.jpeg
  nl-NL_8.jpeg
  it_4.jpeg
  it_5.jpeg
  it_6.jpeg
  it_7.jpeg
  it_8.jpeg
  fr-FR_4.jpeg
  fr-FR_5.jpeg
  fr-FR_6.jpeg
  fr-FR_7.jpeg
  fr-FR_8.jpeg
  es-ES_4.jpeg
  es-ES_5.jpeg
  es-ES_6.jpeg
  es-ES_7.jpeg
  es-ES_8.jpeg
Screenshot Studio localizations synced.
Screenshot Studio localizations and images are current.
Screenshot capture pipeline completed.
