#usda 1.0
(
    defaultPrim = "PlayerCar64Bit"
    metersPerUnit = 1
    upAxis = "Y"
)

def Xform "PlayerCar64Bit" (
    kind = "component"
    assetInfo = {
        string name = "RetroRapid 64-Bit Player Car Prototype"
        string version = "prototype-2"
    }
)
{
    def Scope "Looks"
    {
        def Material "RedHighlight"
        {
            token outputs:surface.connect = </PlayerCar64Bit/Looks/RedHighlight/Shader.outputs:surface>

            def Shader "Shader"
            {
                uniform token info:id = "UsdPreviewSurface"
                color3f inputs:diffuseColor = (0.980000, 0.055000, 0.110000)
                float inputs:metallic = 0.220
                float inputs:roughness = 0.380
                token outputs:surface
            }
        }

        def Material "RedMid"
        {
            token outputs:surface.connect = </PlayerCar64Bit/Looks/RedMid/Shader.outputs:surface>

            def Shader "Shader"
            {
                uniform token info:id = "UsdPreviewSurface"
                color3f inputs:diffuseColor = (0.760000, 0.018000, 0.055000)
                float inputs:metallic = 0.180
                float inputs:roughness = 0.480
                token outputs:surface
            }
        }

        def Material "RedDark"
        {
            token outputs:surface.connect = </PlayerCar64Bit/Looks/RedDark/Shader.outputs:surface>

            def Shader "Shader"
            {
                uniform token info:id = "UsdPreviewSurface"
                color3f inputs:diffuseColor = (0.290000, 0.006000, 0.018000)
                float inputs:metallic = 0.080
                float inputs:roughness = 0.680
                token outputs:surface
            }
        }

        def Material "Rubber"
        {
            token outputs:surface.connect = </PlayerCar64Bit/Looks/Rubber/Shader.outputs:surface>

            def Shader "Shader"
            {
                uniform token info:id = "UsdPreviewSurface"
                color3f inputs:diffuseColor = (0.012000, 0.016000, 0.024000)
                float inputs:metallic = 0.000
                float inputs:roughness = 0.960
                token outputs:surface
            }
        }

        def Material "Graphite"
        {
            token outputs:surface.connect = </PlayerCar64Bit/Looks/Graphite/Shader.outputs:surface>

            def Shader "Shader"
            {
                uniform token info:id = "UsdPreviewSurface"
                color3f inputs:diffuseColor = (0.035000, 0.045000, 0.065000)
                float inputs:metallic = 0.350
                float inputs:roughness = 0.720
                token outputs:surface
            }
        }

        def Material "Steel"
        {
            token outputs:surface.connect = </PlayerCar64Bit/Looks/Steel/Shader.outputs:surface>

            def Shader "Shader"
            {
                uniform token info:id = "UsdPreviewSurface"
                color3f inputs:diffuseColor = (0.330000, 0.380000, 0.460000)
                float inputs:metallic = 0.720
                float inputs:roughness = 0.340
                token outputs:surface
            }
        }

        def Material "Ivory"
        {
            token outputs:surface.connect = </PlayerCar64Bit/Looks/Ivory/Shader.outputs:surface>

            def Shader "Shader"
            {
                uniform token info:id = "UsdPreviewSurface"
                color3f inputs:diffuseColor = (1.000000, 0.790000, 0.340000)
                float inputs:metallic = 0.080
                float inputs:roughness = 0.540
                token outputs:surface
            }
        }

        def Material "GlassTeal"
        {
            token outputs:surface.connect = </PlayerCar64Bit/Looks/GlassTeal/Shader.outputs:surface>

            def Shader "Shader"
            {
                uniform token info:id = "UsdPreviewSurface"
                color3f inputs:diffuseColor = (0.015000, 0.190000, 0.250000)
                float inputs:metallic = 0.420
                float inputs:roughness = 0.240
                token outputs:surface
            }
        }

        def Material "Amber"
        {
            token outputs:surface.connect = </PlayerCar64Bit/Looks/Amber/Shader.outputs:surface>

            def Shader "Shader"
            {
                uniform token info:id = "UsdPreviewSurface"
                color3f inputs:diffuseColor = (1.000000, 0.220000, 0.025000)
                float inputs:metallic = 0.050
                float inputs:roughness = 0.420
                color3f inputs:emissiveColor = (0.320000, 0.035000, 0.000000)
                token outputs:surface
            }
        }

    }

    def Xform "Geometry"
    {
        def Mesh "Graphite_Undertray" (
            prepend apiSchemas = ["MaterialBindingAPI"]
        )
        {
            int[] faceVertexCounts = [4, 4, 4, 4, 4, 4]
            int[] faceVertexIndices = [0, 1, 2, 3, 4, 7, 6, 5, 0, 4, 5, 1, 3, 2, 6, 7, 0, 3, 7, 4, 1, 5, 6, 2]
            point3f[] points = [
                (-0.810000, 0.140000, -1.625000),
                (0.810000, 0.140000, -1.625000),
                (0.810000, 0.140000, 1.625000),
                (-0.810000, 0.140000, 1.625000),
                (-0.810000, 0.300000, -1.625000),
                (0.810000, 0.300000, -1.625000),
                (0.810000, 0.300000, 1.625000),
                (-0.810000, 0.300000, 1.625000),
            ]
            normal3f[] normals = [
                (0.000000, -1.000000, 0.000000),
                (0.000000, -1.000000, 0.000000),
                (0.000000, -1.000000, 0.000000),
                (0.000000, -1.000000, 0.000000),
                (0.000000, 1.000000, 0.000000),
                (0.000000, 1.000000, 0.000000),
                (0.000000, 1.000000, 0.000000),
                (0.000000, 1.000000, 0.000000),
                (0.000000, 0.000000, -1.000000),
                (0.000000, 0.000000, -1.000000),
                (0.000000, 0.000000, -1.000000),
                (0.000000, 0.000000, -1.000000),
                (0.000000, 0.000000, 1.000000),
                (0.000000, 0.000000, 1.000000),
                (0.000000, 0.000000, 1.000000),
                (0.000000, 0.000000, 1.000000),
                (-1.000000, 0.000000, 0.000000),
                (-1.000000, 0.000000, 0.000000),
                (-1.000000, 0.000000, 0.000000),
                (-1.000000, 0.000000, 0.000000),
                (1.000000, 0.000000, 0.000000),
                (1.000000, 0.000000, 0.000000),
                (1.000000, 0.000000, 0.000000),
                (1.000000, 0.000000, 0.000000),
            ] (
                interpolation = "faceVarying"
            )
            color3f[] primvars:displayColor = [(0.035000, 0.045000, 0.065000)] (
                interpolation = "constant"
            )
            rel material:binding = </PlayerCar64Bit/Looks/Graphite>
            uniform token subdivisionScheme = "none"
        }

        def Mesh "RedDark_LowerBody" (
            prepend apiSchemas = ["MaterialBindingAPI"]
        )
        {
            int[] faceVertexCounts = [4, 4, 4, 4, 4, 4]
            int[] faceVertexIndices = [0, 1, 2, 3, 4, 7, 6, 5, 0, 4, 5, 1, 3, 2, 6, 7, 0, 3, 7, 4, 1, 5, 6, 2]
            point3f[] points = [
                (-0.940000, 0.300000, -1.480000),
                (0.940000, 0.300000, -1.480000),
                (0.940000, 0.300000, 1.420000),
                (-0.940000, 0.300000, 1.420000),
                (-0.800000, 0.580000, -1.300000),
                (0.800000, 0.580000, -1.300000),
                (0.800000, 0.580000, 1.260000),
                (-0.800000, 0.580000, 1.260000),
            ]
            normal3f[] normals = [
                (0.000000, -1.000000, 0.000000),
                (0.000000, -1.000000, 0.000000),
                (0.000000, -1.000000, 0.000000),
                (0.000000, -1.000000, 0.000000),
                (0.000000, 1.000000, 0.000000),
                (0.000000, 1.000000, 0.000000),
                (0.000000, 1.000000, 0.000000),
                (0.000000, 1.000000, 0.000000),
                (0.000000, 0.540758, -0.841178),
                (0.000000, 0.540758, -0.841178),
                (0.000000, 0.540758, -0.841178),
                (0.000000, 0.540758, -0.841178),
                (-0.000000, 0.496139, 0.868243),
                (-0.000000, 0.496139, 0.868243),
                (-0.000000, 0.496139, 0.868243),
                (-0.000000, 0.496139, 0.868243),
                (-0.894427, 0.447214, 0.000000),
                (-0.894427, 0.447214, 0.000000),
                (-0.894427, 0.447214, 0.000000),
                (-0.894427, 0.447214, 0.000000),
                (0.894427, 0.447214, 0.000000),
                (0.894427, 0.447214, 0.000000),
                (0.894427, 0.447214, 0.000000),
                (0.894427, 0.447214, 0.000000),
            ] (
                interpolation = "faceVarying"
            )
            color3f[] primvars:displayColor = [(0.290000, 0.006000, 0.018000)] (
                interpolation = "constant"
            )
            rel material:binding = </PlayerCar64Bit/Looks/RedDark>
            uniform token subdivisionScheme = "none"
        }

        def Mesh "RedMid_MainBody" (
            prepend apiSchemas = ["MaterialBindingAPI"]
        )
        {
            int[] faceVertexCounts = [4, 4, 4, 4, 4, 4]
            int[] faceVertexIndices = [0, 1, 2, 3, 4, 7, 6, 5, 0, 4, 5, 1, 3, 2, 6, 7, 0, 3, 7, 4, 1, 5, 6, 2]
            point3f[] points = [
                (-0.810000, 0.520000, -1.280000),
                (0.810000, 0.520000, -1.280000),
                (0.810000, 0.520000, 1.200000),
                (-0.810000, 0.520000, 1.200000),
                (-0.560000, 0.820000, -1.000000),
                (0.560000, 0.820000, -1.000000),
                (0.560000, 0.820000, 1.020000),
                (-0.560000, 0.820000, 1.020000),
            ]
            normal3f[] normals = [
                (0.000000, -1.000000, 0.000000),
                (0.000000, -1.000000, 0.000000),
                (0.000000, -1.000000, 0.000000),
                (0.000000, -1.000000, 0.000000),
                (0.000000, 1.000000, 0.000000),
                (0.000000, 1.000000, 0.000000),
                (0.000000, 1.000000, 0.000000),
                (0.000000, 1.000000, 0.000000),
                (0.000000, 0.682318, -0.731055),
                (0.000000, 0.682318, -0.731055),
                (0.000000, 0.682318, -0.731055),
                (0.000000, 0.682318, -0.731055),
                (-0.000000, 0.514496, 0.857493),
                (-0.000000, 0.514496, 0.857493),
                (-0.000000, 0.514496, 0.857493),
                (-0.000000, 0.514496, 0.857493),
                (-0.768221, 0.640184, 0.000000),
                (-0.768221, 0.640184, 0.000000),
                (-0.768221, 0.640184, 0.000000),
                (-0.768221, 0.640184, 0.000000),
                (0.768221, 0.640184, 0.000000),
                (0.768221, 0.640184, 0.000000),
                (0.768221, 0.640184, 0.000000),
                (0.768221, 0.640184, 0.000000),
            ] (
                interpolation = "faceVarying"
            )
            color3f[] primvars:displayColor = [(0.760000, 0.018000, 0.055000)] (
                interpolation = "constant"
            )
            rel material:binding = </PlayerCar64Bit/Looks/RedMid>
            uniform token subdivisionScheme = "none"
        }

        def Mesh "RedHighlight_CenterSpine" (
            prepend apiSchemas = ["MaterialBindingAPI"]
        )
        {
            int[] faceVertexCounts = [4, 4, 4, 4, 4, 4]
            int[] faceVertexIndices = [0, 1, 2, 3, 4, 7, 6, 5, 0, 4, 5, 1, 3, 2, 6, 7, 0, 3, 7, 4, 1, 5, 6, 2]
            point3f[] points = [
                (-0.430000, 0.780000, -0.740000),
                (0.430000, 0.780000, -0.740000),
                (0.430000, 0.780000, 0.910000),
                (-0.430000, 0.780000, 0.910000),
                (-0.290000, 0.980000, -0.570000),
                (0.290000, 0.980000, -0.570000),
                (0.290000, 0.980000, 0.740000),
                (-0.290000, 0.980000, 0.740000),
            ]
            normal3f[] normals = [
                (0.000000, -1.000000, 0.000000),
                (0.000000, -1.000000, 0.000000),
                (0.000000, -1.000000, 0.000000),
                (0.000000, -1.000000, 0.000000),
                (0.000000, 1.000000, 0.000000),
                (0.000000, 1.000000, 0.000000),
                (0.000000, 1.000000, 0.000000),
                (0.000000, 1.000000, 0.000000),
                (0.000000, 0.647648, -0.761939),
                (0.000000, 0.647648, -0.761939),
                (0.000000, 0.647648, -0.761939),
                (0.000000, 0.647648, -0.761939),
                (-0.000000, 0.647648, 0.761939),
                (-0.000000, 0.647648, 0.761939),
                (-0.000000, 0.647648, 0.761939),
                (-0.000000, 0.647648, 0.761939),
                (-0.819232, 0.573462, 0.000000),
                (-0.819232, 0.573462, 0.000000),
                (-0.819232, 0.573462, 0.000000),
                (-0.819232, 0.573462, 0.000000),
                (0.819232, 0.573462, 0.000000),
                (0.819232, 0.573462, 0.000000),
                (0.819232, 0.573462, 0.000000),
                (0.819232, 0.573462, 0.000000),
            ] (
                interpolation = "faceVarying"
            )
            color3f[] primvars:displayColor = [(0.980000, 0.055000, 0.110000)] (
                interpolation = "constant"
            )
            rel material:binding = </PlayerCar64Bit/Looks/RedHighlight>
            uniform token subdivisionScheme = "none"
        }

        def Mesh "RedMid_SidePodLeft" (
            prepend apiSchemas = ["MaterialBindingAPI"]
        )
        {
            int[] faceVertexCounts = [4, 4, 4, 4, 4, 4]
            int[] faceVertexIndices = [0, 1, 2, 3, 4, 7, 6, 5, 0, 4, 5, 1, 3, 2, 6, 7, 0, 3, 7, 4, 1, 5, 6, 2]
            point3f[] points = [
                (-1.045000, 0.460000, -0.850000),
                (-0.615000, 0.460000, -0.850000),
                (-0.615000, 0.460000, 1.010000),
                (-1.045000, 0.460000, 1.010000),
                (-1.045000, 0.820000, -0.850000),
                (-0.615000, 0.820000, -0.850000),
                (-0.615000, 0.820000, 1.010000),
                (-1.045000, 0.820000, 1.010000),
            ]
            normal3f[] normals = [
                (0.000000, -1.000000, 0.000000),
                (0.000000, -1.000000, 0.000000),
                (0.000000, -1.000000, 0.000000),
                (0.000000, -1.000000, 0.000000),
                (0.000000, 1.000000, 0.000000),
                (0.000000, 1.000000, 0.000000),
                (0.000000, 1.000000, 0.000000),
                (0.000000, 1.000000, 0.000000),
                (0.000000, 0.000000, -1.000000),
                (0.000000, 0.000000, -1.000000),
                (0.000000, 0.000000, -1.000000),
                (0.000000, 0.000000, -1.000000),
                (0.000000, 0.000000, 1.000000),
                (0.000000, 0.000000, 1.000000),
                (0.000000, 0.000000, 1.000000),
                (0.000000, 0.000000, 1.000000),
                (-1.000000, 0.000000, 0.000000),
                (-1.000000, 0.000000, 0.000000),
                (-1.000000, 0.000000, 0.000000),
                (-1.000000, 0.000000, 0.000000),
                (1.000000, 0.000000, 0.000000),
                (1.000000, 0.000000, 0.000000),
                (1.000000, 0.000000, 0.000000),
                (1.000000, 0.000000, 0.000000),
            ] (
                interpolation = "faceVarying"
            )
            color3f[] primvars:displayColor = [(0.760000, 0.018000, 0.055000)] (
                interpolation = "constant"
            )
            rel material:binding = </PlayerCar64Bit/Looks/RedMid>
            uniform token subdivisionScheme = "none"
        }

        def Mesh "RedMid_SidePodRight" (
            prepend apiSchemas = ["MaterialBindingAPI"]
        )
        {
            int[] faceVertexCounts = [4, 4, 4, 4, 4, 4]
            int[] faceVertexIndices = [0, 1, 2, 3, 4, 7, 6, 5, 0, 4, 5, 1, 3, 2, 6, 7, 0, 3, 7, 4, 1, 5, 6, 2]
            point3f[] points = [
                (0.615000, 0.460000, -0.850000),
                (1.045000, 0.460000, -0.850000),
                (1.045000, 0.460000, 1.010000),
                (0.615000, 0.460000, 1.010000),
                (0.615000, 0.820000, -0.850000),
                (1.045000, 0.820000, -0.850000),
                (1.045000, 0.820000, 1.010000),
                (0.615000, 0.820000, 1.010000),
            ]
            normal3f[] normals = [
                (0.000000, -1.000000, 0.000000),
                (0.000000, -1.000000, 0.000000),
                (0.000000, -1.000000, 0.000000),
                (0.000000, -1.000000, 0.000000),
                (0.000000, 1.000000, 0.000000),
                (0.000000, 1.000000, 0.000000),
                (0.000000, 1.000000, 0.000000),
                (0.000000, 1.000000, 0.000000),
                (0.000000, 0.000000, -1.000000),
                (0.000000, 0.000000, -1.000000),
                (0.000000, 0.000000, -1.000000),
                (0.000000, 0.000000, -1.000000),
                (0.000000, 0.000000, 1.000000),
                (0.000000, 0.000000, 1.000000),
                (0.000000, 0.000000, 1.000000),
                (0.000000, 0.000000, 1.000000),
                (-1.000000, 0.000000, 0.000000),
                (-1.000000, 0.000000, 0.000000),
                (-1.000000, 0.000000, 0.000000),
                (-1.000000, 0.000000, 0.000000),
                (1.000000, 0.000000, 0.000000),
                (1.000000, 0.000000, 0.000000),
                (1.000000, 0.000000, 0.000000),
                (1.000000, 0.000000, 0.000000),
            ] (
                interpolation = "faceVarying"
            )
            color3f[] primvars:displayColor = [(0.760000, 0.018000, 0.055000)] (
                interpolation = "constant"
            )
            rel material:binding = </PlayerCar64Bit/Looks/RedMid>
            uniform token subdivisionScheme = "none"
        }

        def Mesh "RedHighlight_SidePodHighlightLeft" (
            prepend apiSchemas = ["MaterialBindingAPI"]
        )
        {
            int[] faceVertexCounts = [4, 4, 4, 4, 4, 4]
            int[] faceVertexIndices = [0, 1, 2, 3, 4, 7, 6, 5, 0, 4, 5, 1, 3, 2, 6, 7, 0, 3, 7, 4, 1, 5, 6, 2]
            point3f[] points = [
                (-0.990000, 0.817500, -0.730000),
                (-0.670000, 0.817500, -0.730000),
                (-0.670000, 0.817500, 0.690000),
                (-0.990000, 0.817500, 0.690000),
                (-0.990000, 0.872500, -0.730000),
                (-0.670000, 0.872500, -0.730000),
                (-0.670000, 0.872500, 0.690000),
                (-0.990000, 0.872500, 0.690000),
            ]
            normal3f[] normals = [
                (0.000000, -1.000000, 0.000000),
                (0.000000, -1.000000, 0.000000),
                (0.000000, -1.000000, 0.000000),
                (0.000000, -1.000000, 0.000000),
                (0.000000, 1.000000, 0.000000),
                (0.000000, 1.000000, 0.000000),
                (0.000000, 1.000000, 0.000000),
                (0.000000, 1.000000, 0.000000),
                (0.000000, 0.000000, -1.000000),
                (0.000000, 0.000000, -1.000000),
                (0.000000, 0.000000, -1.000000),
                (0.000000, 0.000000, -1.000000),
                (0.000000, 0.000000, 1.000000),
                (0.000000, 0.000000, 1.000000),
                (0.000000, 0.000000, 1.000000),
                (0.000000, 0.000000, 1.000000),
                (-1.000000, 0.000000, 0.000000),
                (-1.000000, 0.000000, 0.000000),
                (-1.000000, 0.000000, 0.000000),
                (-1.000000, 0.000000, 0.000000),
                (1.000000, 0.000000, 0.000000),
                (1.000000, 0.000000, 0.000000),
                (1.000000, 0.000000, 0.000000),
                (1.000000, 0.000000, 0.000000),
            ] (
                interpolation = "faceVarying"
            )
            color3f[] primvars:displayColor = [(0.980000, 0.055000, 0.110000)] (
                interpolation = "constant"
            )
            rel material:binding = </PlayerCar64Bit/Looks/RedHighlight>
            uniform token subdivisionScheme = "none"
        }

        def Mesh "RedHighlight_SidePodHighlightRight" (
            prepend apiSchemas = ["MaterialBindingAPI"]
        )
        {
            int[] faceVertexCounts = [4, 4, 4, 4, 4, 4]
            int[] faceVertexIndices = [0, 1, 2, 3, 4, 7, 6, 5, 0, 4, 5, 1, 3, 2, 6, 7, 0, 3, 7, 4, 1, 5, 6, 2]
            point3f[] points = [
                (0.670000, 0.817500, -0.730000),
                (0.990000, 0.817500, -0.730000),
                (0.990000, 0.817500, 0.690000),
                (0.670000, 0.817500, 0.690000),
                (0.670000, 0.872500, -0.730000),
                (0.990000, 0.872500, -0.730000),
                (0.990000, 0.872500, 0.690000),
                (0.670000, 0.872500, 0.690000),
            ]
            normal3f[] normals = [
                (0.000000, -1.000000, 0.000000),
                (0.000000, -1.000000, 0.000000),
                (0.000000, -1.000000, 0.000000),
                (0.000000, -1.000000, 0.000000),
                (0.000000, 1.000000, 0.000000),
                (0.000000, 1.000000, 0.000000),
                (0.000000, 1.000000, 0.000000),
                (0.000000, 1.000000, 0.000000),
                (0.000000, 0.000000, -1.000000),
                (0.000000, 0.000000, -1.000000),
                (0.000000, 0.000000, -1.000000),
                (0.000000, 0.000000, -1.000000),
                (0.000000, 0.000000, 1.000000),
                (0.000000, 0.000000, 1.000000),
                (0.000000, 0.000000, 1.000000),
                (0.000000, 0.000000, 1.000000),
                (-1.000000, 0.000000, 0.000000),
                (-1.000000, 0.000000, 0.000000),
                (-1.000000, 0.000000, 0.000000),
                (-1.000000, 0.000000, 0.000000),
                (1.000000, 0.000000, 0.000000),
                (1.000000, 0.000000, 0.000000),
                (1.000000, 0.000000, 0.000000),
                (1.000000, 0.000000, 0.000000),
            ] (
                interpolation = "faceVarying"
            )
            color3f[] primvars:displayColor = [(0.980000, 0.055000, 0.110000)] (
                interpolation = "constant"
            )
            rel material:binding = </PlayerCar64Bit/Looks/RedHighlight>
            uniform token subdivisionScheme = "none"
        }

        def Mesh "RedMid_Nose" (
            prepend apiSchemas = ["MaterialBindingAPI"]
        )
        {
            int[] faceVertexCounts = [4, 4, 4, 4, 4, 4]
            int[] faceVertexIndices = [0, 1, 2, 3, 4, 7, 6, 5, 0, 4, 5, 1, 3, 2, 6, 7, 0, 3, 7, 4, 1, 5, 6, 2]
            point3f[] points = [
                (-0.360000, 0.310000, -2.080000),
                (0.360000, 0.310000, -2.080000),
                (0.360000, 0.310000, -0.840000),
                (-0.360000, 0.310000, -0.840000),
                (-0.215000, 0.600000, -1.960000),
                (0.215000, 0.600000, -1.960000),
                (0.215000, 0.600000, -0.700000),
                (-0.215000, 0.600000, -0.700000),
            ]
            normal3f[] normals = [
                (0.000000, -1.000000, 0.000000),
                (0.000000, -1.000000, 0.000000),
                (0.000000, -1.000000, 0.000000),
                (0.000000, -1.000000, 0.000000),
                (0.000000, 1.000000, 0.000000),
                (0.000000, 1.000000, 0.000000),
                (0.000000, 1.000000, 0.000000),
                (0.000000, 1.000000, 0.000000),
                (0.000000, 0.382352, -0.924017),
                (0.000000, 0.382352, -0.924017),
                (0.000000, 0.382352, -0.924017),
                (0.000000, 0.382352, -0.924017),
                (0.000000, -0.434749, 0.900552),
                (0.000000, -0.434749, 0.900552),
                (0.000000, -0.434749, 0.900552),
                (0.000000, -0.434749, 0.900552),
                (-0.894427, 0.447214, 0.000000),
                (-0.894427, 0.447214, 0.000000),
                (-0.894427, 0.447214, 0.000000),
                (-0.894427, 0.447214, 0.000000),
                (0.894427, 0.447214, 0.000000),
                (0.894427, 0.447214, 0.000000),
                (0.894427, 0.447214, 0.000000),
                (0.894427, 0.447214, 0.000000),
            ] (
                interpolation = "faceVarying"
            )
            color3f[] primvars:displayColor = [(0.760000, 0.018000, 0.055000)] (
                interpolation = "constant"
            )
            rel material:binding = </PlayerCar64Bit/Looks/RedMid>
            uniform token subdivisionScheme = "none"
        }

        def Mesh "RedHighlight_NoseHighlight" (
            prepend apiSchemas = ["MaterialBindingAPI"]
        )
        {
            int[] faceVertexCounts = [4, 4, 4, 4, 4, 4]
            int[] faceVertexIndices = [0, 1, 2, 3, 4, 7, 6, 5, 0, 4, 5, 1, 3, 2, 6, 7, 0, 3, 7, 4, 1, 5, 6, 2]
            point3f[] points = [
                (-0.215000, 0.585000, -1.960000),
                (0.215000, 0.585000, -1.960000),
                (0.215000, 0.585000, -0.700000),
                (-0.215000, 0.585000, -0.700000),
                (-0.135000, 0.660000, -1.840000),
                (0.135000, 0.660000, -1.840000),
                (0.135000, 0.660000, -0.600000),
                (-0.135000, 0.660000, -0.600000),
            ]
            normal3f[] normals = [
                (0.000000, -1.000000, 0.000000),
                (0.000000, -1.000000, 0.000000),
                (0.000000, -1.000000, 0.000000),
                (0.000000, -1.000000, 0.000000),
                (0.000000, 1.000000, 0.000000),
                (0.000000, 1.000000, 0.000000),
                (0.000000, 1.000000, 0.000000),
                (0.000000, 1.000000, 0.000000),
                (0.000000, 0.847998, -0.529999),
                (0.000000, 0.847998, -0.529999),
                (0.000000, 0.847998, -0.529999),
                (0.000000, 0.847998, -0.529999),
                (0.000000, -0.800000, 0.600000),
                (0.000000, -0.800000, 0.600000),
                (0.000000, -0.800000, 0.600000),
                (0.000000, -0.800000, 0.600000),
                (-0.683941, 0.729537, 0.000000),
                (-0.683941, 0.729537, 0.000000),
                (-0.683941, 0.729537, 0.000000),
                (-0.683941, 0.729537, 0.000000),
                (0.683941, 0.729537, 0.000000),
                (0.683941, 0.729537, 0.000000),
                (0.683941, 0.729537, 0.000000),
                (0.683941, 0.729537, 0.000000),
            ] (
                interpolation = "faceVarying"
            )
            color3f[] primvars:displayColor = [(0.980000, 0.055000, 0.110000)] (
                interpolation = "constant"
            )
            rel material:binding = </PlayerCar64Bit/Looks/RedHighlight>
            uniform token subdivisionScheme = "none"
        }

        def Mesh "RedDark_FrontWing" (
            prepend apiSchemas = ["MaterialBindingAPI"]
        )
        {
            int[] faceVertexCounts = [4, 4, 4, 4, 4, 4]
            int[] faceVertexIndices = [0, 1, 2, 3, 4, 7, 6, 5, 0, 4, 5, 1, 3, 2, 6, 7, 0, 3, 7, 4, 1, 5, 6, 2]
            point3f[] points = [
                (-1.290000, 0.220000, -2.100000),
                (1.290000, 0.220000, -2.100000),
                (1.290000, 0.220000, -1.740000),
                (-1.290000, 0.220000, -1.740000),
                (-1.290000, 0.340000, -2.100000),
                (1.290000, 0.340000, -2.100000),
                (1.290000, 0.340000, -1.740000),
                (-1.290000, 0.340000, -1.740000),
            ]
            normal3f[] normals = [
                (0.000000, -1.000000, 0.000000),
                (0.000000, -1.000000, 0.000000),
                (0.000000, -1.000000, 0.000000),
                (0.000000, -1.000000, 0.000000),
                (0.000000, 1.000000, 0.000000),
                (0.000000, 1.000000, 0.000000),
                (0.000000, 1.000000, 0.000000),
                (0.000000, 1.000000, 0.000000),
                (0.000000, 0.000000, -1.000000),
                (0.000000, 0.000000, -1.000000),
                (0.000000, 0.000000, -1.000000),
                (0.000000, 0.000000, -1.000000),
                (0.000000, 0.000000, 1.000000),
                (0.000000, 0.000000, 1.000000),
                (0.000000, 0.000000, 1.000000),
                (0.000000, 0.000000, 1.000000),
                (-1.000000, 0.000000, 0.000000),
                (-1.000000, 0.000000, 0.000000),
                (-1.000000, 0.000000, 0.000000),
                (-1.000000, 0.000000, 0.000000),
                (1.000000, 0.000000, 0.000000),
                (1.000000, 0.000000, 0.000000),
                (1.000000, 0.000000, 0.000000),
                (1.000000, 0.000000, 0.000000),
            ] (
                interpolation = "faceVarying"
            )
            color3f[] primvars:displayColor = [(0.290000, 0.006000, 0.018000)] (
                interpolation = "constant"
            )
            rel material:binding = </PlayerCar64Bit/Looks/RedDark>
            uniform token subdivisionScheme = "none"
        }

        def Mesh "RedHighlight_FrontWingHighlight" (
            prepend apiSchemas = ["MaterialBindingAPI"]
        )
        {
            int[] faceVertexCounts = [4, 4, 4, 4, 4, 4]
            int[] faceVertexIndices = [0, 1, 2, 3, 4, 7, 6, 5, 0, 4, 5, 1, 3, 2, 6, 7, 0, 3, 7, 4, 1, 5, 6, 2]
            point3f[] points = [
                (-1.150000, 0.332500, -2.070000),
                (1.150000, 0.332500, -2.070000),
                (1.150000, 0.332500, -1.850000),
                (-1.150000, 0.332500, -1.850000),
                (-1.150000, 0.377500, -2.070000),
                (1.150000, 0.377500, -2.070000),
                (1.150000, 0.377500, -1.850000),
                (-1.150000, 0.377500, -1.850000),
            ]
            normal3f[] normals = [
                (0.000000, -1.000000, 0.000000),
                (0.000000, -1.000000, 0.000000),
                (0.000000, -1.000000, 0.000000),
                (0.000000, -1.000000, 0.000000),
                (0.000000, 1.000000, 0.000000),
                (0.000000, 1.000000, 0.000000),
                (0.000000, 1.000000, 0.000000),
                (0.000000, 1.000000, 0.000000),
                (0.000000, 0.000000, -1.000000),
                (0.000000, 0.000000, -1.000000),
                (0.000000, 0.000000, -1.000000),
                (0.000000, 0.000000, -1.000000),
                (0.000000, 0.000000, 1.000000),
                (0.000000, 0.000000, 1.000000),
                (0.000000, 0.000000, 1.000000),
                (0.000000, 0.000000, 1.000000),
                (-1.000000, 0.000000, 0.000000),
                (-1.000000, 0.000000, 0.000000),
                (-1.000000, 0.000000, 0.000000),
                (-1.000000, 0.000000, 0.000000),
                (1.000000, 0.000000, 0.000000),
                (1.000000, 0.000000, 0.000000),
                (1.000000, 0.000000, 0.000000),
                (1.000000, 0.000000, 0.000000),
            ] (
                interpolation = "faceVarying"
            )
            color3f[] primvars:displayColor = [(0.980000, 0.055000, 0.110000)] (
                interpolation = "constant"
            )
            rel material:binding = </PlayerCar64Bit/Looks/RedHighlight>
            uniform token subdivisionScheme = "none"
        }

        def Mesh "RedMid_FrontWingEndLeft" (
            prepend apiSchemas = ["MaterialBindingAPI"]
        )
        {
            int[] faceVertexCounts = [4, 4, 4, 4, 4, 4]
            int[] faceVertexIndices = [0, 1, 2, 3, 4, 7, 6, 5, 0, 4, 5, 1, 3, 2, 6, 7, 0, 3, 7, 4, 1, 5, 6, 2]
            point3f[] points = [
                (-1.315000, 0.190000, -2.150000),
                (-1.185000, 0.190000, -2.150000),
                (-1.185000, 0.190000, -1.690000),
                (-1.315000, 0.190000, -1.690000),
                (-1.315000, 0.650000, -2.150000),
                (-1.185000, 0.650000, -2.150000),
                (-1.185000, 0.650000, -1.690000),
                (-1.315000, 0.650000, -1.690000),
            ]
            normal3f[] normals = [
                (0.000000, -1.000000, 0.000000),
                (0.000000, -1.000000, 0.000000),
                (0.000000, -1.000000, 0.000000),
                (0.000000, -1.000000, 0.000000),
                (0.000000, 1.000000, 0.000000),
                (0.000000, 1.000000, 0.000000),
                (0.000000, 1.000000, 0.000000),
                (0.000000, 1.000000, 0.000000),
                (0.000000, 0.000000, -1.000000),
                (0.000000, 0.000000, -1.000000),
                (0.000000, 0.000000, -1.000000),
                (0.000000, 0.000000, -1.000000),
                (0.000000, 0.000000, 1.000000),
                (0.000000, 0.000000, 1.000000),
                (0.000000, 0.000000, 1.000000),
                (0.000000, 0.000000, 1.000000),
                (-1.000000, 0.000000, 0.000000),
                (-1.000000, 0.000000, 0.000000),
                (-1.000000, 0.000000, 0.000000),
                (-1.000000, 0.000000, 0.000000),
                (1.000000, 0.000000, 0.000000),
                (1.000000, 0.000000, 0.000000),
                (1.000000, 0.000000, 0.000000),
                (1.000000, 0.000000, 0.000000),
            ] (
                interpolation = "faceVarying"
            )
            color3f[] primvars:displayColor = [(0.760000, 0.018000, 0.055000)] (
                interpolation = "constant"
            )
            rel material:binding = </PlayerCar64Bit/Looks/RedMid>
            uniform token subdivisionScheme = "none"
        }

        def Mesh "RedMid_FrontWingEndRight" (
            prepend apiSchemas = ["MaterialBindingAPI"]
        )
        {
            int[] faceVertexCounts = [4, 4, 4, 4, 4, 4]
            int[] faceVertexIndices = [0, 1, 2, 3, 4, 7, 6, 5, 0, 4, 5, 1, 3, 2, 6, 7, 0, 3, 7, 4, 1, 5, 6, 2]
            point3f[] points = [
                (1.185000, 0.190000, -2.150000),
                (1.315000, 0.190000, -2.150000),
                (1.315000, 0.190000, -1.690000),
                (1.185000, 0.190000, -1.690000),
                (1.185000, 0.650000, -2.150000),
                (1.315000, 0.650000, -2.150000),
                (1.315000, 0.650000, -1.690000),
                (1.185000, 0.650000, -1.690000),
            ]
            normal3f[] normals = [
                (0.000000, -1.000000, 0.000000),
                (0.000000, -1.000000, 0.000000),
                (0.000000, -1.000000, 0.000000),
                (0.000000, -1.000000, 0.000000),
                (0.000000, 1.000000, 0.000000),
                (0.000000, 1.000000, 0.000000),
                (0.000000, 1.000000, 0.000000),
                (0.000000, 1.000000, 0.000000),
                (0.000000, 0.000000, -1.000000),
                (0.000000, 0.000000, -1.000000),
                (0.000000, 0.000000, -1.000000),
                (0.000000, 0.000000, -1.000000),
                (0.000000, 0.000000, 1.000000),
                (0.000000, 0.000000, 1.000000),
                (0.000000, 0.000000, 1.000000),
                (0.000000, 0.000000, 1.000000),
                (-1.000000, 0.000000, 0.000000),
                (-1.000000, 0.000000, 0.000000),
                (-1.000000, 0.000000, 0.000000),
                (-1.000000, 0.000000, 0.000000),
                (1.000000, 0.000000, 0.000000),
                (1.000000, 0.000000, 0.000000),
                (1.000000, 0.000000, 0.000000),
                (1.000000, 0.000000, 0.000000),
            ] (
                interpolation = "faceVarying"
            )
            color3f[] primvars:displayColor = [(0.760000, 0.018000, 0.055000)] (
                interpolation = "constant"
            )
            rel material:binding = </PlayerCar64Bit/Looks/RedMid>
            uniform token subdivisionScheme = "none"
        }

        def Mesh "Graphite_CockpitTub" (
            prepend apiSchemas = ["MaterialBindingAPI"]
        )
        {
            int[] faceVertexCounts = [4, 4, 4, 4, 4, 4]
            int[] faceVertexIndices = [0, 1, 2, 3, 4, 7, 6, 5, 0, 4, 5, 1, 3, 2, 6, 7, 0, 3, 7, 4, 1, 5, 6, 2]
            point3f[] points = [
                (-0.500000, 0.800000, -0.580000),
                (0.500000, 0.800000, -0.580000),
                (0.500000, 0.800000, 0.580000),
                (-0.500000, 0.800000, 0.580000),
                (-0.360000, 0.980000, -0.450000),
                (0.360000, 0.980000, -0.450000),
                (0.360000, 0.980000, 0.480000),
                (-0.360000, 0.980000, 0.480000),
            ]
            normal3f[] normals = [
                (0.000000, -1.000000, 0.000000),
                (0.000000, -1.000000, 0.000000),
                (0.000000, -1.000000, 0.000000),
                (0.000000, -1.000000, 0.000000),
                (0.000000, 1.000000, 0.000000),
                (0.000000, 1.000000, 0.000000),
                (0.000000, 1.000000, 0.000000),
                (0.000000, 1.000000, 0.000000),
                (0.000000, 0.585491, -0.810679),
                (0.000000, 0.585491, -0.810679),
                (0.000000, 0.585491, -0.810679),
                (0.000000, 0.585491, -0.810679),
                (-0.000000, 0.485643, 0.874157),
                (-0.000000, 0.485643, 0.874157),
                (-0.000000, 0.485643, 0.874157),
                (-0.000000, 0.485643, 0.874157),
                (-0.789352, 0.613941, 0.000000),
                (-0.789352, 0.613941, 0.000000),
                (-0.789352, 0.613941, 0.000000),
                (-0.789352, 0.613941, 0.000000),
                (0.789352, 0.613941, 0.000000),
                (0.789352, 0.613941, 0.000000),
                (0.789352, 0.613941, 0.000000),
                (0.789352, 0.613941, 0.000000),
            ] (
                interpolation = "faceVarying"
            )
            color3f[] primvars:displayColor = [(0.035000, 0.045000, 0.065000)] (
                interpolation = "constant"
            )
            rel material:binding = </PlayerCar64Bit/Looks/Graphite>
            uniform token subdivisionScheme = "none"
        }

        def Mesh "GlassTeal_Windscreen" (
            prepend apiSchemas = ["MaterialBindingAPI"]
        )
        {
            int[] faceVertexCounts = [4, 4, 4, 4, 4, 4]
            int[] faceVertexIndices = [0, 1, 2, 3, 4, 7, 6, 5, 0, 4, 5, 1, 3, 2, 6, 7, 0, 3, 7, 4, 1, 5, 6, 2]
            point3f[] points = [
                (-0.390000, 0.910000, -0.620000),
                (0.390000, 0.910000, -0.620000),
                (0.390000, 0.910000, -0.180000),
                (-0.390000, 0.910000, -0.180000),
                (-0.280000, 1.040000, -0.530000),
                (0.280000, 1.040000, -0.530000),
                (0.280000, 1.040000, -0.100000),
                (-0.280000, 1.040000, -0.100000),
            ]
            normal3f[] normals = [
                (0.000000, -1.000000, 0.000000),
                (0.000000, -1.000000, 0.000000),
                (0.000000, -1.000000, 0.000000),
                (0.000000, -1.000000, 0.000000),
                (0.000000, 1.000000, 0.000000),
                (0.000000, 1.000000, 0.000000),
                (0.000000, 1.000000, 0.000000),
                (0.000000, 1.000000, 0.000000),
                (0.000000, 0.569210, -0.822192),
                (0.000000, 0.569210, -0.822192),
                (0.000000, 0.569210, -0.822192),
                (0.000000, 0.569210, -0.822192),
                (0.000000, -0.524097, 0.851658),
                (0.000000, -0.524097, 0.851658),
                (0.000000, -0.524097, 0.851658),
                (0.000000, -0.524097, 0.851658),
                (-0.763386, 0.645942, 0.000000),
                (-0.763386, 0.645942, 0.000000),
                (-0.763386, 0.645942, 0.000000),
                (-0.763386, 0.645942, 0.000000),
                (0.763386, 0.645942, 0.000000),
                (0.763386, 0.645942, 0.000000),
                (0.763386, 0.645942, 0.000000),
                (0.763386, 0.645942, 0.000000),
            ] (
                interpolation = "faceVarying"
            )
            color3f[] primvars:displayColor = [(0.015000, 0.190000, 0.250000)] (
                interpolation = "constant"
            )
            rel material:binding = </PlayerCar64Bit/Looks/GlassTeal>
            uniform token subdivisionScheme = "none"
        }

        def Mesh "RedDark_RearBody" (
            prepend apiSchemas = ["MaterialBindingAPI"]
        )
        {
            int[] faceVertexCounts = [4, 4, 4, 4, 4, 4]
            int[] faceVertexIndices = [0, 1, 2, 3, 4, 7, 6, 5, 0, 4, 5, 1, 3, 2, 6, 7, 0, 3, 7, 4, 1, 5, 6, 2]
            point3f[] points = [
                (-0.880000, 0.270000, 1.120000),
                (0.880000, 0.270000, 1.120000),
                (0.880000, 0.270000, 1.600000),
                (-0.880000, 0.270000, 1.600000),
                (-0.880000, 0.730000, 1.120000),
                (0.880000, 0.730000, 1.120000),
                (0.880000, 0.730000, 1.600000),
                (-0.880000, 0.730000, 1.600000),
            ]
            normal3f[] normals = [
                (0.000000, -1.000000, 0.000000),
                (0.000000, -1.000000, 0.000000),
                (0.000000, -1.000000, 0.000000),
                (0.000000, -1.000000, 0.000000),
                (0.000000, 1.000000, 0.000000),
                (0.000000, 1.000000, 0.000000),
                (0.000000, 1.000000, 0.000000),
                (0.000000, 1.000000, 0.000000),
                (0.000000, 0.000000, -1.000000),
                (0.000000, 0.000000, -1.000000),
                (0.000000, 0.000000, -1.000000),
                (0.000000, 0.000000, -1.000000),
                (0.000000, 0.000000, 1.000000),
                (0.000000, 0.000000, 1.000000),
                (0.000000, 0.000000, 1.000000),
                (0.000000, 0.000000, 1.000000),
                (-1.000000, 0.000000, 0.000000),
                (-1.000000, 0.000000, 0.000000),
                (-1.000000, 0.000000, 0.000000),
                (-1.000000, 0.000000, 0.000000),
                (1.000000, 0.000000, 0.000000),
                (1.000000, 0.000000, 0.000000),
                (1.000000, 0.000000, 0.000000),
                (1.000000, 0.000000, 0.000000),
            ] (
                interpolation = "faceVarying"
            )
            color3f[] primvars:displayColor = [(0.290000, 0.006000, 0.018000)] (
                interpolation = "constant"
            )
            rel material:binding = </PlayerCar64Bit/Looks/RedDark>
            uniform token subdivisionScheme = "none"
        }

        def Mesh "Graphite_RearGrille" (
            prepend apiSchemas = ["MaterialBindingAPI"]
        )
        {
            int[] faceVertexCounts = [4, 4, 4, 4, 4, 4]
            int[] faceVertexIndices = [0, 1, 2, 3, 4, 7, 6, 5, 0, 4, 5, 1, 3, 2, 6, 7, 0, 3, 7, 4, 1, 5, 6, 2]
            point3f[] points = [
                (-0.380000, 0.400000, 1.592500),
                (0.380000, 0.400000, 1.592500),
                (0.380000, 0.400000, 1.657500),
                (-0.380000, 0.400000, 1.657500),
                (-0.380000, 0.740000, 1.592500),
                (0.380000, 0.740000, 1.592500),
                (0.380000, 0.740000, 1.657500),
                (-0.380000, 0.740000, 1.657500),
            ]
            normal3f[] normals = [
                (0.000000, -1.000000, 0.000000),
                (0.000000, -1.000000, 0.000000),
                (0.000000, -1.000000, 0.000000),
                (0.000000, -1.000000, 0.000000),
                (0.000000, 1.000000, 0.000000),
                (0.000000, 1.000000, 0.000000),
                (0.000000, 1.000000, 0.000000),
                (0.000000, 1.000000, 0.000000),
                (0.000000, 0.000000, -1.000000),
                (0.000000, 0.000000, -1.000000),
                (0.000000, 0.000000, -1.000000),
                (0.000000, 0.000000, -1.000000),
                (0.000000, 0.000000, 1.000000),
                (0.000000, 0.000000, 1.000000),
                (0.000000, 0.000000, 1.000000),
                (0.000000, 0.000000, 1.000000),
                (-1.000000, 0.000000, 0.000000),
                (-1.000000, 0.000000, 0.000000),
                (-1.000000, 0.000000, 0.000000),
                (-1.000000, 0.000000, 0.000000),
                (1.000000, 0.000000, 0.000000),
                (1.000000, 0.000000, 0.000000),
                (1.000000, 0.000000, 0.000000),
                (1.000000, 0.000000, 0.000000),
            ] (
                interpolation = "faceVarying"
            )
            color3f[] primvars:displayColor = [(0.035000, 0.045000, 0.065000)] (
                interpolation = "constant"
            )
            rel material:binding = </PlayerCar64Bit/Looks/Graphite>
            uniform token subdivisionScheme = "none"
        }

        def Mesh "Amber_TailLightLeft" (
            prepend apiSchemas = ["MaterialBindingAPI"]
        )
        {
            int[] faceVertexCounts = [4, 4, 4, 4, 4, 4]
            int[] faceVertexIndices = [0, 1, 2, 3, 4, 7, 6, 5, 0, 4, 5, 1, 3, 2, 6, 7, 0, 3, 7, 4, 1, 5, 6, 2]
            point3f[] points = [
                (-0.685000, 0.500000, 1.637500),
                (-0.435000, 0.500000, 1.637500),
                (-0.435000, 0.500000, 1.692500),
                (-0.685000, 0.500000, 1.692500),
                (-0.685000, 0.680000, 1.637500),
                (-0.435000, 0.680000, 1.637500),
                (-0.435000, 0.680000, 1.692500),
                (-0.685000, 0.680000, 1.692500),
            ]
            normal3f[] normals = [
                (0.000000, -1.000000, 0.000000),
                (0.000000, -1.000000, 0.000000),
                (0.000000, -1.000000, 0.000000),
                (0.000000, -1.000000, 0.000000),
                (0.000000, 1.000000, 0.000000),
                (0.000000, 1.000000, 0.000000),
                (0.000000, 1.000000, 0.000000),
                (0.000000, 1.000000, 0.000000),
                (0.000000, 0.000000, -1.000000),
                (0.000000, 0.000000, -1.000000),
                (0.000000, 0.000000, -1.000000),
                (0.000000, 0.000000, -1.000000),
                (0.000000, 0.000000, 1.000000),
                (0.000000, 0.000000, 1.000000),
                (0.000000, 0.000000, 1.000000),
                (0.000000, 0.000000, 1.000000),
                (-1.000000, 0.000000, 0.000000),
                (-1.000000, 0.000000, 0.000000),
                (-1.000000, 0.000000, 0.000000),
                (-1.000000, 0.000000, 0.000000),
                (1.000000, 0.000000, 0.000000),
                (1.000000, 0.000000, 0.000000),
                (1.000000, 0.000000, 0.000000),
                (1.000000, 0.000000, 0.000000),
            ] (
                interpolation = "faceVarying"
            )
            color3f[] primvars:displayColor = [(1.000000, 0.220000, 0.025000)] (
                interpolation = "constant"
            )
            rel material:binding = </PlayerCar64Bit/Looks/Amber>
            uniform token subdivisionScheme = "none"
        }

        def Mesh "Amber_TailLightRight" (
            prepend apiSchemas = ["MaterialBindingAPI"]
        )
        {
            int[] faceVertexCounts = [4, 4, 4, 4, 4, 4]
            int[] faceVertexIndices = [0, 1, 2, 3, 4, 7, 6, 5, 0, 4, 5, 1, 3, 2, 6, 7, 0, 3, 7, 4, 1, 5, 6, 2]
            point3f[] points = [
                (0.435000, 0.500000, 1.637500),
                (0.685000, 0.500000, 1.637500),
                (0.685000, 0.500000, 1.692500),
                (0.435000, 0.500000, 1.692500),
                (0.435000, 0.680000, 1.637500),
                (0.685000, 0.680000, 1.637500),
                (0.685000, 0.680000, 1.692500),
                (0.435000, 0.680000, 1.692500),
            ]
            normal3f[] normals = [
                (0.000000, -1.000000, 0.000000),
                (0.000000, -1.000000, 0.000000),
                (0.000000, -1.000000, 0.000000),
                (0.000000, -1.000000, 0.000000),
                (0.000000, 1.000000, 0.000000),
                (0.000000, 1.000000, 0.000000),
                (0.000000, 1.000000, 0.000000),
                (0.000000, 1.000000, 0.000000),
                (0.000000, 0.000000, -1.000000),
                (0.000000, 0.000000, -1.000000),
                (0.000000, 0.000000, -1.000000),
                (0.000000, 0.000000, -1.000000),
                (0.000000, 0.000000, 1.000000),
                (0.000000, 0.000000, 1.000000),
                (0.000000, 0.000000, 1.000000),
                (0.000000, 0.000000, 1.000000),
                (-1.000000, 0.000000, 0.000000),
                (-1.000000, 0.000000, 0.000000),
                (-1.000000, 0.000000, 0.000000),
                (-1.000000, 0.000000, 0.000000),
                (1.000000, 0.000000, 0.000000),
                (1.000000, 0.000000, 0.000000),
                (1.000000, 0.000000, 0.000000),
                (1.000000, 0.000000, 0.000000),
            ] (
                interpolation = "faceVarying"
            )
            color3f[] primvars:displayColor = [(1.000000, 0.220000, 0.025000)] (
                interpolation = "constant"
            )
            rel material:binding = </PlayerCar64Bit/Looks/Amber>
            uniform token subdivisionScheme = "none"
        }

        def Mesh "Amber_RivalTailLightStackLeft" (
            active = false
            prepend apiSchemas = ["MaterialBindingAPI"]
        )
        {
            int[] faceVertexCounts = [4, 4]
            int[] faceVertexIndices = [0, 1, 2, 3, 4, 5, 6, 7]
            point3f[] points = [
                (-0.685000, 0.500000, 1.695000),
                (-0.435000, 0.500000, 1.695000),
                (-0.435000, 0.580000, 1.695000),
                (-0.685000, 0.580000, 1.695000),
                (-0.685000, 0.600000, 1.695000),
                (-0.435000, 0.600000, 1.695000),
                (-0.435000, 0.680000, 1.695000),
                (-0.685000, 0.680000, 1.695000),
            ]
            normal3f[] normals = [
                (0.000000, 0.000000, 1.000000),
                (0.000000, 0.000000, 1.000000),
                (0.000000, 0.000000, 1.000000),
                (0.000000, 0.000000, 1.000000),
                (0.000000, 0.000000, 1.000000),
                (0.000000, 0.000000, 1.000000),
                (0.000000, 0.000000, 1.000000),
                (0.000000, 0.000000, 1.000000),
            ] (
                interpolation = "faceVarying"
            )
            color3f[] primvars:displayColor = [(1.000000, 0.220000, 0.025000)] (
                interpolation = "constant"
            )
            rel material:binding = </PlayerCar64Bit/Looks/Amber>
            uniform bool doubleSided = 1
            uniform token subdivisionScheme = "none"
        }

        def Mesh "Amber_RivalTailLightStackRight" (
            active = false
            prepend apiSchemas = ["MaterialBindingAPI"]
        )
        {
            int[] faceVertexCounts = [4, 4]
            int[] faceVertexIndices = [0, 1, 2, 3, 4, 5, 6, 7]
            point3f[] points = [
                (0.435000, 0.500000, 1.695000),
                (0.685000, 0.500000, 1.695000),
                (0.685000, 0.580000, 1.695000),
                (0.435000, 0.580000, 1.695000),
                (0.435000, 0.600000, 1.695000),
                (0.685000, 0.600000, 1.695000),
                (0.685000, 0.680000, 1.695000),
                (0.435000, 0.680000, 1.695000),
            ]
            normal3f[] normals = [
                (0.000000, 0.000000, 1.000000),
                (0.000000, 0.000000, 1.000000),
                (0.000000, 0.000000, 1.000000),
                (0.000000, 0.000000, 1.000000),
                (0.000000, 0.000000, 1.000000),
                (0.000000, 0.000000, 1.000000),
                (0.000000, 0.000000, 1.000000),
                (0.000000, 0.000000, 1.000000),
            ] (
                interpolation = "faceVarying"
            )
            color3f[] primvars:displayColor = [(1.000000, 0.220000, 0.025000)] (
                interpolation = "constant"
            )
            rel material:binding = </PlayerCar64Bit/Looks/Amber>
            uniform bool doubleSided = 1
            uniform token subdivisionScheme = "none"
        }

        def Mesh "RedMid_RearWing" (
            prepend apiSchemas = ["MaterialBindingAPI"]
        )
        {
            int[] faceVertexCounts = [4, 4, 4, 4, 4, 4]
            int[] faceVertexIndices = [0, 1, 2, 3, 4, 7, 6, 5, 0, 4, 5, 1, 3, 2, 6, 7, 0, 3, 7, 4, 1, 5, 6, 2]
            point3f[] points = [
                (-1.310000, 1.605000, 1.350000),
                (1.310000, 1.605000, 1.350000),
                (1.310000, 1.605000, 1.750000),
                (-1.310000, 1.605000, 1.750000),
                (-1.310000, 1.755000, 1.350000),
                (1.310000, 1.755000, 1.350000),
                (1.310000, 1.755000, 1.750000),
                (-1.310000, 1.755000, 1.750000),
            ]
            normal3f[] normals = [
                (0.000000, -1.000000, 0.000000),
                (0.000000, -1.000000, 0.000000),
                (0.000000, -1.000000, 0.000000),
                (0.000000, -1.000000, 0.000000),
                (0.000000, 1.000000, 0.000000),
                (0.000000, 1.000000, 0.000000),
                (0.000000, 1.000000, 0.000000),
                (0.000000, 1.000000, 0.000000),
                (0.000000, 0.000000, -1.000000),
                (0.000000, 0.000000, -1.000000),
                (0.000000, 0.000000, -1.000000),
                (0.000000, 0.000000, -1.000000),
                (0.000000, 0.000000, 1.000000),
                (0.000000, 0.000000, 1.000000),
                (0.000000, 0.000000, 1.000000),
                (0.000000, 0.000000, 1.000000),
                (-1.000000, 0.000000, 0.000000),
                (-1.000000, 0.000000, 0.000000),
                (-1.000000, 0.000000, 0.000000),
                (-1.000000, 0.000000, 0.000000),
                (1.000000, 0.000000, 0.000000),
                (1.000000, 0.000000, 0.000000),
                (1.000000, 0.000000, 0.000000),
                (1.000000, 0.000000, 0.000000),
            ] (
                interpolation = "faceVarying"
            )
            color3f[] primvars:displayColor = [(0.760000, 0.018000, 0.055000)] (
                interpolation = "constant"
            )
            rel material:binding = </PlayerCar64Bit/Looks/RedMid>
            uniform token subdivisionScheme = "none"
        }

        def Mesh "RedHighlight_RearWingHighlight" (
            prepend apiSchemas = ["MaterialBindingAPI"]
        )
        {
            int[] faceVertexCounts = [4, 4, 4, 4, 4, 4]
            int[] faceVertexIndices = [0, 1, 2, 3, 4, 7, 6, 5, 0, 4, 5, 1, 3, 2, 6, 7, 0, 3, 7, 4, 1, 5, 6, 2]
            point3f[] points = [
                (-1.180000, 1.752500, 1.400000),
                (1.180000, 1.752500, 1.400000),
                (1.180000, 1.752500, 1.620000),
                (-1.180000, 1.752500, 1.620000),
                (-1.180000, 1.797500, 1.400000),
                (1.180000, 1.797500, 1.400000),
                (1.180000, 1.797500, 1.620000),
                (-1.180000, 1.797500, 1.620000),
            ]
            normal3f[] normals = [
                (0.000000, -1.000000, 0.000000),
                (0.000000, -1.000000, 0.000000),
                (0.000000, -1.000000, 0.000000),
                (0.000000, -1.000000, 0.000000),
                (0.000000, 1.000000, 0.000000),
                (0.000000, 1.000000, 0.000000),
                (0.000000, 1.000000, 0.000000),
                (0.000000, 1.000000, 0.000000),
                (0.000000, 0.000000, -1.000000),
                (0.000000, 0.000000, -1.000000),
                (0.000000, 0.000000, -1.000000),
                (0.000000, 0.000000, -1.000000),
                (0.000000, 0.000000, 1.000000),
                (0.000000, 0.000000, 1.000000),
                (0.000000, 0.000000, 1.000000),
                (0.000000, 0.000000, 1.000000),
                (-1.000000, 0.000000, 0.000000),
                (-1.000000, 0.000000, 0.000000),
                (-1.000000, 0.000000, 0.000000),
                (-1.000000, 0.000000, 0.000000),
                (1.000000, 0.000000, 0.000000),
                (1.000000, 0.000000, 0.000000),
                (1.000000, 0.000000, 0.000000),
                (1.000000, 0.000000, 0.000000),
            ] (
                interpolation = "faceVarying"
            )
            color3f[] primvars:displayColor = [(0.980000, 0.055000, 0.110000)] (
                interpolation = "constant"
            )
            rel material:binding = </PlayerCar64Bit/Looks/RedHighlight>
            uniform token subdivisionScheme = "none"
        }

        def Mesh "RedDark_RearWingEndLeft" (
            prepend apiSchemas = ["MaterialBindingAPI"]
        )
        {
            int[] faceVertexCounts = [4, 4, 4, 4, 4, 4]
            int[] faceVertexIndices = [0, 1, 2, 3, 4, 7, 6, 5, 0, 4, 5, 1, 3, 2, 6, 7, 0, 3, 7, 4, 1, 5, 6, 2]
            point3f[] points = [
                (-1.350000, 1.220000, 1.310000),
                (-1.210000, 1.220000, 1.310000),
                (-1.210000, 1.220000, 1.790000),
                (-1.350000, 1.220000, 1.790000),
                (-1.350000, 1.860000, 1.310000),
                (-1.210000, 1.860000, 1.310000),
                (-1.210000, 1.860000, 1.790000),
                (-1.350000, 1.860000, 1.790000),
            ]
            normal3f[] normals = [
                (0.000000, -1.000000, 0.000000),
                (0.000000, -1.000000, 0.000000),
                (0.000000, -1.000000, 0.000000),
                (0.000000, -1.000000, 0.000000),
                (0.000000, 1.000000, 0.000000),
                (0.000000, 1.000000, 0.000000),
                (0.000000, 1.000000, 0.000000),
                (0.000000, 1.000000, 0.000000),
                (0.000000, 0.000000, -1.000000),
                (0.000000, 0.000000, -1.000000),
                (0.000000, 0.000000, -1.000000),
                (0.000000, 0.000000, -1.000000),
                (0.000000, 0.000000, 1.000000),
                (0.000000, 0.000000, 1.000000),
                (0.000000, 0.000000, 1.000000),
                (0.000000, 0.000000, 1.000000),
                (-1.000000, 0.000000, 0.000000),
                (-1.000000, 0.000000, 0.000000),
                (-1.000000, 0.000000, 0.000000),
                (-1.000000, 0.000000, 0.000000),
                (1.000000, 0.000000, 0.000000),
                (1.000000, 0.000000, 0.000000),
                (1.000000, 0.000000, 0.000000),
                (1.000000, 0.000000, 0.000000),
            ] (
                interpolation = "faceVarying"
            )
            color3f[] primvars:displayColor = [(0.290000, 0.006000, 0.018000)] (
                interpolation = "constant"
            )
            rel material:binding = </PlayerCar64Bit/Looks/RedDark>
            uniform token subdivisionScheme = "none"
        }

        def Mesh "RedDark_RearWingEndRight" (
            prepend apiSchemas = ["MaterialBindingAPI"]
        )
        {
            int[] faceVertexCounts = [4, 4, 4, 4, 4, 4]
            int[] faceVertexIndices = [0, 1, 2, 3, 4, 7, 6, 5, 0, 4, 5, 1, 3, 2, 6, 7, 0, 3, 7, 4, 1, 5, 6, 2]
            point3f[] points = [
                (1.210000, 1.220000, 1.310000),
                (1.350000, 1.220000, 1.310000),
                (1.350000, 1.220000, 1.790000),
                (1.210000, 1.220000, 1.790000),
                (1.210000, 1.860000, 1.310000),
                (1.350000, 1.860000, 1.310000),
                (1.350000, 1.860000, 1.790000),
                (1.210000, 1.860000, 1.790000),
            ]
            normal3f[] normals = [
                (0.000000, -1.000000, 0.000000),
                (0.000000, -1.000000, 0.000000),
                (0.000000, -1.000000, 0.000000),
                (0.000000, -1.000000, 0.000000),
                (0.000000, 1.000000, 0.000000),
                (0.000000, 1.000000, 0.000000),
                (0.000000, 1.000000, 0.000000),
                (0.000000, 1.000000, 0.000000),
                (0.000000, 0.000000, -1.000000),
                (0.000000, 0.000000, -1.000000),
                (0.000000, 0.000000, -1.000000),
                (0.000000, 0.000000, -1.000000),
                (0.000000, 0.000000, 1.000000),
                (0.000000, 0.000000, 1.000000),
                (0.000000, 0.000000, 1.000000),
                (0.000000, 0.000000, 1.000000),
                (-1.000000, 0.000000, 0.000000),
                (-1.000000, 0.000000, 0.000000),
                (-1.000000, 0.000000, 0.000000),
                (-1.000000, 0.000000, 0.000000),
                (1.000000, 0.000000, 0.000000),
                (1.000000, 0.000000, 0.000000),
                (1.000000, 0.000000, 0.000000),
                (1.000000, 0.000000, 0.000000),
            ] (
                interpolation = "faceVarying"
            )
            color3f[] primvars:displayColor = [(0.290000, 0.006000, 0.018000)] (
                interpolation = "constant"
            )
            rel material:binding = </PlayerCar64Bit/Looks/RedDark>
            uniform token subdivisionScheme = "none"
        }

        def Mesh "Graphite_Diffuser" (
            prepend apiSchemas = ["MaterialBindingAPI"]
        )
        {
            int[] faceVertexCounts = [4, 4, 4, 4, 4, 4]
            int[] faceVertexIndices = [0, 1, 2, 3, 4, 7, 6, 5, 0, 4, 5, 1, 3, 2, 6, 7, 0, 3, 7, 4, 1, 5, 6, 2]
            point3f[] points = [
                (-0.560000, 0.185628, 1.325877),
                (0.560000, 0.185628, 1.325877),
                (0.560000, 0.098305, 1.736699),
                (-0.560000, 0.098305, 1.736699),
                (-0.560000, 0.361695, 1.363301),
                (0.560000, 0.361695, 1.363301),
                (0.560000, 0.274372, 1.774123),
                (-0.560000, 0.274372, 1.774123),
            ]
            normal3f[] normals = [
                (0.000000, -0.978148, -0.207912),
                (0.000000, -0.978148, -0.207912),
                (0.000000, -0.978148, -0.207912),
                (0.000000, -0.978148, -0.207912),
                (0.000000, 0.978148, 0.207912),
                (0.000000, 0.978148, 0.207912),
                (0.000000, 0.978148, 0.207912),
                (0.000000, 0.978148, 0.207912),
                (0.000000, 0.207912, -0.978148),
                (0.000000, 0.207912, -0.978148),
                (0.000000, 0.207912, -0.978148),
                (0.000000, 0.207912, -0.978148),
                (0.000000, -0.207912, 0.978148),
                (0.000000, -0.207912, 0.978148),
                (0.000000, -0.207912, 0.978148),
                (0.000000, -0.207912, 0.978148),
                (-1.000000, 0.000000, 0.000000),
                (-1.000000, 0.000000, 0.000000),
                (-1.000000, 0.000000, 0.000000),
                (-1.000000, 0.000000, 0.000000),
                (1.000000, 0.000000, 0.000000),
                (1.000000, 0.000000, 0.000000),
                (1.000000, 0.000000, 0.000000),
                (1.000000, 0.000000, 0.000000),
            ] (
                interpolation = "faceVarying"
            )
            color3f[] primvars:displayColor = [(0.035000, 0.045000, 0.065000)] (
                interpolation = "constant"
            )
            rel material:binding = </PlayerCar64Bit/Looks/Graphite>
            uniform token subdivisionScheme = "none"
        }

        def Mesh "Ivory_RearSkidPlate" (
            prepend apiSchemas = ["MaterialBindingAPI"]
        )
        {
            int[] faceVertexCounts = [4, 4, 4, 4, 4, 4]
            int[] faceVertexIndices = [0, 1, 2, 3, 4, 7, 6, 5, 0, 4, 5, 1, 3, 2, 6, 7, 0, 3, 7, 4, 1, 5, 6, 2]
            point3f[] points = [
                (-0.140000, 0.230000, 1.732500),
                (0.140000, 0.230000, 1.732500),
                (0.140000, 0.230000, 1.787500),
                (-0.140000, 0.230000, 1.787500),
                (-0.140000, 0.430000, 1.732500),
                (0.140000, 0.430000, 1.732500),
                (0.140000, 0.430000, 1.787500),
                (-0.140000, 0.430000, 1.787500),
            ]
            normal3f[] normals = [
                (0.000000, -1.000000, 0.000000),
                (0.000000, -1.000000, 0.000000),
                (0.000000, -1.000000, 0.000000),
                (0.000000, -1.000000, 0.000000),
                (0.000000, 1.000000, 0.000000),
                (0.000000, 1.000000, 0.000000),
                (0.000000, 1.000000, 0.000000),
                (0.000000, 1.000000, 0.000000),
                (0.000000, 0.000000, -1.000000),
                (0.000000, 0.000000, -1.000000),
                (0.000000, 0.000000, -1.000000),
                (0.000000, 0.000000, -1.000000),
                (0.000000, 0.000000, 1.000000),
                (0.000000, 0.000000, 1.000000),
                (0.000000, 0.000000, 1.000000),
                (0.000000, 0.000000, 1.000000),
                (-1.000000, 0.000000, 0.000000),
                (-1.000000, 0.000000, 0.000000),
                (-1.000000, 0.000000, 0.000000),
                (-1.000000, 0.000000, 0.000000),
                (1.000000, 0.000000, 0.000000),
                (1.000000, 0.000000, 0.000000),
                (1.000000, 0.000000, 0.000000),
                (1.000000, 0.000000, 0.000000),
            ] (
                interpolation = "faceVarying"
            )
            color3f[] primvars:displayColor = [(1.000000, 0.790000, 0.340000)] (
                interpolation = "constant"
            )
            rel material:binding = </PlayerCar64Bit/Looks/Ivory>
            uniform token subdivisionScheme = "none"
        }

        def Mesh "Ivory_GrilleBar1" (
            prepend apiSchemas = ["MaterialBindingAPI"]
        )
        {
            int[] faceVertexCounts = [4, 4, 4, 4, 4, 4]
            int[] faceVertexIndices = [0, 1, 2, 3, 4, 7, 6, 5, 0, 4, 5, 1, 3, 2, 6, 7, 0, 3, 7, 4, 1, 5, 6, 2]
            point3f[] points = [
                (-0.310000, 0.457500, 1.648000),
                (0.310000, 0.457500, 1.648000),
                (0.310000, 0.457500, 1.686000),
                (-0.310000, 0.457500, 1.686000),
                (-0.310000, 0.482500, 1.648000),
                (0.310000, 0.482500, 1.648000),
                (0.310000, 0.482500, 1.686000),
                (-0.310000, 0.482500, 1.686000),
            ]
            normal3f[] normals = [
                (0.000000, -1.000000, 0.000000),
                (0.000000, -1.000000, 0.000000),
                (0.000000, -1.000000, 0.000000),
                (0.000000, -1.000000, 0.000000),
                (0.000000, 1.000000, 0.000000),
                (0.000000, 1.000000, 0.000000),
                (0.000000, 1.000000, 0.000000),
                (0.000000, 1.000000, 0.000000),
                (0.000000, 0.000000, -1.000000),
                (0.000000, 0.000000, -1.000000),
                (0.000000, 0.000000, -1.000000),
                (0.000000, 0.000000, -1.000000),
                (0.000000, 0.000000, 1.000000),
                (0.000000, 0.000000, 1.000000),
                (0.000000, 0.000000, 1.000000),
                (0.000000, 0.000000, 1.000000),
                (-1.000000, 0.000000, 0.000000),
                (-1.000000, 0.000000, 0.000000),
                (-1.000000, 0.000000, 0.000000),
                (-1.000000, 0.000000, 0.000000),
                (1.000000, 0.000000, 0.000000),
                (1.000000, 0.000000, 0.000000),
                (1.000000, 0.000000, 0.000000),
                (1.000000, 0.000000, 0.000000),
            ] (
                interpolation = "faceVarying"
            )
            color3f[] primvars:displayColor = [(1.000000, 0.790000, 0.340000)] (
                interpolation = "constant"
            )
            rel material:binding = </PlayerCar64Bit/Looks/Ivory>
            uniform token subdivisionScheme = "none"
        }

        def Mesh "Ivory_GrilleBar2" (
            prepend apiSchemas = ["MaterialBindingAPI"]
        )
        {
            int[] faceVertexCounts = [4, 4, 4, 4, 4, 4]
            int[] faceVertexIndices = [0, 1, 2, 3, 4, 7, 6, 5, 0, 4, 5, 1, 3, 2, 6, 7, 0, 3, 7, 4, 1, 5, 6, 2]
            point3f[] points = [
                (-0.310000, 0.527500, 1.648000),
                (0.310000, 0.527500, 1.648000),
                (0.310000, 0.527500, 1.686000),
                (-0.310000, 0.527500, 1.686000),
                (-0.310000, 0.552500, 1.648000),
                (0.310000, 0.552500, 1.648000),
                (0.310000, 0.552500, 1.686000),
                (-0.310000, 0.552500, 1.686000),
            ]
            normal3f[] normals = [
                (0.000000, -1.000000, 0.000000),
                (0.000000, -1.000000, 0.000000),
                (0.000000, -1.000000, 0.000000),
                (0.000000, -1.000000, 0.000000),
                (0.000000, 1.000000, 0.000000),
                (0.000000, 1.000000, 0.000000),
                (0.000000, 1.000000, 0.000000),
                (0.000000, 1.000000, 0.000000),
                (0.000000, 0.000000, -1.000000),
                (0.000000, 0.000000, -1.000000),
                (0.000000, 0.000000, -1.000000),
                (0.000000, 0.000000, -1.000000),
                (0.000000, 0.000000, 1.000000),
                (0.000000, 0.000000, 1.000000),
                (0.000000, 0.000000, 1.000000),
                (0.000000, 0.000000, 1.000000),
                (-1.000000, 0.000000, 0.000000),
                (-1.000000, 0.000000, 0.000000),
                (-1.000000, 0.000000, 0.000000),
                (-1.000000, 0.000000, 0.000000),
                (1.000000, 0.000000, 0.000000),
                (1.000000, 0.000000, 0.000000),
                (1.000000, 0.000000, 0.000000),
                (1.000000, 0.000000, 0.000000),
            ] (
                interpolation = "faceVarying"
            )
            color3f[] primvars:displayColor = [(1.000000, 0.790000, 0.340000)] (
                interpolation = "constant"
            )
            rel material:binding = </PlayerCar64Bit/Looks/Ivory>
            uniform token subdivisionScheme = "none"
        }

        def Mesh "Ivory_GrilleBar3" (
            prepend apiSchemas = ["MaterialBindingAPI"]
        )
        {
            int[] faceVertexCounts = [4, 4, 4, 4, 4, 4]
            int[] faceVertexIndices = [0, 1, 2, 3, 4, 7, 6, 5, 0, 4, 5, 1, 3, 2, 6, 7, 0, 3, 7, 4, 1, 5, 6, 2]
            point3f[] points = [
                (-0.310000, 0.597500, 1.648000),
                (0.310000, 0.597500, 1.648000),
                (0.310000, 0.597500, 1.686000),
                (-0.310000, 0.597500, 1.686000),
                (-0.310000, 0.622500, 1.648000),
                (0.310000, 0.622500, 1.648000),
                (0.310000, 0.622500, 1.686000),
                (-0.310000, 0.622500, 1.686000),
            ]
            normal3f[] normals = [
                (0.000000, -1.000000, 0.000000),
                (0.000000, -1.000000, 0.000000),
                (0.000000, -1.000000, 0.000000),
                (0.000000, -1.000000, 0.000000),
                (0.000000, 1.000000, 0.000000),
                (0.000000, 1.000000, 0.000000),
                (0.000000, 1.000000, 0.000000),
                (0.000000, 1.000000, 0.000000),
                (0.000000, 0.000000, -1.000000),
                (0.000000, 0.000000, -1.000000),
                (0.000000, 0.000000, -1.000000),
                (0.000000, 0.000000, -1.000000),
                (0.000000, 0.000000, 1.000000),
                (0.000000, 0.000000, 1.000000),
                (0.000000, 0.000000, 1.000000),
                (0.000000, 0.000000, 1.000000),
                (-1.000000, 0.000000, 0.000000),
                (-1.000000, 0.000000, 0.000000),
                (-1.000000, 0.000000, 0.000000),
                (-1.000000, 0.000000, 0.000000),
                (1.000000, 0.000000, 0.000000),
                (1.000000, 0.000000, 0.000000),
                (1.000000, 0.000000, 0.000000),
                (1.000000, 0.000000, 0.000000),
            ] (
                interpolation = "faceVarying"
            )
            color3f[] primvars:displayColor = [(1.000000, 0.790000, 0.340000)] (
                interpolation = "constant"
            )
            rel material:binding = </PlayerCar64Bit/Looks/Ivory>
            uniform token subdivisionScheme = "none"
        }

        def Mesh "Ivory_GrilleBar4" (
            prepend apiSchemas = ["MaterialBindingAPI"]
        )
        {
            int[] faceVertexCounts = [4, 4, 4, 4, 4, 4]
            int[] faceVertexIndices = [0, 1, 2, 3, 4, 7, 6, 5, 0, 4, 5, 1, 3, 2, 6, 7, 0, 3, 7, 4, 1, 5, 6, 2]
            point3f[] points = [
                (-0.310000, 0.667500, 1.648000),
                (0.310000, 0.667500, 1.648000),
                (0.310000, 0.667500, 1.686000),
                (-0.310000, 0.667500, 1.686000),
                (-0.310000, 0.692500, 1.648000),
                (0.310000, 0.692500, 1.648000),
                (0.310000, 0.692500, 1.686000),
                (-0.310000, 0.692500, 1.686000),
            ]
            normal3f[] normals = [
                (0.000000, -1.000000, 0.000000),
                (0.000000, -1.000000, 0.000000),
                (0.000000, -1.000000, 0.000000),
                (0.000000, -1.000000, 0.000000),
                (0.000000, 1.000000, 0.000000),
                (0.000000, 1.000000, 0.000000),
                (0.000000, 1.000000, 0.000000),
                (0.000000, 1.000000, 0.000000),
                (0.000000, 0.000000, -1.000000),
                (0.000000, 0.000000, -1.000000),
                (0.000000, 0.000000, -1.000000),
                (0.000000, 0.000000, -1.000000),
                (0.000000, 0.000000, 1.000000),
                (0.000000, 0.000000, 1.000000),
                (0.000000, 0.000000, 1.000000),
                (0.000000, 0.000000, 1.000000),
                (-1.000000, 0.000000, 0.000000),
                (-1.000000, 0.000000, 0.000000),
                (-1.000000, 0.000000, 0.000000),
                (-1.000000, 0.000000, 0.000000),
                (1.000000, 0.000000, 0.000000),
                (1.000000, 0.000000, 0.000000),
                (1.000000, 0.000000, 0.000000),
                (1.000000, 0.000000, 0.000000),
            ] (
                interpolation = "faceVarying"
            )
            color3f[] primvars:displayColor = [(1.000000, 0.790000, 0.340000)] (
                interpolation = "constant"
            )
            rel material:binding = </PlayerCar64Bit/Looks/Ivory>
            uniform token subdivisionScheme = "none"
        }

        def Mesh "Steel_RearWingStrutLeft" (
            prepend apiSchemas = ["MaterialBindingAPI"]
        )
        {
            int[] faceVertexCounts = [4, 4, 4, 4, 4, 4]
            int[] faceVertexIndices = [3, 2, 1, 0, 5, 6, 7, 4, 1, 5, 4, 0, 2, 6, 5, 1, 3, 7, 6, 2, 0, 4, 7, 3]
            point3f[] points = [
                (-0.532870, 0.714824, 1.327587),
                (-0.532870, 0.736694, 1.235138),
                (-0.627130, 0.725176, 1.232413),
                (-0.627130, 0.703306, 1.324862),
                (-0.652870, 1.644824, 1.547587),
                (-0.652870, 1.666694, 1.455138),
                (-0.747130, 1.655176, 1.452413),
                (-0.747130, 1.633306, 1.544862),
            ]
            normal3f[] normals = [
                (0.124588, -0.965560, -0.228412),
                (0.124588, -0.965560, -0.228412),
                (0.124588, -0.965560, -0.228412),
                (0.124588, -0.965560, -0.228412),
                (-0.124588, 0.965560, 0.228412),
                (-0.124588, 0.965560, 0.228412),
                (-0.124588, 0.965560, 0.228412),
                (-0.124588, 0.965560, 0.228412),
                (0.992209, 0.121242, 0.028681),
                (0.992209, 0.121242, 0.028681),
                (0.992209, 0.121242, 0.028681),
                (0.992209, 0.121242, 0.028681),
                (0.000000, 0.230206, -0.973142),
                (0.000000, 0.230206, -0.973142),
                (0.000000, 0.230206, -0.973142),
                (0.000000, 0.230206, -0.973142),
                (-0.992209, -0.121242, -0.028681),
                (-0.992209, -0.121242, -0.028681),
                (-0.992209, -0.121242, -0.028681),
                (-0.992209, -0.121242, -0.028681),
                (-0.000000, -0.230206, 0.973142),
                (-0.000000, -0.230206, 0.973142),
                (-0.000000, -0.230206, 0.973142),
                (-0.000000, -0.230206, 0.973142),
            ] (
                interpolation = "faceVarying"
            )
            color3f[] primvars:displayColor = [(0.330000, 0.380000, 0.460000)] (
                interpolation = "constant"
            )
            rel material:binding = </PlayerCar64Bit/Looks/Steel>
            uniform token subdivisionScheme = "none"
        }

        def Mesh "Steel_RearWingStrutRight" (
            prepend apiSchemas = ["MaterialBindingAPI"]
        )
        {
            int[] faceVertexCounts = [4, 4, 4, 4, 4, 4]
            int[] faceVertexIndices = [3, 2, 1, 0, 5, 6, 7, 4, 1, 5, 4, 0, 2, 6, 5, 1, 3, 7, 6, 2, 0, 4, 7, 3]
            point3f[] points = [
                (0.627130, 0.703306, 1.324862),
                (0.627130, 0.725176, 1.232413),
                (0.532870, 0.736694, 1.235138),
                (0.532870, 0.714824, 1.327587),
                (0.747130, 1.633306, 1.544862),
                (0.747130, 1.655176, 1.452413),
                (0.652870, 1.666694, 1.455138),
                (0.652870, 1.644824, 1.547587),
            ]
            normal3f[] normals = [
                (-0.124588, -0.965560, -0.228412),
                (-0.124588, -0.965560, -0.228412),
                (-0.124588, -0.965560, -0.228412),
                (-0.124588, -0.965560, -0.228412),
                (0.124588, 0.965560, 0.228412),
                (0.124588, 0.965560, 0.228412),
                (0.124588, 0.965560, 0.228412),
                (0.124588, 0.965560, 0.228412),
                (0.992209, -0.121242, -0.028681),
                (0.992209, -0.121242, -0.028681),
                (0.992209, -0.121242, -0.028681),
                (0.992209, -0.121242, -0.028681),
                (-0.000000, 0.230206, -0.973142),
                (-0.000000, 0.230206, -0.973142),
                (-0.000000, 0.230206, -0.973142),
                (-0.000000, 0.230206, -0.973142),
                (-0.992209, 0.121242, 0.028681),
                (-0.992209, 0.121242, 0.028681),
                (-0.992209, 0.121242, 0.028681),
                (-0.992209, 0.121242, 0.028681),
                (0.000000, -0.230206, 0.973142),
                (0.000000, -0.230206, 0.973142),
                (0.000000, -0.230206, 0.973142),
                (0.000000, -0.230206, 0.973142),
            ] (
                interpolation = "faceVarying"
            )
            color3f[] primvars:displayColor = [(0.330000, 0.380000, 0.460000)] (
                interpolation = "constant"
            )
            rel material:binding = </PlayerCar64Bit/Looks/Steel>
            uniform token subdivisionScheme = "none"
        }

        def Mesh "RedDark_RollHoopLeft" (
            prepend apiSchemas = ["MaterialBindingAPI"]
        )
        {
            int[] faceVertexCounts = [4, 4, 4, 4, 4, 4]
            int[] faceVertexIndices = [3, 2, 1, 0, 5, 6, 7, 4, 1, 5, 4, 0, 2, 6, 5, 1, 3, 7, 6, 2, 0, 4, 7, 3]
            point3f[] points = [
                (-0.297910, 0.823260, 0.562374),
                (-0.297910, 0.824960, 0.477391),
                (-0.382090, 0.836740, 0.477626),
                (-0.382090, 0.835040, 0.562609),
                (-0.227910, 1.323260, 0.572374),
                (-0.227910, 1.324960, 0.487391),
                (-0.312090, 1.336740, 0.487626),
                (-0.312090, 1.335040, 0.572609),
            ]
            normal3f[] normals = [
                (-0.138621, -0.990148, -0.019803),
                (-0.138621, -0.990148, -0.019803),
                (-0.138621, -0.990148, -0.019803),
                (-0.138621, -0.990148, -0.019803),
                (0.138621, 0.990148, 0.019803),
                (0.138621, 0.990148, 0.019803),
                (0.138621, 0.990148, 0.019803),
                (0.138621, 0.990148, 0.019803),
                (0.990346, -0.138593, -0.002772),
                (0.990346, -0.138593, -0.002772),
                (0.990346, -0.138593, -0.002772),
                (0.990346, -0.138593, -0.002772),
                (0.000000, 0.019996, -0.999800),
                (0.000000, 0.019996, -0.999800),
                (0.000000, 0.019996, -0.999800),
                (0.000000, 0.019996, -0.999800),
                (-0.990346, 0.138593, 0.002772),
                (-0.990346, 0.138593, 0.002772),
                (-0.990346, 0.138593, 0.002772),
                (-0.990346, 0.138593, 0.002772),
                (0.000000, -0.019996, 0.999800),
                (0.000000, -0.019996, 0.999800),
                (0.000000, -0.019996, 0.999800),
                (0.000000, -0.019996, 0.999800),
            ] (
                interpolation = "faceVarying"
            )
            color3f[] primvars:displayColor = [(0.290000, 0.006000, 0.018000)] (
                interpolation = "constant"
            )
            rel material:binding = </PlayerCar64Bit/Looks/RedDark>
            uniform token subdivisionScheme = "none"
        }

        def Mesh "RedDark_RollHoopRight" (
            prepend apiSchemas = ["MaterialBindingAPI"]
        )
        {
            int[] faceVertexCounts = [4, 4, 4, 4, 4, 4]
            int[] faceVertexIndices = [3, 2, 1, 0, 5, 6, 7, 4, 1, 5, 4, 0, 2, 6, 5, 1, 3, 7, 6, 2, 0, 4, 7, 3]
            point3f[] points = [
                (0.382090, 0.835040, 0.562609),
                (0.382090, 0.836740, 0.477626),
                (0.297910, 0.824960, 0.477391),
                (0.297910, 0.823260, 0.562374),
                (0.312090, 1.335040, 0.572609),
                (0.312090, 1.336740, 0.487626),
                (0.227910, 1.324960, 0.487391),
                (0.227910, 1.323260, 0.572374),
            ]
            normal3f[] normals = [
                (0.138621, -0.990148, -0.019803),
                (0.138621, -0.990148, -0.019803),
                (0.138621, -0.990148, -0.019803),
                (0.138621, -0.990148, -0.019803),
                (-0.138621, 0.990148, 0.019803),
                (-0.138621, 0.990148, 0.019803),
                (-0.138621, 0.990148, 0.019803),
                (-0.138621, 0.990148, 0.019803),
                (0.990346, 0.138593, 0.002772),
                (0.990346, 0.138593, 0.002772),
                (0.990346, 0.138593, 0.002772),
                (0.990346, 0.138593, 0.002772),
                (-0.000000, 0.019996, -0.999800),
                (-0.000000, 0.019996, -0.999800),
                (-0.000000, 0.019996, -0.999800),
                (-0.000000, 0.019996, -0.999800),
                (-0.990346, -0.138593, -0.002772),
                (-0.990346, -0.138593, -0.002772),
                (-0.990346, -0.138593, -0.002772),
                (-0.990346, -0.138593, -0.002772),
                (-0.000000, -0.019996, 0.999800),
                (-0.000000, -0.019996, 0.999800),
                (-0.000000, -0.019996, 0.999800),
                (-0.000000, -0.019996, 0.999800),
            ] (
                interpolation = "faceVarying"
            )
            color3f[] primvars:displayColor = [(0.290000, 0.006000, 0.018000)] (
                interpolation = "constant"
            )
            rel material:binding = </PlayerCar64Bit/Looks/RedDark>
            uniform token subdivisionScheme = "none"
        }

        def Mesh "RedHighlight_RollHoopTop" (
            prepend apiSchemas = ["MaterialBindingAPI"]
        )
        {
            int[] faceVertexCounts = [4, 4, 4, 4, 4, 4]
            int[] faceVertexIndices = [3, 2, 1, 0, 5, 6, 7, 4, 1, 5, 4, 0, 2, 6, 5, 1, 3, 7, 6, 2, 0, 4, 7, 3]
            point3f[] points = [
                (-0.270000, 1.372500, 0.487500),
                (-0.270000, 1.372500, 0.572500),
                (-0.270000, 1.287500, 0.572500),
                (-0.270000, 1.287500, 0.487500),
                (0.270000, 1.372500, 0.487500),
                (0.270000, 1.372500, 0.572500),
                (0.270000, 1.287500, 0.572500),
                (0.270000, 1.287500, 0.487500),
            ]
            normal3f[] normals = [
                (-1.000000, 0.000000, 0.000000),
                (-1.000000, 0.000000, 0.000000),
                (-1.000000, 0.000000, 0.000000),
                (-1.000000, 0.000000, 0.000000),
                (1.000000, 0.000000, 0.000000),
                (1.000000, 0.000000, 0.000000),
                (1.000000, 0.000000, 0.000000),
                (1.000000, 0.000000, 0.000000),
                (-0.000000, 1.000000, 0.000000),
                (-0.000000, 1.000000, 0.000000),
                (-0.000000, 1.000000, 0.000000),
                (-0.000000, 1.000000, 0.000000),
                (0.000000, 0.000000, 1.000000),
                (0.000000, 0.000000, 1.000000),
                (0.000000, 0.000000, 1.000000),
                (0.000000, 0.000000, 1.000000),
                (0.000000, -1.000000, 0.000000),
                (0.000000, -1.000000, 0.000000),
                (0.000000, -1.000000, 0.000000),
                (0.000000, -1.000000, 0.000000),
                (0.000000, 0.000000, -1.000000),
                (0.000000, 0.000000, -1.000000),
                (0.000000, 0.000000, -1.000000),
                (0.000000, 0.000000, -1.000000),
            ] (
                interpolation = "faceVarying"
            )
            color3f[] primvars:displayColor = [(0.980000, 0.055000, 0.110000)] (
                interpolation = "constant"
            )
            rel material:binding = </PlayerCar64Bit/Looks/RedHighlight>
            uniform token subdivisionScheme = "none"
        }

        def Mesh "RedHighlight_Helmet" (
            prepend apiSchemas = ["MaterialBindingAPI"]
        )
        {
            int[] faceVertexCounts = [3, 3, 3, 3, 3, 3, 3, 3, 3, 3, 4, 4, 4, 4, 4, 4, 4, 4, 4, 4, 4, 4, 4, 4, 4, 4, 4, 4, 4, 4, 4, 4, 4, 4, 4, 4, 4, 4, 4, 4, 3, 3, 3, 3, 3, 3, 3, 3, 3, 3]
            int[] faceVertexIndices = [2, 1, 0, 3, 2, 0, 4, 3, 0, 5, 4, 0, 6, 5, 0, 7, 6, 0, 8, 7, 0, 9, 8, 0, 10, 9, 0, 1, 10, 0, 2, 12, 11, 1, 3, 13, 12, 2, 4, 14, 13, 3, 5, 15, 14, 4, 6, 16, 15, 5, 7, 17, 16, 6, 8, 18, 17, 7, 9, 19, 18, 8, 10, 20, 19, 9, 1, 11, 20, 10, 12, 22, 21, 11, 13, 23, 22, 12, 14, 24, 23, 13, 15, 25, 24, 14, 16, 26, 25, 15, 17, 27, 26, 16, 18, 28, 27, 17, 19, 29, 28, 18, 20, 30, 29, 19, 11, 21, 30, 20, 22, 32, 31, 21, 23, 33, 32, 22, 24, 34, 33, 23, 25, 35, 34, 24, 26, 36, 35, 25, 27, 37, 36, 26, 28, 38, 37, 27, 29, 39, 38, 28, 30, 40, 39, 29, 21, 31, 40, 30, 32, 41, 31, 33, 41, 32, 34, 41, 33, 35, 41, 34, 36, 41, 35, 37, 41, 36, 38, 41, 37, 39, 41, 38, 40, 41, 39, 31, 41, 40]
            point3f[] points = [
                (0.000000, 1.550000, 0.200000),
                (0.193969, 1.481246, 0.200000),
                (0.156924, 1.481246, 0.307102),
                (0.059940, 1.481246, 0.373295),
                (-0.059940, 1.481246, 0.373295),
                (-0.156924, 1.481246, 0.307102),
                (-0.193969, 1.481246, 0.200000),
                (-0.156924, 1.481246, 0.092898),
                (-0.059940, 1.481246, 0.026705),
                (0.059940, 1.481246, 0.026705),
                (0.156924, 1.481246, 0.092898),
                (0.313849, 1.301246, 0.200000),
                (0.253909, 1.301246, 0.373295),
                (0.096985, 1.301246, 0.480398),
                (-0.096985, 1.301246, 0.480398),
                (-0.253909, 1.301246, 0.373295),
                (-0.313849, 1.301246, 0.200000),
                (-0.253909, 1.301246, 0.026705),
                (-0.096985, 1.301246, -0.080398),
                (0.096985, 1.301246, -0.080398),
                (0.253909, 1.301246, 0.026705),
                (0.313849, 1.078754, 0.200000),
                (0.253909, 1.078754, 0.373295),
                (0.096985, 1.078754, 0.480398),
                (-0.096985, 1.078754, 0.480398),
                (-0.253909, 1.078754, 0.373295),
                (-0.313849, 1.078754, 0.200000),
                (-0.253909, 1.078754, 0.026705),
                (-0.096985, 1.078754, -0.080398),
                (0.096985, 1.078754, -0.080398),
                (0.253909, 1.078754, 0.026705),
                (0.193969, 0.898754, 0.200000),
                (0.156924, 0.898754, 0.307102),
                (0.059940, 0.898754, 0.373295),
                (-0.059940, 0.898754, 0.373295),
                (-0.156924, 0.898754, 0.307102),
                (-0.193969, 0.898754, 0.200000),
                (-0.156924, 0.898754, 0.092898),
                (-0.059940, 0.898754, 0.026705),
                (0.059940, 0.898754, 0.026705),
                (0.156924, 0.898754, 0.092898),
                (0.000000, 0.830000, 0.200000),
            ]
            normal3f[] normals = [
                (0.331882, 0.936310, 0.114792),
                (0.331882, 0.936310, 0.114792),
                (0.331882, 0.936310, 0.114792),
                (0.204191, 0.932094, 0.299177),
                (0.204191, 0.932094, 0.299177),
                (0.204191, 0.932094, 0.299177),
                (-0.000000, 0.929517, 0.368780),
                (-0.000000, 0.929517, 0.368780),
                (-0.000000, 0.929517, 0.368780),
                (-0.204191, 0.932094, 0.299177),
                (-0.204191, 0.932094, 0.299177),
                (-0.204191, 0.932094, 0.299177),
                (-0.331882, 0.936310, 0.114792),
                (-0.331882, 0.936310, 0.114792),
                (-0.331882, 0.936310, 0.114792),
                (-0.331882, 0.936310, -0.114792),
                (-0.331882, 0.936310, -0.114792),
                (-0.331882, 0.936310, -0.114792),
                (-0.204191, 0.932094, -0.299177),
                (-0.204191, 0.932094, -0.299177),
                (-0.204191, 0.932094, -0.299177),
                (-0.000000, 0.929517, -0.368780),
                (-0.000000, 0.929517, -0.368780),
                (-0.000000, 0.929517, -0.368780),
                (0.204191, 0.932094, -0.299177),
                (0.204191, 0.932094, -0.299177),
                (0.204191, 0.932094, -0.299177),
                (0.331882, 0.936310, -0.114792),
                (0.331882, 0.936310, -0.114792),
                (0.331882, 0.936310, -0.114792),
                (0.799824, 0.532681, 0.276645),
                (0.799824, 0.532681, 0.276645),
                (0.799824, 0.532681, 0.276645),
                (0.799824, 0.532681, 0.276645),
                (0.481795, 0.519186, 0.705917),
                (0.481795, 0.519186, 0.705917),
                (0.481795, 0.519186, 0.705917),
                (0.481795, 0.519186, 0.705917),
                (0.000000, 0.511341, 0.859378),
                (0.000000, 0.511341, 0.859378),
                (0.000000, 0.511341, 0.859378),
                (0.000000, 0.511341, 0.859378),
                (-0.481795, 0.519186, 0.705917),
                (-0.481795, 0.519186, 0.705917),
                (-0.481795, 0.519186, 0.705917),
                (-0.481795, 0.519186, 0.705917),
                (-0.799824, 0.532681, 0.276645),
                (-0.799824, 0.532681, 0.276645),
                (-0.799824, 0.532681, 0.276645),
                (-0.799824, 0.532681, 0.276645),
                (-0.799824, 0.532681, -0.276645),
                (-0.799824, 0.532681, -0.276645),
                (-0.799824, 0.532681, -0.276645),
                (-0.799824, 0.532681, -0.276645),
                (-0.481795, 0.519186, -0.705917),
                (-0.481795, 0.519186, -0.705917),
                (-0.481795, 0.519186, -0.705917),
                (-0.481795, 0.519186, -0.705917),
                (-0.000000, 0.511341, -0.859378),
                (-0.000000, 0.511341, -0.859378),
                (-0.000000, 0.511341, -0.859378),
                (-0.000000, 0.511341, -0.859378),
                (0.481795, 0.519186, -0.705917),
                (0.481795, 0.519186, -0.705917),
                (0.481795, 0.519186, -0.705917),
                (0.481795, 0.519186, -0.705917),
                (0.799824, 0.532681, -0.276645),
                (0.799824, 0.532681, -0.276645),
                (0.799824, 0.532681, -0.276645),
                (0.799824, 0.532681, -0.276645),
                (0.945065, 0.000000, 0.326881),
                (0.945065, 0.000000, 0.326881),
                (0.945065, 0.000000, 0.326881),
                (0.945065, 0.000000, 0.326881),
                (0.563727, 0.000000, 0.825961),
                (0.563727, 0.000000, 0.825961),
                (0.563727, 0.000000, 0.825961),
                (0.563727, 0.000000, 0.825961),
                (0.000000, 0.000000, 1.000000),
                (0.000000, 0.000000, 1.000000),
                (0.000000, 0.000000, 1.000000),
                (0.000000, 0.000000, 1.000000),
                (-0.563727, 0.000000, 0.825961),
                (-0.563727, 0.000000, 0.825961),
                (-0.563727, 0.000000, 0.825961),
                (-0.563727, 0.000000, 0.825961),
                (-0.945065, 0.000000, 0.326881),
                (-0.945065, 0.000000, 0.326881),
                (-0.945065, 0.000000, 0.326881),
                (-0.945065, 0.000000, 0.326881),
                (-0.945065, -0.000000, -0.326881),
                (-0.945065, -0.000000, -0.326881),
                (-0.945065, -0.000000, -0.326881),
                (-0.945065, -0.000000, -0.326881),
                (-0.563727, -0.000000, -0.825961),
                (-0.563727, -0.000000, -0.825961),
                (-0.563727, -0.000000, -0.825961),
                (-0.563727, -0.000000, -0.825961),
                (-0.000000, -0.000000, -1.000000),
                (-0.000000, -0.000000, -1.000000),
                (-0.000000, -0.000000, -1.000000),
                (-0.000000, -0.000000, -1.000000),
                (0.563727, 0.000000, -0.825961),
                (0.563727, 0.000000, -0.825961),
                (0.563727, 0.000000, -0.825961),
                (0.563727, 0.000000, -0.825961),
                (0.945065, 0.000000, -0.326881),
                (0.945065, 0.000000, -0.326881),
                (0.945065, 0.000000, -0.326881),
                (0.945065, 0.000000, -0.326881),
                (0.799824, -0.532681, 0.276645),
                (0.799824, -0.532681, 0.276645),
                (0.799824, -0.532681, 0.276645),
                (0.799824, -0.532681, 0.276645),
                (0.481795, -0.519186, 0.705917),
                (0.481795, -0.519186, 0.705917),
                (0.481795, -0.519186, 0.705917),
                (0.481795, -0.519186, 0.705917),
                (0.000000, -0.511341, 0.859378),
                (0.000000, -0.511341, 0.859378),
                (0.000000, -0.511341, 0.859378),
                (0.000000, -0.511341, 0.859378),
                (-0.481795, -0.519186, 0.705917),
                (-0.481795, -0.519186, 0.705917),
                (-0.481795, -0.519186, 0.705917),
                (-0.481795, -0.519186, 0.705917),
                (-0.799824, -0.532681, 0.276645),
                (-0.799824, -0.532681, 0.276645),
                (-0.799824, -0.532681, 0.276645),
                (-0.799824, -0.532681, 0.276645),
                (-0.799824, -0.532681, -0.276645),
                (-0.799824, -0.532681, -0.276645),
                (-0.799824, -0.532681, -0.276645),
                (-0.799824, -0.532681, -0.276645),
                (-0.481795, -0.519186, -0.705917),
                (-0.481795, -0.519186, -0.705917),
                (-0.481795, -0.519186, -0.705917),
                (-0.481795, -0.519186, -0.705917),
                (-0.000000, -0.511341, -0.859378),
                (-0.000000, -0.511341, -0.859378),
                (-0.000000, -0.511341, -0.859378),
                (-0.000000, -0.511341, -0.859378),
                (0.481795, -0.519186, -0.705917),
                (0.481795, -0.519186, -0.705917),
                (0.481795, -0.519186, -0.705917),
                (0.481795, -0.519186, -0.705917),
                (0.799824, -0.532681, -0.276645),
                (0.799824, -0.532681, -0.276645),
                (0.799824, -0.532681, -0.276645),
                (0.799824, -0.532681, -0.276645),
                (0.331882, -0.936310, 0.114792),
                (0.331882, -0.936310, 0.114792),
                (0.331882, -0.936310, 0.114792),
                (0.204191, -0.932094, 0.299177),
                (0.204191, -0.932094, 0.299177),
                (0.204191, -0.932094, 0.299177),
                (0.000000, -0.929517, 0.368780),
                (0.000000, -0.929517, 0.368780),
                (0.000000, -0.929517, 0.368780),
                (-0.204191, -0.932094, 0.299177),
                (-0.204191, -0.932094, 0.299177),
                (-0.204191, -0.932094, 0.299177),
                (-0.331882, -0.936310, 0.114792),
                (-0.331882, -0.936310, 0.114792),
                (-0.331882, -0.936310, 0.114792),
                (-0.331882, -0.936310, -0.114792),
                (-0.331882, -0.936310, -0.114792),
                (-0.331882, -0.936310, -0.114792),
                (-0.204191, -0.932094, -0.299177),
                (-0.204191, -0.932094, -0.299177),
                (-0.204191, -0.932094, -0.299177),
                (-0.000000, -0.929517, -0.368780),
                (-0.000000, -0.929517, -0.368780),
                (-0.000000, -0.929517, -0.368780),
                (0.204191, -0.932094, -0.299177),
                (0.204191, -0.932094, -0.299177),
                (0.204191, -0.932094, -0.299177),
                (0.331882, -0.936310, -0.114792),
                (0.331882, -0.936310, -0.114792),
                (0.331882, -0.936310, -0.114792),
            ] (
                interpolation = "faceVarying"
            )
            color3f[] primvars:displayColor = [(0.980000, 0.055000, 0.110000)] (
                interpolation = "constant"
            )
            rel material:binding = </PlayerCar64Bit/Looks/RedHighlight>
            uniform token subdivisionScheme = "none"
        }

        def Mesh "Ivory_HelmetXLeft" (
            prepend apiSchemas = ["MaterialBindingAPI"]
        )
        {
            int[] faceVertexCounts = [4, 4, 4, 4, 4, 4]
            int[] faceVertexIndices = [0, 1, 2, 3, 4, 7, 6, 5, 0, 4, 5, 1, 3, 2, 6, 7, 0, 3, 7, 4, 1, 5, 6, 2]
            point3f[] points = [
                (0.093692, 1.043275, 0.475500),
                (0.146725, 1.096308, 0.475500),
                (0.146725, 1.096308, 0.510500),
                (0.093692, 1.043275, 0.510500),
                (-0.146725, 1.283692, 0.475500),
                (-0.093692, 1.336725, 0.475500),
                (-0.093692, 1.336725, 0.510500),
                (-0.146725, 1.283692, 0.510500),
            ]
            normal3f[] normals = [
                (0.707107, -0.707107, 0.000000),
                (0.707107, -0.707107, 0.000000),
                (0.707107, -0.707107, 0.000000),
                (0.707107, -0.707107, 0.000000),
                (-0.707107, 0.707107, 0.000000),
                (-0.707107, 0.707107, 0.000000),
                (-0.707107, 0.707107, 0.000000),
                (-0.707107, 0.707107, 0.000000),
                (0.000000, 0.000000, -1.000000),
                (0.000000, 0.000000, -1.000000),
                (0.000000, 0.000000, -1.000000),
                (0.000000, 0.000000, -1.000000),
                (0.000000, -0.000000, 1.000000),
                (0.000000, -0.000000, 1.000000),
                (0.000000, -0.000000, 1.000000),
                (0.000000, -0.000000, 1.000000),
                (-0.707107, -0.707107, 0.000000),
                (-0.707107, -0.707107, 0.000000),
                (-0.707107, -0.707107, 0.000000),
                (-0.707107, -0.707107, 0.000000),
                (0.707107, 0.707107, 0.000000),
                (0.707107, 0.707107, 0.000000),
                (0.707107, 0.707107, 0.000000),
                (0.707107, 0.707107, 0.000000),
            ] (
                interpolation = "faceVarying"
            )
            color3f[] primvars:displayColor = [(1.000000, 0.790000, 0.340000)] (
                interpolation = "constant"
            )
            rel material:binding = </PlayerCar64Bit/Looks/Ivory>
            uniform token subdivisionScheme = "none"
        }

        def Mesh "Ivory_HelmetXRight" (
            prepend apiSchemas = ["MaterialBindingAPI"]
        )
        {
            int[] faceVertexCounts = [4, 4, 4, 4, 4, 4]
            int[] faceVertexIndices = [0, 1, 2, 3, 4, 7, 6, 5, 0, 4, 5, 1, 3, 2, 6, 7, 0, 3, 7, 4, 1, 5, 6, 2]
            point3f[] points = [
                (-0.146725, 1.096308, 0.475500),
                (-0.093692, 1.043275, 0.475500),
                (-0.093692, 1.043275, 0.510500),
                (-0.146725, 1.096308, 0.510500),
                (0.093692, 1.336725, 0.475500),
                (0.146725, 1.283692, 0.475500),
                (0.146725, 1.283692, 0.510500),
                (0.093692, 1.336725, 0.510500),
            ]
            normal3f[] normals = [
                (-0.707107, -0.707107, 0.000000),
                (-0.707107, -0.707107, 0.000000),
                (-0.707107, -0.707107, 0.000000),
                (-0.707107, -0.707107, 0.000000),
                (0.707107, 0.707107, -0.000000),
                (0.707107, 0.707107, -0.000000),
                (0.707107, 0.707107, -0.000000),
                (0.707107, 0.707107, -0.000000),
                (0.000000, 0.000000, -1.000000),
                (0.000000, 0.000000, -1.000000),
                (0.000000, 0.000000, -1.000000),
                (0.000000, 0.000000, -1.000000),
                (-0.000000, 0.000000, 1.000000),
                (-0.000000, 0.000000, 1.000000),
                (-0.000000, 0.000000, 1.000000),
                (-0.000000, 0.000000, 1.000000),
                (-0.707107, 0.707107, 0.000000),
                (-0.707107, 0.707107, 0.000000),
                (-0.707107, 0.707107, 0.000000),
                (-0.707107, 0.707107, 0.000000),
                (0.707107, -0.707107, 0.000000),
                (0.707107, -0.707107, 0.000000),
                (0.707107, -0.707107, 0.000000),
                (0.707107, -0.707107, 0.000000),
            ] (
                interpolation = "faceVarying"
            )
            color3f[] primvars:displayColor = [(1.000000, 0.790000, 0.340000)] (
                interpolation = "constant"
            )
            rel material:binding = </PlayerCar64Bit/Looks/Ivory>
            uniform token subdivisionScheme = "none"
        }

        def Mesh "RedDark_HelmetLowerBand" (
            prepend apiSchemas = ["MaterialBindingAPI"]
        )
        {
            int[] faceVertexCounts = [4, 4, 4, 4, 4, 4]
            int[] faceVertexIndices = [0, 1, 2, 3, 4, 7, 6, 5, 0, 4, 5, 1, 3, 2, 6, 7, 0, 3, 7, 4, 1, 5, 6, 2]
            point3f[] points = [
                (-0.250000, 0.902500, 0.392500),
                (0.250000, 0.902500, 0.392500),
                (0.250000, 0.902500, 0.467500),
                (-0.250000, 0.902500, 0.467500),
                (-0.250000, 0.997500, 0.392500),
                (0.250000, 0.997500, 0.392500),
                (0.250000, 0.997500, 0.467500),
                (-0.250000, 0.997500, 0.467500),
            ]
            normal3f[] normals = [
                (0.000000, -1.000000, 0.000000),
                (0.000000, -1.000000, 0.000000),
                (0.000000, -1.000000, 0.000000),
                (0.000000, -1.000000, 0.000000),
                (0.000000, 1.000000, 0.000000),
                (0.000000, 1.000000, 0.000000),
                (0.000000, 1.000000, 0.000000),
                (0.000000, 1.000000, 0.000000),
                (0.000000, 0.000000, -1.000000),
                (0.000000, 0.000000, -1.000000),
                (0.000000, 0.000000, -1.000000),
                (0.000000, 0.000000, -1.000000),
                (0.000000, 0.000000, 1.000000),
                (0.000000, 0.000000, 1.000000),
                (0.000000, 0.000000, 1.000000),
                (0.000000, 0.000000, 1.000000),
                (-1.000000, 0.000000, 0.000000),
                (-1.000000, 0.000000, 0.000000),
                (-1.000000, 0.000000, 0.000000),
                (-1.000000, 0.000000, 0.000000),
                (1.000000, 0.000000, 0.000000),
                (1.000000, 0.000000, 0.000000),
                (1.000000, 0.000000, 0.000000),
                (1.000000, 0.000000, 0.000000),
            ] (
                interpolation = "faceVarying"
            )
            color3f[] primvars:displayColor = [(0.290000, 0.006000, 0.018000)] (
                interpolation = "constant"
            )
            rel material:binding = </PlayerCar64Bit/Looks/RedDark>
            uniform token subdivisionScheme = "none"
        }

        def Mesh "Rubber_RearWheelLeft" (
            prepend apiSchemas = ["MaterialBindingAPI"]
        )
        {
            int[] faceVertexCounts = [12, 12, 4, 4, 4, 4, 4, 4, 4, 4, 4, 4, 4, 4]
            int[] faceVertexIndices = [11, 10, 9, 8, 7, 6, 5, 4, 3, 2, 1, 0, 12, 13, 14, 15, 16, 17, 18, 19, 20, 21, 22, 23, 0, 1, 13, 12, 1, 2, 14, 13, 2, 3, 15, 14, 3, 4, 16, 15, 4, 5, 17, 16, 5, 6, 18, 17, 6, 7, 19, 18, 7, 8, 20, 19, 8, 9, 21, 20, 9, 10, 22, 21, 10, 11, 23, 22, 11, 0, 12, 23]
            point3f[] points = [
                (-1.400000, 0.460000, 1.430000),
                (-1.400000, 0.230000, 1.368372),
                (-1.400000, 0.061628, 1.200000),
                (-1.400000, 0.000000, 0.970000),
                (-1.400000, 0.061628, 0.740000),
                (-1.400000, 0.230000, 0.571628),
                (-1.400000, 0.460000, 0.510000),
                (-1.400000, 0.690000, 0.571628),
                (-1.400000, 0.858372, 0.740000),
                (-1.400000, 0.920000, 0.970000),
                (-1.400000, 0.858372, 1.200000),
                (-1.400000, 0.690000, 1.368372),
                (-0.960000, 0.460000, 1.430000),
                (-0.960000, 0.230000, 1.368372),
                (-0.960000, 0.061628, 1.200000),
                (-0.960000, 0.000000, 0.970000),
                (-0.960000, 0.061628, 0.740000),
                (-0.960000, 0.230000, 0.571628),
                (-0.960000, 0.460000, 0.510000),
                (-0.960000, 0.690000, 0.571628),
                (-0.960000, 0.858372, 0.740000),
                (-0.960000, 0.920000, 0.970000),
                (-0.960000, 0.858372, 1.200000),
                (-0.960000, 0.690000, 1.368372),
            ]
            normal3f[] normals = [
                (-1.000000, 0.000000, 0.000000),
                (-1.000000, 0.000000, 0.000000),
                (-1.000000, 0.000000, 0.000000),
                (-1.000000, 0.000000, 0.000000),
                (-1.000000, 0.000000, 0.000000),
                (-1.000000, 0.000000, 0.000000),
                (-1.000000, 0.000000, 0.000000),
                (-1.000000, 0.000000, 0.000000),
                (-1.000000, 0.000000, 0.000000),
                (-1.000000, 0.000000, 0.000000),
                (-1.000000, 0.000000, 0.000000),
                (-1.000000, 0.000000, 0.000000),
                (1.000000, 0.000000, 0.000000),
                (1.000000, 0.000000, 0.000000),
                (1.000000, 0.000000, 0.000000),
                (1.000000, 0.000000, 0.000000),
                (1.000000, 0.000000, 0.000000),
                (1.000000, 0.000000, 0.000000),
                (1.000000, 0.000000, 0.000000),
                (1.000000, 0.000000, 0.000000),
                (1.000000, 0.000000, 0.000000),
                (1.000000, 0.000000, 0.000000),
                (1.000000, 0.000000, 0.000000),
                (1.000000, 0.000000, 0.000000),
                (0.000000, -0.258819, 0.965926),
                (0.000000, -0.258819, 0.965926),
                (0.000000, -0.258819, 0.965926),
                (0.000000, -0.258819, 0.965926),
                (0.000000, -0.707107, 0.707107),
                (0.000000, -0.707107, 0.707107),
                (0.000000, -0.707107, 0.707107),
                (0.000000, -0.707107, 0.707107),
                (0.000000, -0.965926, 0.258819),
                (0.000000, -0.965926, 0.258819),
                (0.000000, -0.965926, 0.258819),
                (0.000000, -0.965926, 0.258819),
                (0.000000, -0.965926, -0.258819),
                (0.000000, -0.965926, -0.258819),
                (0.000000, -0.965926, -0.258819),
                (0.000000, -0.965926, -0.258819),
                (0.000000, -0.707107, -0.707107),
                (0.000000, -0.707107, -0.707107),
                (0.000000, -0.707107, -0.707107),
                (0.000000, -0.707107, -0.707107),
                (0.000000, -0.258819, -0.965926),
                (0.000000, -0.258819, -0.965926),
                (0.000000, -0.258819, -0.965926),
                (0.000000, -0.258819, -0.965926),
                (0.000000, 0.258819, -0.965926),
                (0.000000, 0.258819, -0.965926),
                (0.000000, 0.258819, -0.965926),
                (0.000000, 0.258819, -0.965926),
                (0.000000, 0.707107, -0.707107),
                (0.000000, 0.707107, -0.707107),
                (0.000000, 0.707107, -0.707107),
                (0.000000, 0.707107, -0.707107),
                (0.000000, 0.965926, -0.258819),
                (0.000000, 0.965926, -0.258819),
                (0.000000, 0.965926, -0.258819),
                (0.000000, 0.965926, -0.258819),
                (0.000000, 0.965926, 0.258819),
                (0.000000, 0.965926, 0.258819),
                (0.000000, 0.965926, 0.258819),
                (0.000000, 0.965926, 0.258819),
                (0.000000, 0.707107, 0.707107),
                (0.000000, 0.707107, 0.707107),
                (0.000000, 0.707107, 0.707107),
                (0.000000, 0.707107, 0.707107),
                (0.000000, 0.258819, 0.965926),
                (0.000000, 0.258819, 0.965926),
                (0.000000, 0.258819, 0.965926),
                (0.000000, 0.258819, 0.965926),
            ] (
                interpolation = "faceVarying"
            )
            color3f[] primvars:displayColor = [(0.012000, 0.016000, 0.024000)] (
                interpolation = "constant"
            )
            rel material:binding = </PlayerCar64Bit/Looks/Rubber>
            uniform token subdivisionScheme = "none"
        }

        def Mesh "Steel_RearWheelLeftHubOuter" (
            prepend apiSchemas = ["MaterialBindingAPI"]
        )
        {
            int[] faceVertexCounts = [10, 10, 4, 4, 4, 4, 4, 4, 4, 4, 4, 4]
            int[] faceVertexIndices = [9, 8, 7, 6, 5, 4, 3, 2, 1, 0, 10, 11, 12, 13, 14, 15, 16, 17, 18, 19, 0, 1, 11, 10, 1, 2, 12, 11, 2, 3, 13, 12, 3, 4, 14, 13, 4, 5, 15, 14, 5, 6, 16, 15, 6, 7, 17, 16, 7, 8, 18, 17, 8, 9, 19, 18, 9, 0, 10, 19]
            point3f[] points = [
                (-1.450000, 0.460000, 1.167800),
                (-1.450000, 0.343736, 1.130024),
                (-1.450000, 0.271881, 1.031124),
                (-1.450000, 0.271881, 0.908876),
                (-1.450000, 0.343736, 0.809976),
                (-1.450000, 0.460000, 0.772200),
                (-1.450000, 0.576264, 0.809976),
                (-1.450000, 0.648119, 0.908876),
                (-1.450000, 0.648119, 1.031124),
                (-1.450000, 0.576264, 1.130024),
                (-1.400000, 0.460000, 1.167800),
                (-1.400000, 0.343736, 1.130024),
                (-1.400000, 0.271881, 1.031124),
                (-1.400000, 0.271881, 0.908876),
                (-1.400000, 0.343736, 0.809976),
                (-1.400000, 0.460000, 0.772200),
                (-1.400000, 0.576264, 0.809976),
                (-1.400000, 0.648119, 0.908876),
                (-1.400000, 0.648119, 1.031124),
                (-1.400000, 0.576264, 1.130024),
            ]
            normal3f[] normals = [
                (-1.000000, 0.000000, 0.000000),
                (-1.000000, 0.000000, 0.000000),
                (-1.000000, 0.000000, 0.000000),
                (-1.000000, 0.000000, 0.000000),
                (-1.000000, 0.000000, 0.000000),
                (-1.000000, 0.000000, 0.000000),
                (-1.000000, 0.000000, 0.000000),
                (-1.000000, 0.000000, 0.000000),
                (-1.000000, 0.000000, 0.000000),
                (-1.000000, 0.000000, 0.000000),
                (1.000000, 0.000000, 0.000000),
                (1.000000, 0.000000, 0.000000),
                (1.000000, 0.000000, 0.000000),
                (1.000000, 0.000000, 0.000000),
                (1.000000, 0.000000, 0.000000),
                (1.000000, 0.000000, 0.000000),
                (1.000000, 0.000000, 0.000000),
                (1.000000, 0.000000, 0.000000),
                (1.000000, 0.000000, 0.000000),
                (1.000000, 0.000000, 0.000000),
                (0.000000, -0.309017, 0.951057),
                (0.000000, -0.309017, 0.951057),
                (0.000000, -0.309017, 0.951057),
                (0.000000, -0.309017, 0.951057),
                (0.000000, -0.809017, 0.587785),
                (0.000000, -0.809017, 0.587785),
                (0.000000, -0.809017, 0.587785),
                (0.000000, -0.809017, 0.587785),
                (0.000000, -1.000000, 0.000000),
                (0.000000, -1.000000, 0.000000),
                (0.000000, -1.000000, 0.000000),
                (0.000000, -1.000000, 0.000000),
                (0.000000, -0.809017, -0.587785),
                (0.000000, -0.809017, -0.587785),
                (0.000000, -0.809017, -0.587785),
                (0.000000, -0.809017, -0.587785),
                (0.000000, -0.309017, -0.951057),
                (0.000000, -0.309017, -0.951057),
                (0.000000, -0.309017, -0.951057),
                (0.000000, -0.309017, -0.951057),
                (0.000000, 0.309017, -0.951057),
                (0.000000, 0.309017, -0.951057),
                (0.000000, 0.309017, -0.951057),
                (0.000000, 0.309017, -0.951057),
                (0.000000, 0.809017, -0.587785),
                (0.000000, 0.809017, -0.587785),
                (0.000000, 0.809017, -0.587785),
                (0.000000, 0.809017, -0.587785),
                (0.000000, 1.000000, 0.000000),
                (0.000000, 1.000000, 0.000000),
                (0.000000, 1.000000, 0.000000),
                (0.000000, 1.000000, 0.000000),
                (0.000000, 0.809017, 0.587785),
                (0.000000, 0.809017, 0.587785),
                (0.000000, 0.809017, 0.587785),
                (0.000000, 0.809017, 0.587785),
                (0.000000, 0.309017, 0.951057),
                (0.000000, 0.309017, 0.951057),
                (0.000000, 0.309017, 0.951057),
                (0.000000, 0.309017, 0.951057),
            ] (
                interpolation = "faceVarying"
            )
            color3f[] primvars:displayColor = [(0.330000, 0.380000, 0.460000)] (
                interpolation = "constant"
            )
            rel material:binding = </PlayerCar64Bit/Looks/Steel>
            uniform token subdivisionScheme = "none"
        }

        def Mesh "RedDark_RearWheelLeftHubInset" (
            prepend apiSchemas = ["MaterialBindingAPI"]
        )
        {
            int[] faceVertexCounts = [8, 8, 4, 4, 4, 4, 4, 4, 4, 4]
            int[] faceVertexIndices = [7, 6, 5, 4, 3, 2, 1, 0, 8, 9, 10, 11, 12, 13, 14, 15, 0, 1, 9, 8, 1, 2, 10, 9, 2, 3, 11, 10, 3, 4, 12, 11, 4, 5, 13, 12, 5, 6, 14, 13, 6, 7, 15, 14, 7, 0, 8, 15]
            point3f[] points = [
                (-1.468500, 0.460000, 1.085000),
                (-1.468500, 0.378683, 1.051317),
                (-1.468500, 0.345000, 0.970000),
                (-1.468500, 0.378683, 0.888683),
                (-1.468500, 0.460000, 0.855000),
                (-1.468500, 0.541317, 0.888683),
                (-1.468500, 0.575000, 0.970000),
                (-1.468500, 0.541317, 1.051317),
                (-1.443500, 0.460000, 1.085000),
                (-1.443500, 0.378683, 1.051317),
                (-1.443500, 0.345000, 0.970000),
                (-1.443500, 0.378683, 0.888683),
                (-1.443500, 0.460000, 0.855000),
                (-1.443500, 0.541317, 0.888683),
                (-1.443500, 0.575000, 0.970000),
                (-1.443500, 0.541317, 1.051317),
            ]
            normal3f[] normals = [
                (-1.000000, 0.000000, 0.000000),
                (-1.000000, 0.000000, 0.000000),
                (-1.000000, 0.000000, 0.000000),
                (-1.000000, 0.000000, 0.000000),
                (-1.000000, 0.000000, 0.000000),
                (-1.000000, 0.000000, 0.000000),
                (-1.000000, 0.000000, 0.000000),
                (-1.000000, 0.000000, 0.000000),
                (1.000000, 0.000000, 0.000000),
                (1.000000, 0.000000, 0.000000),
                (1.000000, 0.000000, 0.000000),
                (1.000000, 0.000000, 0.000000),
                (1.000000, 0.000000, 0.000000),
                (1.000000, 0.000000, 0.000000),
                (1.000000, 0.000000, 0.000000),
                (1.000000, 0.000000, 0.000000),
                (0.000000, -0.382683, 0.923880),
                (0.000000, -0.382683, 0.923880),
                (0.000000, -0.382683, 0.923880),
                (0.000000, -0.382683, 0.923880),
                (0.000000, -0.923880, 0.382683),
                (0.000000, -0.923880, 0.382683),
                (0.000000, -0.923880, 0.382683),
                (0.000000, -0.923880, 0.382683),
                (0.000000, -0.923880, -0.382683),
                (0.000000, -0.923880, -0.382683),
                (0.000000, -0.923880, -0.382683),
                (0.000000, -0.923880, -0.382683),
                (0.000000, -0.382683, -0.923880),
                (0.000000, -0.382683, -0.923880),
                (0.000000, -0.382683, -0.923880),
                (0.000000, -0.382683, -0.923880),
                (0.000000, 0.382683, -0.923880),
                (0.000000, 0.382683, -0.923880),
                (0.000000, 0.382683, -0.923880),
                (0.000000, 0.382683, -0.923880),
                (0.000000, 0.923880, -0.382683),
                (0.000000, 0.923880, -0.382683),
                (0.000000, 0.923880, -0.382683),
                (0.000000, 0.923880, -0.382683),
                (0.000000, 0.923880, 0.382683),
                (0.000000, 0.923880, 0.382683),
                (0.000000, 0.923880, 0.382683),
                (0.000000, 0.923880, 0.382683),
                (0.000000, 0.382683, 0.923880),
                (0.000000, 0.382683, 0.923880),
                (0.000000, 0.382683, 0.923880),
                (0.000000, 0.382683, 0.923880),
            ] (
                interpolation = "faceVarying"
            )
            color3f[] primvars:displayColor = [(0.290000, 0.006000, 0.018000)] (
                interpolation = "constant"
            )
            rel material:binding = </PlayerCar64Bit/Looks/RedDark>
            uniform token subdivisionScheme = "none"
        }

        def Mesh "Rubber_RearWheelRight" (
            prepend apiSchemas = ["MaterialBindingAPI"]
        )
        {
            int[] faceVertexCounts = [12, 12, 4, 4, 4, 4, 4, 4, 4, 4, 4, 4, 4, 4]
            int[] faceVertexIndices = [11, 10, 9, 8, 7, 6, 5, 4, 3, 2, 1, 0, 12, 13, 14, 15, 16, 17, 18, 19, 20, 21, 22, 23, 0, 1, 13, 12, 1, 2, 14, 13, 2, 3, 15, 14, 3, 4, 16, 15, 4, 5, 17, 16, 5, 6, 18, 17, 6, 7, 19, 18, 7, 8, 20, 19, 8, 9, 21, 20, 9, 10, 22, 21, 10, 11, 23, 22, 11, 0, 12, 23]
            point3f[] points = [
                (0.960000, 0.460000, 1.430000),
                (0.960000, 0.230000, 1.368372),
                (0.960000, 0.061628, 1.200000),
                (0.960000, 0.000000, 0.970000),
                (0.960000, 0.061628, 0.740000),
                (0.960000, 0.230000, 0.571628),
                (0.960000, 0.460000, 0.510000),
                (0.960000, 0.690000, 0.571628),
                (0.960000, 0.858372, 0.740000),
                (0.960000, 0.920000, 0.970000),
                (0.960000, 0.858372, 1.200000),
                (0.960000, 0.690000, 1.368372),
                (1.400000, 0.460000, 1.430000),
                (1.400000, 0.230000, 1.368372),
                (1.400000, 0.061628, 1.200000),
                (1.400000, 0.000000, 0.970000),
                (1.400000, 0.061628, 0.740000),
                (1.400000, 0.230000, 0.571628),
                (1.400000, 0.460000, 0.510000),
                (1.400000, 0.690000, 0.571628),
                (1.400000, 0.858372, 0.740000),
                (1.400000, 0.920000, 0.970000),
                (1.400000, 0.858372, 1.200000),
                (1.400000, 0.690000, 1.368372),
            ]
            normal3f[] normals = [
                (-1.000000, 0.000000, 0.000000),
                (-1.000000, 0.000000, 0.000000),
                (-1.000000, 0.000000, 0.000000),
                (-1.000000, 0.000000, 0.000000),
                (-1.000000, 0.000000, 0.000000),
                (-1.000000, 0.000000, 0.000000),
                (-1.000000, 0.000000, 0.000000),
                (-1.000000, 0.000000, 0.000000),
                (-1.000000, 0.000000, 0.000000),
                (-1.000000, 0.000000, 0.000000),
                (-1.000000, 0.000000, 0.000000),
                (-1.000000, 0.000000, 0.000000),
                (1.000000, 0.000000, 0.000000),
                (1.000000, 0.000000, 0.000000),
                (1.000000, 0.000000, 0.000000),
                (1.000000, 0.000000, 0.000000),
                (1.000000, 0.000000, 0.000000),
                (1.000000, 0.000000, 0.000000),
                (1.000000, 0.000000, 0.000000),
                (1.000000, 0.000000, 0.000000),
                (1.000000, 0.000000, 0.000000),
                (1.000000, 0.000000, 0.000000),
                (1.000000, 0.000000, 0.000000),
                (1.000000, 0.000000, 0.000000),
                (0.000000, -0.258819, 0.965926),
                (0.000000, -0.258819, 0.965926),
                (0.000000, -0.258819, 0.965926),
                (0.000000, -0.258819, 0.965926),
                (0.000000, -0.707107, 0.707107),
                (0.000000, -0.707107, 0.707107),
                (0.000000, -0.707107, 0.707107),
                (0.000000, -0.707107, 0.707107),
                (0.000000, -0.965926, 0.258819),
                (0.000000, -0.965926, 0.258819),
                (0.000000, -0.965926, 0.258819),
                (0.000000, -0.965926, 0.258819),
                (0.000000, -0.965926, -0.258819),
                (0.000000, -0.965926, -0.258819),
                (0.000000, -0.965926, -0.258819),
                (0.000000, -0.965926, -0.258819),
                (0.000000, -0.707107, -0.707107),
                (0.000000, -0.707107, -0.707107),
                (0.000000, -0.707107, -0.707107),
                (0.000000, -0.707107, -0.707107),
                (0.000000, -0.258819, -0.965926),
                (0.000000, -0.258819, -0.965926),
                (0.000000, -0.258819, -0.965926),
                (0.000000, -0.258819, -0.965926),
                (0.000000, 0.258819, -0.965926),
                (0.000000, 0.258819, -0.965926),
                (0.000000, 0.258819, -0.965926),
                (0.000000, 0.258819, -0.965926),
                (0.000000, 0.707107, -0.707107),
                (0.000000, 0.707107, -0.707107),
                (0.000000, 0.707107, -0.707107),
                (0.000000, 0.707107, -0.707107),
                (0.000000, 0.965926, -0.258819),
                (0.000000, 0.965926, -0.258819),
                (0.000000, 0.965926, -0.258819),
                (0.000000, 0.965926, -0.258819),
                (0.000000, 0.965926, 0.258819),
                (0.000000, 0.965926, 0.258819),
                (0.000000, 0.965926, 0.258819),
                (0.000000, 0.965926, 0.258819),
                (0.000000, 0.707107, 0.707107),
                (0.000000, 0.707107, 0.707107),
                (0.000000, 0.707107, 0.707107),
                (0.000000, 0.707107, 0.707107),
                (0.000000, 0.258819, 0.965926),
                (0.000000, 0.258819, 0.965926),
                (0.000000, 0.258819, 0.965926),
                (0.000000, 0.258819, 0.965926),
            ] (
                interpolation = "faceVarying"
            )
            color3f[] primvars:displayColor = [(0.012000, 0.016000, 0.024000)] (
                interpolation = "constant"
            )
            rel material:binding = </PlayerCar64Bit/Looks/Rubber>
            uniform token subdivisionScheme = "none"
        }

        def Mesh "Steel_RearWheelRightHubOuter" (
            prepend apiSchemas = ["MaterialBindingAPI"]
        )
        {
            int[] faceVertexCounts = [10, 10, 4, 4, 4, 4, 4, 4, 4, 4, 4, 4]
            int[] faceVertexIndices = [9, 8, 7, 6, 5, 4, 3, 2, 1, 0, 10, 11, 12, 13, 14, 15, 16, 17, 18, 19, 0, 1, 11, 10, 1, 2, 12, 11, 2, 3, 13, 12, 3, 4, 14, 13, 4, 5, 15, 14, 5, 6, 16, 15, 6, 7, 17, 16, 7, 8, 18, 17, 8, 9, 19, 18, 9, 0, 10, 19]
            point3f[] points = [
                (1.400000, 0.460000, 1.167800),
                (1.400000, 0.343736, 1.130024),
                (1.400000, 0.271881, 1.031124),
                (1.400000, 0.271881, 0.908876),
                (1.400000, 0.343736, 0.809976),
                (1.400000, 0.460000, 0.772200),
                (1.400000, 0.576264, 0.809976),
                (1.400000, 0.648119, 0.908876),
                (1.400000, 0.648119, 1.031124),
                (1.400000, 0.576264, 1.130024),
                (1.450000, 0.460000, 1.167800),
                (1.450000, 0.343736, 1.130024),
                (1.450000, 0.271881, 1.031124),
                (1.450000, 0.271881, 0.908876),
                (1.450000, 0.343736, 0.809976),
                (1.450000, 0.460000, 0.772200),
                (1.450000, 0.576264, 0.809976),
                (1.450000, 0.648119, 0.908876),
                (1.450000, 0.648119, 1.031124),
                (1.450000, 0.576264, 1.130024),
            ]
            normal3f[] normals = [
                (-1.000000, 0.000000, 0.000000),
                (-1.000000, 0.000000, 0.000000),
                (-1.000000, 0.000000, 0.000000),
                (-1.000000, 0.000000, 0.000000),
                (-1.000000, 0.000000, 0.000000),
                (-1.000000, 0.000000, 0.000000),
                (-1.000000, 0.000000, 0.000000),
                (-1.000000, 0.000000, 0.000000),
                (-1.000000, 0.000000, 0.000000),
                (-1.000000, 0.000000, 0.000000),
                (1.000000, 0.000000, 0.000000),
                (1.000000, 0.000000, 0.000000),
                (1.000000, 0.000000, 0.000000),
                (1.000000, 0.000000, 0.000000),
                (1.000000, 0.000000, 0.000000),
                (1.000000, 0.000000, 0.000000),
                (1.000000, 0.000000, 0.000000),
                (1.000000, 0.000000, 0.000000),
                (1.000000, 0.000000, 0.000000),
                (1.000000, 0.000000, 0.000000),
                (0.000000, -0.309017, 0.951057),
                (0.000000, -0.309017, 0.951057),
                (0.000000, -0.309017, 0.951057),
                (0.000000, -0.309017, 0.951057),
                (0.000000, -0.809017, 0.587785),
                (0.000000, -0.809017, 0.587785),
                (0.000000, -0.809017, 0.587785),
                (0.000000, -0.809017, 0.587785),
                (0.000000, -1.000000, 0.000000),
                (0.000000, -1.000000, 0.000000),
                (0.000000, -1.000000, 0.000000),
                (0.000000, -1.000000, 0.000000),
                (0.000000, -0.809017, -0.587785),
                (0.000000, -0.809017, -0.587785),
                (0.000000, -0.809017, -0.587785),
                (0.000000, -0.809017, -0.587785),
                (0.000000, -0.309017, -0.951057),
                (0.000000, -0.309017, -0.951057),
                (0.000000, -0.309017, -0.951057),
                (0.000000, -0.309017, -0.951057),
                (0.000000, 0.309017, -0.951057),
                (0.000000, 0.309017, -0.951057),
                (0.000000, 0.309017, -0.951057),
                (0.000000, 0.309017, -0.951057),
                (0.000000, 0.809017, -0.587785),
                (0.000000, 0.809017, -0.587785),
                (0.000000, 0.809017, -0.587785),
                (0.000000, 0.809017, -0.587785),
                (0.000000, 1.000000, 0.000000),
                (0.000000, 1.000000, 0.000000),
                (0.000000, 1.000000, 0.000000),
                (0.000000, 1.000000, 0.000000),
                (0.000000, 0.809017, 0.587785),
                (0.000000, 0.809017, 0.587785),
                (0.000000, 0.809017, 0.587785),
                (0.000000, 0.809017, 0.587785),
                (0.000000, 0.309017, 0.951057),
                (0.000000, 0.309017, 0.951057),
                (0.000000, 0.309017, 0.951057),
                (0.000000, 0.309017, 0.951057),
            ] (
                interpolation = "faceVarying"
            )
            color3f[] primvars:displayColor = [(0.330000, 0.380000, 0.460000)] (
                interpolation = "constant"
            )
            rel material:binding = </PlayerCar64Bit/Looks/Steel>
            uniform token subdivisionScheme = "none"
        }

        def Mesh "RedDark_RearWheelRightHubInset" (
            prepend apiSchemas = ["MaterialBindingAPI"]
        )
        {
            int[] faceVertexCounts = [8, 8, 4, 4, 4, 4, 4, 4, 4, 4]
            int[] faceVertexIndices = [7, 6, 5, 4, 3, 2, 1, 0, 8, 9, 10, 11, 12, 13, 14, 15, 0, 1, 9, 8, 1, 2, 10, 9, 2, 3, 11, 10, 3, 4, 12, 11, 4, 5, 13, 12, 5, 6, 14, 13, 6, 7, 15, 14, 7, 0, 8, 15]
            point3f[] points = [
                (1.443500, 0.460000, 1.085000),
                (1.443500, 0.378683, 1.051317),
                (1.443500, 0.345000, 0.970000),
                (1.443500, 0.378683, 0.888683),
                (1.443500, 0.460000, 0.855000),
                (1.443500, 0.541317, 0.888683),
                (1.443500, 0.575000, 0.970000),
                (1.443500, 0.541317, 1.051317),
                (1.468500, 0.460000, 1.085000),
                (1.468500, 0.378683, 1.051317),
                (1.468500, 0.345000, 0.970000),
                (1.468500, 0.378683, 0.888683),
                (1.468500, 0.460000, 0.855000),
                (1.468500, 0.541317, 0.888683),
                (1.468500, 0.575000, 0.970000),
                (1.468500, 0.541317, 1.051317),
            ]
            normal3f[] normals = [
                (-1.000000, 0.000000, 0.000000),
                (-1.000000, 0.000000, 0.000000),
                (-1.000000, 0.000000, 0.000000),
                (-1.000000, 0.000000, 0.000000),
                (-1.000000, 0.000000, 0.000000),
                (-1.000000, 0.000000, 0.000000),
                (-1.000000, 0.000000, 0.000000),
                (-1.000000, 0.000000, 0.000000),
                (1.000000, 0.000000, 0.000000),
                (1.000000, 0.000000, 0.000000),
                (1.000000, 0.000000, 0.000000),
                (1.000000, 0.000000, 0.000000),
                (1.000000, 0.000000, 0.000000),
                (1.000000, 0.000000, 0.000000),
                (1.000000, 0.000000, 0.000000),
                (1.000000, 0.000000, 0.000000),
                (0.000000, -0.382683, 0.923880),
                (0.000000, -0.382683, 0.923880),
                (0.000000, -0.382683, 0.923880),
                (0.000000, -0.382683, 0.923880),
                (0.000000, -0.923880, 0.382683),
                (0.000000, -0.923880, 0.382683),
                (0.000000, -0.923880, 0.382683),
                (0.000000, -0.923880, 0.382683),
                (0.000000, -0.923880, -0.382683),
                (0.000000, -0.923880, -0.382683),
                (0.000000, -0.923880, -0.382683),
                (0.000000, -0.923880, -0.382683),
                (0.000000, -0.382683, -0.923880),
                (0.000000, -0.382683, -0.923880),
                (0.000000, -0.382683, -0.923880),
                (0.000000, -0.382683, -0.923880),
                (0.000000, 0.382683, -0.923880),
                (0.000000, 0.382683, -0.923880),
                (0.000000, 0.382683, -0.923880),
                (0.000000, 0.382683, -0.923880),
                (0.000000, 0.923880, -0.382683),
                (0.000000, 0.923880, -0.382683),
                (0.000000, 0.923880, -0.382683),
                (0.000000, 0.923880, -0.382683),
                (0.000000, 0.923880, 0.382683),
                (0.000000, 0.923880, 0.382683),
                (0.000000, 0.923880, 0.382683),
                (0.000000, 0.923880, 0.382683),
                (0.000000, 0.382683, 0.923880),
                (0.000000, 0.382683, 0.923880),
                (0.000000, 0.382683, 0.923880),
                (0.000000, 0.382683, 0.923880),
            ] (
                interpolation = "faceVarying"
            )
            color3f[] primvars:displayColor = [(0.290000, 0.006000, 0.018000)] (
                interpolation = "constant"
            )
            rel material:binding = </PlayerCar64Bit/Looks/RedDark>
            uniform token subdivisionScheme = "none"
        }

        def Mesh "Rubber_FrontWheelLeft" (
            prepend apiSchemas = ["MaterialBindingAPI"]
        )
        {
            int[] faceVertexCounts = [12, 12, 4, 4, 4, 4, 4, 4, 4, 4, 4, 4, 4, 4]
            int[] faceVertexIndices = [11, 10, 9, 8, 7, 6, 5, 4, 3, 2, 1, 0, 12, 13, 14, 15, 16, 17, 18, 19, 20, 21, 22, 23, 0, 1, 13, 12, 1, 2, 14, 13, 2, 3, 15, 14, 3, 4, 16, 15, 4, 5, 17, 16, 5, 6, 18, 17, 6, 7, 19, 18, 7, 8, 20, 19, 8, 9, 21, 20, 9, 10, 22, 21, 10, 11, 23, 22, 11, 0, 12, 23]
            point3f[] points = [
                (-1.230000, 0.360000, -0.920000),
                (-1.230000, 0.180000, -0.968231),
                (-1.230000, 0.048231, -1.100000),
                (-1.230000, 0.000000, -1.280000),
                (-1.230000, 0.048231, -1.460000),
                (-1.230000, 0.180000, -1.591769),
                (-1.230000, 0.360000, -1.640000),
                (-1.230000, 0.540000, -1.591769),
                (-1.230000, 0.671769, -1.460000),
                (-1.230000, 0.720000, -1.280000),
                (-1.230000, 0.671769, -1.100000),
                (-1.230000, 0.540000, -0.968231),
                (-0.890000, 0.360000, -0.920000),
                (-0.890000, 0.180000, -0.968231),
                (-0.890000, 0.048231, -1.100000),
                (-0.890000, 0.000000, -1.280000),
                (-0.890000, 0.048231, -1.460000),
                (-0.890000, 0.180000, -1.591769),
                (-0.890000, 0.360000, -1.640000),
                (-0.890000, 0.540000, -1.591769),
                (-0.890000, 0.671769, -1.460000),
                (-0.890000, 0.720000, -1.280000),
                (-0.890000, 0.671769, -1.100000),
                (-0.890000, 0.540000, -0.968231),
            ]
            normal3f[] normals = [
                (-1.000000, 0.000000, 0.000000),
                (-1.000000, 0.000000, 0.000000),
                (-1.000000, 0.000000, 0.000000),
                (-1.000000, 0.000000, 0.000000),
                (-1.000000, 0.000000, 0.000000),
                (-1.000000, 0.000000, 0.000000),
                (-1.000000, 0.000000, 0.000000),
                (-1.000000, 0.000000, 0.000000),
                (-1.000000, 0.000000, 0.000000),
                (-1.000000, 0.000000, 0.000000),
                (-1.000000, 0.000000, 0.000000),
                (-1.000000, 0.000000, 0.000000),
                (1.000000, 0.000000, 0.000000),
                (1.000000, 0.000000, 0.000000),
                (1.000000, 0.000000, 0.000000),
                (1.000000, 0.000000, 0.000000),
                (1.000000, 0.000000, 0.000000),
                (1.000000, 0.000000, 0.000000),
                (1.000000, 0.000000, 0.000000),
                (1.000000, 0.000000, 0.000000),
                (1.000000, 0.000000, 0.000000),
                (1.000000, 0.000000, 0.000000),
                (1.000000, 0.000000, 0.000000),
                (1.000000, 0.000000, 0.000000),
                (0.000000, -0.258819, 0.965926),
                (0.000000, -0.258819, 0.965926),
                (0.000000, -0.258819, 0.965926),
                (0.000000, -0.258819, 0.965926),
                (0.000000, -0.707107, 0.707107),
                (0.000000, -0.707107, 0.707107),
                (0.000000, -0.707107, 0.707107),
                (0.000000, -0.707107, 0.707107),
                (0.000000, -0.965926, 0.258819),
                (0.000000, -0.965926, 0.258819),
                (0.000000, -0.965926, 0.258819),
                (0.000000, -0.965926, 0.258819),
                (0.000000, -0.965926, -0.258819),
                (0.000000, -0.965926, -0.258819),
                (0.000000, -0.965926, -0.258819),
                (0.000000, -0.965926, -0.258819),
                (0.000000, -0.707107, -0.707107),
                (0.000000, -0.707107, -0.707107),
                (0.000000, -0.707107, -0.707107),
                (0.000000, -0.707107, -0.707107),
                (0.000000, -0.258819, -0.965926),
                (0.000000, -0.258819, -0.965926),
                (0.000000, -0.258819, -0.965926),
                (0.000000, -0.258819, -0.965926),
                (0.000000, 0.258819, -0.965926),
                (0.000000, 0.258819, -0.965926),
                (0.000000, 0.258819, -0.965926),
                (0.000000, 0.258819, -0.965926),
                (0.000000, 0.707107, -0.707107),
                (0.000000, 0.707107, -0.707107),
                (0.000000, 0.707107, -0.707107),
                (0.000000, 0.707107, -0.707107),
                (0.000000, 0.965926, -0.258819),
                (0.000000, 0.965926, -0.258819),
                (0.000000, 0.965926, -0.258819),
                (0.000000, 0.965926, -0.258819),
                (0.000000, 0.965926, 0.258819),
                (0.000000, 0.965926, 0.258819),
                (0.000000, 0.965926, 0.258819),
                (0.000000, 0.965926, 0.258819),
                (0.000000, 0.707107, 0.707107),
                (0.000000, 0.707107, 0.707107),
                (0.000000, 0.707107, 0.707107),
                (0.000000, 0.707107, 0.707107),
                (0.000000, 0.258819, 0.965926),
                (0.000000, 0.258819, 0.965926),
                (0.000000, 0.258819, 0.965926),
                (0.000000, 0.258819, 0.965926),
            ] (
                interpolation = "faceVarying"
            )
            color3f[] primvars:displayColor = [(0.012000, 0.016000, 0.024000)] (
                interpolation = "constant"
            )
            rel material:binding = </PlayerCar64Bit/Looks/Rubber>
            uniform token subdivisionScheme = "none"
        }

        def Mesh "Steel_FrontWheelLeftHubOuter" (
            prepend apiSchemas = ["MaterialBindingAPI"]
        )
        {
            int[] faceVertexCounts = [10, 10, 4, 4, 4, 4, 4, 4, 4, 4, 4, 4]
            int[] faceVertexIndices = [9, 8, 7, 6, 5, 4, 3, 2, 1, 0, 10, 11, 12, 13, 14, 15, 16, 17, 18, 19, 0, 1, 11, 10, 1, 2, 12, 11, 2, 3, 13, 12, 3, 4, 14, 13, 4, 5, 15, 14, 5, 6, 16, 15, 6, 7, 17, 16, 7, 8, 18, 17, 8, 9, 19, 18, 9, 0, 10, 19]
            point3f[] points = [
                (-1.280000, 0.360000, -1.125200),
                (-1.280000, 0.269011, -1.154764),
                (-1.280000, 0.212776, -1.232164),
                (-1.280000, 0.212776, -1.327836),
                (-1.280000, 0.269011, -1.405236),
                (-1.280000, 0.360000, -1.434800),
                (-1.280000, 0.450989, -1.405236),
                (-1.280000, 0.507224, -1.327836),
                (-1.280000, 0.507224, -1.232164),
                (-1.280000, 0.450989, -1.154764),
                (-1.230000, 0.360000, -1.125200),
                (-1.230000, 0.269011, -1.154764),
                (-1.230000, 0.212776, -1.232164),
                (-1.230000, 0.212776, -1.327836),
                (-1.230000, 0.269011, -1.405236),
                (-1.230000, 0.360000, -1.434800),
                (-1.230000, 0.450989, -1.405236),
                (-1.230000, 0.507224, -1.327836),
                (-1.230000, 0.507224, -1.232164),
                (-1.230000, 0.450989, -1.154764),
            ]
            normal3f[] normals = [
                (-1.000000, 0.000000, 0.000000),
                (-1.000000, 0.000000, 0.000000),
                (-1.000000, 0.000000, 0.000000),
                (-1.000000, 0.000000, 0.000000),
                (-1.000000, 0.000000, 0.000000),
                (-1.000000, 0.000000, 0.000000),
                (-1.000000, 0.000000, 0.000000),
                (-1.000000, 0.000000, 0.000000),
                (-1.000000, 0.000000, 0.000000),
                (-1.000000, 0.000000, 0.000000),
                (1.000000, 0.000000, 0.000000),
                (1.000000, 0.000000, 0.000000),
                (1.000000, 0.000000, 0.000000),
                (1.000000, 0.000000, 0.000000),
                (1.000000, 0.000000, 0.000000),
                (1.000000, 0.000000, 0.000000),
                (1.000000, 0.000000, 0.000000),
                (1.000000, 0.000000, 0.000000),
                (1.000000, 0.000000, 0.000000),
                (1.000000, 0.000000, 0.000000),
                (0.000000, -0.309017, 0.951057),
                (0.000000, -0.309017, 0.951057),
                (0.000000, -0.309017, 0.951057),
                (0.000000, -0.309017, 0.951057),
                (0.000000, -0.809017, 0.587785),
                (0.000000, -0.809017, 0.587785),
                (0.000000, -0.809017, 0.587785),
                (0.000000, -0.809017, 0.587785),
                (0.000000, -1.000000, 0.000000),
                (0.000000, -1.000000, 0.000000),
                (0.000000, -1.000000, 0.000000),
                (0.000000, -1.000000, 0.000000),
                (0.000000, -0.809017, -0.587785),
                (0.000000, -0.809017, -0.587785),
                (0.000000, -0.809017, -0.587785),
                (0.000000, -0.809017, -0.587785),
                (0.000000, -0.309017, -0.951057),
                (0.000000, -0.309017, -0.951057),
                (0.000000, -0.309017, -0.951057),
                (0.000000, -0.309017, -0.951057),
                (0.000000, 0.309017, -0.951057),
                (0.000000, 0.309017, -0.951057),
                (0.000000, 0.309017, -0.951057),
                (0.000000, 0.309017, -0.951057),
                (0.000000, 0.809017, -0.587785),
                (0.000000, 0.809017, -0.587785),
                (0.000000, 0.809017, -0.587785),
                (0.000000, 0.809017, -0.587785),
                (0.000000, 1.000000, 0.000000),
                (0.000000, 1.000000, 0.000000),
                (0.000000, 1.000000, 0.000000),
                (0.000000, 1.000000, 0.000000),
                (0.000000, 0.809017, 0.587785),
                (0.000000, 0.809017, 0.587785),
                (0.000000, 0.809017, 0.587785),
                (0.000000, 0.809017, 0.587785),
                (0.000000, 0.309017, 0.951057),
                (0.000000, 0.309017, 0.951057),
                (0.000000, 0.309017, 0.951057),
                (0.000000, 0.309017, 0.951057),
            ] (
                interpolation = "faceVarying"
            )
            color3f[] primvars:displayColor = [(0.330000, 0.380000, 0.460000)] (
                interpolation = "constant"
            )
            rel material:binding = </PlayerCar64Bit/Looks/Steel>
            uniform token subdivisionScheme = "none"
        }

        def Mesh "RedDark_FrontWheelLeftHubInset" (
            prepend apiSchemas = ["MaterialBindingAPI"]
        )
        {
            int[] faceVertexCounts = [8, 8, 4, 4, 4, 4, 4, 4, 4, 4]
            int[] faceVertexIndices = [7, 6, 5, 4, 3, 2, 1, 0, 8, 9, 10, 11, 12, 13, 14, 15, 0, 1, 9, 8, 1, 2, 10, 9, 2, 3, 11, 10, 3, 4, 12, 11, 4, 5, 13, 12, 5, 6, 14, 13, 6, 7, 15, 14, 7, 0, 8, 15]
            point3f[] points = [
                (-1.298500, 0.360000, -1.190000),
                (-1.298500, 0.296360, -1.216360),
                (-1.298500, 0.270000, -1.280000),
                (-1.298500, 0.296360, -1.343640),
                (-1.298500, 0.360000, -1.370000),
                (-1.298500, 0.423640, -1.343640),
                (-1.298500, 0.450000, -1.280000),
                (-1.298500, 0.423640, -1.216360),
                (-1.273500, 0.360000, -1.190000),
                (-1.273500, 0.296360, -1.216360),
                (-1.273500, 0.270000, -1.280000),
                (-1.273500, 0.296360, -1.343640),
                (-1.273500, 0.360000, -1.370000),
                (-1.273500, 0.423640, -1.343640),
                (-1.273500, 0.450000, -1.280000),
                (-1.273500, 0.423640, -1.216360),
            ]
            normal3f[] normals = [
                (-1.000000, 0.000000, 0.000000),
                (-1.000000, 0.000000, 0.000000),
                (-1.000000, 0.000000, 0.000000),
                (-1.000000, 0.000000, 0.000000),
                (-1.000000, 0.000000, 0.000000),
                (-1.000000, 0.000000, 0.000000),
                (-1.000000, 0.000000, 0.000000),
                (-1.000000, 0.000000, 0.000000),
                (1.000000, 0.000000, 0.000000),
                (1.000000, 0.000000, 0.000000),
                (1.000000, 0.000000, 0.000000),
                (1.000000, 0.000000, 0.000000),
                (1.000000, 0.000000, 0.000000),
                (1.000000, 0.000000, 0.000000),
                (1.000000, 0.000000, 0.000000),
                (1.000000, 0.000000, 0.000000),
                (0.000000, -0.382683, 0.923880),
                (0.000000, -0.382683, 0.923880),
                (0.000000, -0.382683, 0.923880),
                (0.000000, -0.382683, 0.923880),
                (0.000000, -0.923880, 0.382683),
                (0.000000, -0.923880, 0.382683),
                (0.000000, -0.923880, 0.382683),
                (0.000000, -0.923880, 0.382683),
                (0.000000, -0.923880, -0.382683),
                (0.000000, -0.923880, -0.382683),
                (0.000000, -0.923880, -0.382683),
                (0.000000, -0.923880, -0.382683),
                (0.000000, -0.382683, -0.923880),
                (0.000000, -0.382683, -0.923880),
                (0.000000, -0.382683, -0.923880),
                (0.000000, -0.382683, -0.923880),
                (0.000000, 0.382683, -0.923880),
                (0.000000, 0.382683, -0.923880),
                (0.000000, 0.382683, -0.923880),
                (0.000000, 0.382683, -0.923880),
                (0.000000, 0.923880, -0.382683),
                (0.000000, 0.923880, -0.382683),
                (0.000000, 0.923880, -0.382683),
                (0.000000, 0.923880, -0.382683),
                (0.000000, 0.923880, 0.382683),
                (0.000000, 0.923880, 0.382683),
                (0.000000, 0.923880, 0.382683),
                (0.000000, 0.923880, 0.382683),
                (0.000000, 0.382683, 0.923880),
                (0.000000, 0.382683, 0.923880),
                (0.000000, 0.382683, 0.923880),
                (0.000000, 0.382683, 0.923880),
            ] (
                interpolation = "faceVarying"
            )
            color3f[] primvars:displayColor = [(0.290000, 0.006000, 0.018000)] (
                interpolation = "constant"
            )
            rel material:binding = </PlayerCar64Bit/Looks/RedDark>
            uniform token subdivisionScheme = "none"
        }

        def Mesh "Rubber_FrontWheelRight" (
            prepend apiSchemas = ["MaterialBindingAPI"]
        )
        {
            int[] faceVertexCounts = [12, 12, 4, 4, 4, 4, 4, 4, 4, 4, 4, 4, 4, 4]
            int[] faceVertexIndices = [11, 10, 9, 8, 7, 6, 5, 4, 3, 2, 1, 0, 12, 13, 14, 15, 16, 17, 18, 19, 20, 21, 22, 23, 0, 1, 13, 12, 1, 2, 14, 13, 2, 3, 15, 14, 3, 4, 16, 15, 4, 5, 17, 16, 5, 6, 18, 17, 6, 7, 19, 18, 7, 8, 20, 19, 8, 9, 21, 20, 9, 10, 22, 21, 10, 11, 23, 22, 11, 0, 12, 23]
            point3f[] points = [
                (0.890000, 0.360000, -0.920000),
                (0.890000, 0.180000, -0.968231),
                (0.890000, 0.048231, -1.100000),
                (0.890000, 0.000000, -1.280000),
                (0.890000, 0.048231, -1.460000),
                (0.890000, 0.180000, -1.591769),
                (0.890000, 0.360000, -1.640000),
                (0.890000, 0.540000, -1.591769),
                (0.890000, 0.671769, -1.460000),
                (0.890000, 0.720000, -1.280000),
                (0.890000, 0.671769, -1.100000),
                (0.890000, 0.540000, -0.968231),
                (1.230000, 0.360000, -0.920000),
                (1.230000, 0.180000, -0.968231),
                (1.230000, 0.048231, -1.100000),
                (1.230000, 0.000000, -1.280000),
                (1.230000, 0.048231, -1.460000),
                (1.230000, 0.180000, -1.591769),
                (1.230000, 0.360000, -1.640000),
                (1.230000, 0.540000, -1.591769),
                (1.230000, 0.671769, -1.460000),
                (1.230000, 0.720000, -1.280000),
                (1.230000, 0.671769, -1.100000),
                (1.230000, 0.540000, -0.968231),
            ]
            normal3f[] normals = [
                (-1.000000, 0.000000, 0.000000),
                (-1.000000, 0.000000, 0.000000),
                (-1.000000, 0.000000, 0.000000),
                (-1.000000, 0.000000, 0.000000),
                (-1.000000, 0.000000, 0.000000),
                (-1.000000, 0.000000, 0.000000),
                (-1.000000, 0.000000, 0.000000),
                (-1.000000, 0.000000, 0.000000),
                (-1.000000, 0.000000, 0.000000),
                (-1.000000, 0.000000, 0.000000),
                (-1.000000, 0.000000, 0.000000),
                (-1.000000, 0.000000, 0.000000),
                (1.000000, 0.000000, 0.000000),
                (1.000000, 0.000000, 0.000000),
                (1.000000, 0.000000, 0.000000),
                (1.000000, 0.000000, 0.000000),
                (1.000000, 0.000000, 0.000000),
                (1.000000, 0.000000, 0.000000),
                (1.000000, 0.000000, 0.000000),
                (1.000000, 0.000000, 0.000000),
                (1.000000, 0.000000, 0.000000),
                (1.000000, 0.000000, 0.000000),
                (1.000000, 0.000000, 0.000000),
                (1.000000, 0.000000, 0.000000),
                (0.000000, -0.258819, 0.965926),
                (0.000000, -0.258819, 0.965926),
                (0.000000, -0.258819, 0.965926),
                (0.000000, -0.258819, 0.965926),
                (0.000000, -0.707107, 0.707107),
                (0.000000, -0.707107, 0.707107),
                (0.000000, -0.707107, 0.707107),
                (0.000000, -0.707107, 0.707107),
                (0.000000, -0.965926, 0.258819),
                (0.000000, -0.965926, 0.258819),
                (0.000000, -0.965926, 0.258819),
                (0.000000, -0.965926, 0.258819),
                (0.000000, -0.965926, -0.258819),
                (0.000000, -0.965926, -0.258819),
                (0.000000, -0.965926, -0.258819),
                (0.000000, -0.965926, -0.258819),
                (0.000000, -0.707107, -0.707107),
                (0.000000, -0.707107, -0.707107),
                (0.000000, -0.707107, -0.707107),
                (0.000000, -0.707107, -0.707107),
                (0.000000, -0.258819, -0.965926),
                (0.000000, -0.258819, -0.965926),
                (0.000000, -0.258819, -0.965926),
                (0.000000, -0.258819, -0.965926),
                (0.000000, 0.258819, -0.965926),
                (0.000000, 0.258819, -0.965926),
                (0.000000, 0.258819, -0.965926),
                (0.000000, 0.258819, -0.965926),
                (0.000000, 0.707107, -0.707107),
                (0.000000, 0.707107, -0.707107),
                (0.000000, 0.707107, -0.707107),
                (0.000000, 0.707107, -0.707107),
                (0.000000, 0.965926, -0.258819),
                (0.000000, 0.965926, -0.258819),
                (0.000000, 0.965926, -0.258819),
                (0.000000, 0.965926, -0.258819),
                (0.000000, 0.965926, 0.258819),
                (0.000000, 0.965926, 0.258819),
                (0.000000, 0.965926, 0.258819),
                (0.000000, 0.965926, 0.258819),
                (0.000000, 0.707107, 0.707107),
                (0.000000, 0.707107, 0.707107),
                (0.000000, 0.707107, 0.707107),
                (0.000000, 0.707107, 0.707107),
                (0.000000, 0.258819, 0.965926),
                (0.000000, 0.258819, 0.965926),
                (0.000000, 0.258819, 0.965926),
                (0.000000, 0.258819, 0.965926),
            ] (
                interpolation = "faceVarying"
            )
            color3f[] primvars:displayColor = [(0.012000, 0.016000, 0.024000)] (
                interpolation = "constant"
            )
            rel material:binding = </PlayerCar64Bit/Looks/Rubber>
            uniform token subdivisionScheme = "none"
        }

        def Mesh "Steel_FrontWheelRightHubOuter" (
            prepend apiSchemas = ["MaterialBindingAPI"]
        )
        {
            int[] faceVertexCounts = [10, 10, 4, 4, 4, 4, 4, 4, 4, 4, 4, 4]
            int[] faceVertexIndices = [9, 8, 7, 6, 5, 4, 3, 2, 1, 0, 10, 11, 12, 13, 14, 15, 16, 17, 18, 19, 0, 1, 11, 10, 1, 2, 12, 11, 2, 3, 13, 12, 3, 4, 14, 13, 4, 5, 15, 14, 5, 6, 16, 15, 6, 7, 17, 16, 7, 8, 18, 17, 8, 9, 19, 18, 9, 0, 10, 19]
            point3f[] points = [
                (1.230000, 0.360000, -1.125200),
                (1.230000, 0.269011, -1.154764),
                (1.230000, 0.212776, -1.232164),
                (1.230000, 0.212776, -1.327836),
                (1.230000, 0.269011, -1.405236),
                (1.230000, 0.360000, -1.434800),
                (1.230000, 0.450989, -1.405236),
                (1.230000, 0.507224, -1.327836),
                (1.230000, 0.507224, -1.232164),
                (1.230000, 0.450989, -1.154764),
                (1.280000, 0.360000, -1.125200),
                (1.280000, 0.269011, -1.154764),
                (1.280000, 0.212776, -1.232164),
                (1.280000, 0.212776, -1.327836),
                (1.280000, 0.269011, -1.405236),
                (1.280000, 0.360000, -1.434800),
                (1.280000, 0.450989, -1.405236),
                (1.280000, 0.507224, -1.327836),
                (1.280000, 0.507224, -1.232164),
                (1.280000, 0.450989, -1.154764),
            ]
            normal3f[] normals = [
                (-1.000000, 0.000000, 0.000000),
                (-1.000000, 0.000000, 0.000000),
                (-1.000000, 0.000000, 0.000000),
                (-1.000000, 0.000000, 0.000000),
                (-1.000000, 0.000000, 0.000000),
                (-1.000000, 0.000000, 0.000000),
                (-1.000000, 0.000000, 0.000000),
                (-1.000000, 0.000000, 0.000000),
                (-1.000000, 0.000000, 0.000000),
                (-1.000000, 0.000000, 0.000000),
                (1.000000, 0.000000, 0.000000),
                (1.000000, 0.000000, 0.000000),
                (1.000000, 0.000000, 0.000000),
                (1.000000, 0.000000, 0.000000),
                (1.000000, 0.000000, 0.000000),
                (1.000000, 0.000000, 0.000000),
                (1.000000, 0.000000, 0.000000),
                (1.000000, 0.000000, 0.000000),
                (1.000000, 0.000000, 0.000000),
                (1.000000, 0.000000, 0.000000),
                (0.000000, -0.309017, 0.951057),
                (0.000000, -0.309017, 0.951057),
                (0.000000, -0.309017, 0.951057),
                (0.000000, -0.309017, 0.951057),
                (0.000000, -0.809017, 0.587785),
                (0.000000, -0.809017, 0.587785),
                (0.000000, -0.809017, 0.587785),
                (0.000000, -0.809017, 0.587785),
                (0.000000, -1.000000, 0.000000),
                (0.000000, -1.000000, 0.000000),
                (0.000000, -1.000000, 0.000000),
                (0.000000, -1.000000, 0.000000),
                (0.000000, -0.809017, -0.587785),
                (0.000000, -0.809017, -0.587785),
                (0.000000, -0.809017, -0.587785),
                (0.000000, -0.809017, -0.587785),
                (0.000000, -0.309017, -0.951057),
                (0.000000, -0.309017, -0.951057),
                (0.000000, -0.309017, -0.951057),
                (0.000000, -0.309017, -0.951057),
                (0.000000, 0.309017, -0.951057),
                (0.000000, 0.309017, -0.951057),
                (0.000000, 0.309017, -0.951057),
                (0.000000, 0.309017, -0.951057),
                (0.000000, 0.809017, -0.587785),
                (0.000000, 0.809017, -0.587785),
                (0.000000, 0.809017, -0.587785),
                (0.000000, 0.809017, -0.587785),
                (0.000000, 1.000000, 0.000000),
                (0.000000, 1.000000, 0.000000),
                (0.000000, 1.000000, 0.000000),
                (0.000000, 1.000000, 0.000000),
                (0.000000, 0.809017, 0.587785),
                (0.000000, 0.809017, 0.587785),
                (0.000000, 0.809017, 0.587785),
                (0.000000, 0.809017, 0.587785),
                (0.000000, 0.309017, 0.951057),
                (0.000000, 0.309017, 0.951057),
                (0.000000, 0.309017, 0.951057),
                (0.000000, 0.309017, 0.951057),
            ] (
                interpolation = "faceVarying"
            )
            color3f[] primvars:displayColor = [(0.330000, 0.380000, 0.460000)] (
                interpolation = "constant"
            )
            rel material:binding = </PlayerCar64Bit/Looks/Steel>
            uniform token subdivisionScheme = "none"
        }

        def Mesh "RedDark_FrontWheelRightHubInset" (
            prepend apiSchemas = ["MaterialBindingAPI"]
        )
        {
            int[] faceVertexCounts = [8, 8, 4, 4, 4, 4, 4, 4, 4, 4]
            int[] faceVertexIndices = [7, 6, 5, 4, 3, 2, 1, 0, 8, 9, 10, 11, 12, 13, 14, 15, 0, 1, 9, 8, 1, 2, 10, 9, 2, 3, 11, 10, 3, 4, 12, 11, 4, 5, 13, 12, 5, 6, 14, 13, 6, 7, 15, 14, 7, 0, 8, 15]
            point3f[] points = [
                (1.273500, 0.360000, -1.190000),
                (1.273500, 0.296360, -1.216360),
                (1.273500, 0.270000, -1.280000),
                (1.273500, 0.296360, -1.343640),
                (1.273500, 0.360000, -1.370000),
                (1.273500, 0.423640, -1.343640),
                (1.273500, 0.450000, -1.280000),
                (1.273500, 0.423640, -1.216360),
                (1.298500, 0.360000, -1.190000),
                (1.298500, 0.296360, -1.216360),
                (1.298500, 0.270000, -1.280000),
                (1.298500, 0.296360, -1.343640),
                (1.298500, 0.360000, -1.370000),
                (1.298500, 0.423640, -1.343640),
                (1.298500, 0.450000, -1.280000),
                (1.298500, 0.423640, -1.216360),
            ]
            normal3f[] normals = [
                (-1.000000, 0.000000, 0.000000),
                (-1.000000, 0.000000, 0.000000),
                (-1.000000, 0.000000, 0.000000),
                (-1.000000, 0.000000, 0.000000),
                (-1.000000, 0.000000, 0.000000),
                (-1.000000, 0.000000, 0.000000),
                (-1.000000, 0.000000, 0.000000),
                (-1.000000, 0.000000, 0.000000),
                (1.000000, 0.000000, 0.000000),
                (1.000000, 0.000000, 0.000000),
                (1.000000, 0.000000, 0.000000),
                (1.000000, 0.000000, 0.000000),
                (1.000000, 0.000000, 0.000000),
                (1.000000, 0.000000, 0.000000),
                (1.000000, 0.000000, 0.000000),
                (1.000000, 0.000000, 0.000000),
                (0.000000, -0.382683, 0.923880),
                (0.000000, -0.382683, 0.923880),
                (0.000000, -0.382683, 0.923880),
                (0.000000, -0.382683, 0.923880),
                (0.000000, -0.923880, 0.382683),
                (0.000000, -0.923880, 0.382683),
                (0.000000, -0.923880, 0.382683),
                (0.000000, -0.923880, 0.382683),
                (0.000000, -0.923880, -0.382683),
                (0.000000, -0.923880, -0.382683),
                (0.000000, -0.923880, -0.382683),
                (0.000000, -0.923880, -0.382683),
                (0.000000, -0.382683, -0.923880),
                (0.000000, -0.382683, -0.923880),
                (0.000000, -0.382683, -0.923880),
                (0.000000, -0.382683, -0.923880),
                (0.000000, 0.382683, -0.923880),
                (0.000000, 0.382683, -0.923880),
                (0.000000, 0.382683, -0.923880),
                (0.000000, 0.382683, -0.923880),
                (0.000000, 0.923880, -0.382683),
                (0.000000, 0.923880, -0.382683),
                (0.000000, 0.923880, -0.382683),
                (0.000000, 0.923880, -0.382683),
                (0.000000, 0.923880, 0.382683),
                (0.000000, 0.923880, 0.382683),
                (0.000000, 0.923880, 0.382683),
                (0.000000, 0.923880, 0.382683),
                (0.000000, 0.382683, 0.923880),
                (0.000000, 0.382683, 0.923880),
                (0.000000, 0.382683, 0.923880),
                (0.000000, 0.382683, 0.923880),
            ] (
                interpolation = "faceVarying"
            )
            color3f[] primvars:displayColor = [(0.290000, 0.006000, 0.018000)] (
                interpolation = "constant"
            )
            rel material:binding = </PlayerCar64Bit/Looks/RedDark>
            uniform token subdivisionScheme = "none"
        }

        def Mesh "Steel_RearSuspensionLeftUpper" (
            prepend apiSchemas = ["MaterialBindingAPI"]
        )
        {
            int[] faceVertexCounts = [4, 4, 4, 4, 4, 4]
            int[] faceVertexIndices = [3, 2, 1, 0, 5, 6, 7, 4, 1, 5, 4, 0, 2, 6, 5, 1, 3, 7, 6, 2, 0, 4, 7, 3]
            point3f[] points = [
                (-0.664401, 0.694745, 1.084977),
                (-0.647424, 0.694745, 1.017067),
                (-0.655599, 0.625255, 1.015023),
                (-0.672576, 0.625255, 1.082933),
                (-0.984401, 0.734745, 1.004977),
                (-0.967424, 0.734745, 0.937067),
                (-0.975599, 0.665255, 0.935023),
                (-0.992576, 0.665255, 1.002933),
            ]
            normal3f[] normals = [
                (0.963087, -0.120386, 0.240772),
                (0.963087, -0.120386, 0.240772),
                (0.963087, -0.120386, 0.240772),
                (0.963087, -0.120386, 0.240772),
                (-0.963087, 0.120386, -0.240772),
                (-0.963087, 0.120386, -0.240772),
                (-0.963087, 0.120386, -0.240772),
                (-0.963087, 0.120386, -0.240772),
                (0.116791, 0.992727, 0.029198),
                (0.116791, 0.992727, 0.029198),
                (0.116791, 0.992727, 0.029198),
                (0.116791, 0.992727, 0.029198),
                (0.242536, -0.000000, -0.970143),
                (0.242536, -0.000000, -0.970143),
                (0.242536, -0.000000, -0.970143),
                (0.242536, -0.000000, -0.970143),
                (-0.116791, -0.992727, -0.029198),
                (-0.116791, -0.992727, -0.029198),
                (-0.116791, -0.992727, -0.029198),
                (-0.116791, -0.992727, -0.029198),
                (-0.242536, 0.000000, 0.970143),
                (-0.242536, 0.000000, 0.970143),
                (-0.242536, 0.000000, 0.970143),
                (-0.242536, 0.000000, 0.970143),
            ] (
                interpolation = "faceVarying"
            )
            color3f[] primvars:displayColor = [(0.330000, 0.380000, 0.460000)] (
                interpolation = "constant"
            )
            rel material:binding = </PlayerCar64Bit/Looks/Steel>
            uniform token subdivisionScheme = "none"
        }

        def Mesh "Steel_RearSuspensionLeftLower" (
            prepend apiSchemas = ["MaterialBindingAPI"]
        )
        {
            int[] faceVertexCounts = [4, 4, 4, 4, 4, 4]
            int[] faceVertexIndices = [3, 2, 1, 0, 5, 6, 7, 4, 1, 5, 4, 0, 2, 6, 5, 1, 3, 7, 6, 2, 0, 4, 7, 3]
            point3f[] points = [
                (-0.574986, 0.384992, 1.211638),
                (-0.543681, 0.384992, 1.149028),
                (-0.545014, 0.315008, 1.148362),
                (-0.576319, 0.315008, 1.210972),
                (-0.994986, 0.394992, 1.001638),
                (-0.963681, 0.394992, 0.939028),
                (-0.965014, 0.325008, 0.938362),
                (-0.996319, 0.325008, 1.000972),
            ]
            normal3f[] normals = [
                (0.894224, -0.021291, 0.447112),
                (0.894224, -0.021291, 0.447112),
                (0.894224, -0.021291, 0.447112),
                (0.894224, -0.021291, 0.447112),
                (-0.894224, 0.021291, -0.447112),
                (-0.894224, 0.021291, -0.447112),
                (-0.894224, 0.021291, -0.447112),
                (-0.894224, 0.021291, -0.447112),
                (0.019043, 0.999773, 0.009522),
                (0.019043, 0.999773, 0.009522),
                (0.019043, 0.999773, 0.009522),
                (0.019043, 0.999773, 0.009522),
                (0.447214, 0.000000, -0.894427),
                (0.447214, 0.000000, -0.894427),
                (0.447214, 0.000000, -0.894427),
                (0.447214, 0.000000, -0.894427),
                (-0.019043, -0.999773, -0.009522),
                (-0.019043, -0.999773, -0.009522),
                (-0.019043, -0.999773, -0.009522),
                (-0.019043, -0.999773, -0.009522),
                (-0.447214, 0.000000, 0.894427),
                (-0.447214, 0.000000, 0.894427),
                (-0.447214, 0.000000, 0.894427),
                (-0.447214, 0.000000, 0.894427),
            ] (
                interpolation = "faceVarying"
            )
            color3f[] primvars:displayColor = [(0.330000, 0.380000, 0.460000)] (
                interpolation = "constant"
            )
            rel material:binding = </PlayerCar64Bit/Looks/Steel>
            uniform token subdivisionScheme = "none"
        }

        def Mesh "Steel_RearSuspensionRightUpper" (
            prepend apiSchemas = ["MaterialBindingAPI"]
        )
        {
            int[] faceVertexCounts = [4, 4, 4, 4, 4, 4]
            int[] faceVertexIndices = [3, 2, 1, 0, 5, 6, 7, 4, 1, 5, 4, 0, 2, 6, 5, 1, 3, 7, 6, 2, 0, 4, 7, 3]
            point3f[] points = [
                (0.647424, 0.694745, 1.017067),
                (0.664401, 0.694745, 1.084977),
                (0.672576, 0.625255, 1.082933),
                (0.655599, 0.625255, 1.015023),
                (0.967424, 0.734745, 0.937067),
                (0.984401, 0.734745, 1.004977),
                (0.992576, 0.665255, 1.002933),
                (0.975599, 0.665255, 0.935023),
            ]
            normal3f[] normals = [
                (-0.963087, -0.120386, 0.240772),
                (-0.963087, -0.120386, 0.240772),
                (-0.963087, -0.120386, 0.240772),
                (-0.963087, -0.120386, 0.240772),
                (0.963087, 0.120386, -0.240772),
                (0.963087, 0.120386, -0.240772),
                (0.963087, 0.120386, -0.240772),
                (0.963087, 0.120386, -0.240772),
                (-0.116791, 0.992727, 0.029198),
                (-0.116791, 0.992727, 0.029198),
                (-0.116791, 0.992727, 0.029198),
                (-0.116791, 0.992727, 0.029198),
                (0.242536, 0.000000, 0.970143),
                (0.242536, 0.000000, 0.970143),
                (0.242536, 0.000000, 0.970143),
                (0.242536, 0.000000, 0.970143),
                (0.116791, -0.992727, -0.029198),
                (0.116791, -0.992727, -0.029198),
                (0.116791, -0.992727, -0.029198),
                (0.116791, -0.992727, -0.029198),
                (-0.242536, -0.000000, -0.970143),
                (-0.242536, -0.000000, -0.970143),
                (-0.242536, -0.000000, -0.970143),
                (-0.242536, -0.000000, -0.970143),
            ] (
                interpolation = "faceVarying"
            )
            color3f[] primvars:displayColor = [(0.330000, 0.380000, 0.460000)] (
                interpolation = "constant"
            )
            rel material:binding = </PlayerCar64Bit/Looks/Steel>
            uniform token subdivisionScheme = "none"
        }

        def Mesh "Steel_RearSuspensionRightLower" (
            prepend apiSchemas = ["MaterialBindingAPI"]
        )
        {
            int[] faceVertexCounts = [4, 4, 4, 4, 4, 4]
            int[] faceVertexIndices = [3, 2, 1, 0, 5, 6, 7, 4, 1, 5, 4, 0, 2, 6, 5, 1, 3, 7, 6, 2, 0, 4, 7, 3]
            point3f[] points = [
                (0.543681, 0.384992, 1.149028),
                (0.574986, 0.384992, 1.211638),
                (0.576319, 0.315008, 1.210972),
                (0.545014, 0.315008, 1.148362),
                (0.963681, 0.394992, 0.939028),
                (0.994986, 0.394992, 1.001638),
                (0.996319, 0.325008, 1.000972),
                (0.965014, 0.325008, 0.938362),
            ]
            normal3f[] normals = [
                (-0.894224, -0.021291, 0.447112),
                (-0.894224, -0.021291, 0.447112),
                (-0.894224, -0.021291, 0.447112),
                (-0.894224, -0.021291, 0.447112),
                (0.894224, 0.021291, -0.447112),
                (0.894224, 0.021291, -0.447112),
                (0.894224, 0.021291, -0.447112),
                (0.894224, 0.021291, -0.447112),
                (-0.019043, 0.999773, 0.009522),
                (-0.019043, 0.999773, 0.009522),
                (-0.019043, 0.999773, 0.009522),
                (-0.019043, 0.999773, 0.009522),
                (0.447214, 0.000000, 0.894427),
                (0.447214, 0.000000, 0.894427),
                (0.447214, 0.000000, 0.894427),
                (0.447214, 0.000000, 0.894427),
                (0.019043, -0.999773, -0.009522),
                (0.019043, -0.999773, -0.009522),
                (0.019043, -0.999773, -0.009522),
                (0.019043, -0.999773, -0.009522),
                (-0.447214, 0.000000, -0.894427),
                (-0.447214, 0.000000, -0.894427),
                (-0.447214, 0.000000, -0.894427),
                (-0.447214, 0.000000, -0.894427),
            ] (
                interpolation = "faceVarying"
            )
            color3f[] primvars:displayColor = [(0.330000, 0.380000, 0.460000)] (
                interpolation = "constant"
            )
            rel material:binding = </PlayerCar64Bit/Looks/Steel>
            uniform token subdivisionScheme = "none"
        }

        def Mesh "Steel_FrontSuspensionLeft" (
            prepend apiSchemas = ["MaterialBindingAPI"]
        )
        {
            int[] faceVertexCounts = [4, 4, 4, 4, 4, 4]
            int[] faceVertexIndices = [3, 2, 1, 0, 5, 6, 7, 4, 1, 5, 4, 0, 2, 6, 5, 1, 3, 7, 6, 2, 0, 4, 7, 3]
            point3f[] points = [
                (-0.475663, 0.547301, -1.027157),
                (-0.450184, 0.547301, -1.075900),
                (-0.444337, 0.492699, -1.072843),
                (-0.469816, 0.492699, -1.024100),
                (-0.915663, 0.487301, -1.257157),
                (-0.890184, 0.487301, -1.305900),
                (-0.884337, 0.432699, -1.302843),
                (-0.909816, 0.432699, -1.254100),
            ]
            normal3f[] normals = [
                (0.879824, 0.119976, 0.459908),
                (0.879824, 0.119976, 0.459908),
                (0.879824, 0.119976, 0.459908),
                (0.879824, 0.119976, 0.459908),
                (-0.879824, -0.119976, -0.459908),
                (-0.879824, -0.119976, -0.459908),
                (-0.879824, -0.119976, -0.459908),
                (-0.879824, -0.119976, -0.459908),
                (-0.106326, 0.992777, -0.055579),
                (-0.106326, 0.992777, -0.055579),
                (-0.106326, 0.992777, -0.055579),
                (-0.106326, 0.992777, -0.055579),
                (0.463254, -0.000000, -0.886225),
                (0.463254, -0.000000, -0.886225),
                (0.463254, -0.000000, -0.886225),
                (0.463254, -0.000000, -0.886225),
                (0.106326, -0.992777, 0.055579),
                (0.106326, -0.992777, 0.055579),
                (0.106326, -0.992777, 0.055579),
                (0.106326, -0.992777, 0.055579),
                (-0.463254, 0.000000, 0.886225),
                (-0.463254, 0.000000, 0.886225),
                (-0.463254, 0.000000, 0.886225),
                (-0.463254, 0.000000, 0.886225),
            ] (
                interpolation = "faceVarying"
            )
            color3f[] primvars:displayColor = [(0.330000, 0.380000, 0.460000)] (
                interpolation = "constant"
            )
            rel material:binding = </PlayerCar64Bit/Looks/Steel>
            uniform token subdivisionScheme = "none"
        }

        def Mesh "Steel_FrontSuspensionRight" (
            prepend apiSchemas = ["MaterialBindingAPI"]
        )
        {
            int[] faceVertexCounts = [4, 4, 4, 4, 4, 4]
            int[] faceVertexIndices = [3, 2, 1, 0, 5, 6, 7, 4, 1, 5, 4, 0, 2, 6, 5, 1, 3, 7, 6, 2, 0, 4, 7, 3]
            point3f[] points = [
                (0.450184, 0.547301, -1.075900),
                (0.475663, 0.547301, -1.027157),
                (0.469816, 0.492699, -1.024100),
                (0.444337, 0.492699, -1.072843),
                (0.890184, 0.487301, -1.305900),
                (0.915663, 0.487301, -1.257157),
                (0.909816, 0.432699, -1.254100),
                (0.884337, 0.432699, -1.302843),
            ]
            normal3f[] normals = [
                (-0.879824, 0.119976, 0.459908),
                (-0.879824, 0.119976, 0.459908),
                (-0.879824, 0.119976, 0.459908),
                (-0.879824, 0.119976, 0.459908),
                (0.879824, -0.119976, -0.459908),
                (0.879824, -0.119976, -0.459908),
                (0.879824, -0.119976, -0.459908),
                (0.879824, -0.119976, -0.459908),
                (0.106326, 0.992777, -0.055579),
                (0.106326, 0.992777, -0.055579),
                (0.106326, 0.992777, -0.055579),
                (0.106326, 0.992777, -0.055579),
                (0.463254, 0.000000, 0.886225),
                (0.463254, 0.000000, 0.886225),
                (0.463254, 0.000000, 0.886225),
                (0.463254, 0.000000, 0.886225),
                (-0.106326, -0.992777, 0.055579),
                (-0.106326, -0.992777, 0.055579),
                (-0.106326, -0.992777, 0.055579),
                (-0.106326, -0.992777, 0.055579),
                (-0.463254, -0.000000, -0.886225),
                (-0.463254, -0.000000, -0.886225),
                (-0.463254, -0.000000, -0.886225),
                (-0.463254, -0.000000, -0.886225),
            ] (
                interpolation = "faceVarying"
            )
            color3f[] primvars:displayColor = [(0.330000, 0.380000, 0.460000)] (
                interpolation = "constant"
            )
            rel material:binding = </PlayerCar64Bit/Looks/Steel>
            uniform token subdivisionScheme = "none"
        }

        def Mesh "Steel_Exhaust1" (
            prepend apiSchemas = ["MaterialBindingAPI"]
        )
        {
            int[] faceVertexCounts = [8, 8, 4, 4, 4, 4, 4, 4, 4, 4]
            int[] faceVertexIndices = [7, 6, 5, 4, 3, 2, 1, 0, 8, 9, 10, 11, 12, 13, 14, 15, 0, 1, 9, 8, 1, 2, 10, 9, 2, 3, 11, 10, 3, 4, 12, 11, 4, 5, 13, 12, 5, 6, 14, 13, 6, 7, 15, 14, 7, 0, 8, 15]
            point3f[] points = [
                (-0.428000, 0.310000, 1.610000),
                (-0.408083, 0.261917, 1.610000),
                (-0.360000, 0.242000, 1.610000),
                (-0.311917, 0.261917, 1.610000),
                (-0.292000, 0.310000, 1.610000),
                (-0.311917, 0.358083, 1.610000),
                (-0.360000, 0.378000, 1.610000),
                (-0.408083, 0.358083, 1.610000),
                (-0.428000, 0.310000, 1.910000),
                (-0.408083, 0.261917, 1.910000),
                (-0.360000, 0.242000, 1.910000),
                (-0.311917, 0.261917, 1.910000),
                (-0.292000, 0.310000, 1.910000),
                (-0.311917, 0.358083, 1.910000),
                (-0.360000, 0.378000, 1.910000),
                (-0.408083, 0.358083, 1.910000),
            ]
            normal3f[] normals = [
                (0.000000, 0.000000, -1.000000),
                (0.000000, 0.000000, -1.000000),
                (0.000000, 0.000000, -1.000000),
                (0.000000, 0.000000, -1.000000),
                (0.000000, 0.000000, -1.000000),
                (0.000000, 0.000000, -1.000000),
                (0.000000, 0.000000, -1.000000),
                (0.000000, 0.000000, -1.000000),
                (0.000000, 0.000000, 1.000000),
                (0.000000, 0.000000, 1.000000),
                (0.000000, 0.000000, 1.000000),
                (0.000000, 0.000000, 1.000000),
                (0.000000, 0.000000, 1.000000),
                (0.000000, 0.000000, 1.000000),
                (0.000000, 0.000000, 1.000000),
                (0.000000, 0.000000, 1.000000),
                (-0.923880, -0.382683, 0.000000),
                (-0.923880, -0.382683, 0.000000),
                (-0.923880, -0.382683, 0.000000),
                (-0.923880, -0.382683, 0.000000),
                (-0.382683, -0.923880, 0.000000),
                (-0.382683, -0.923880, 0.000000),
                (-0.382683, -0.923880, 0.000000),
                (-0.382683, -0.923880, 0.000000),
                (0.382683, -0.923880, 0.000000),
                (0.382683, -0.923880, 0.000000),
                (0.382683, -0.923880, 0.000000),
                (0.382683, -0.923880, 0.000000),
                (0.923880, -0.382683, 0.000000),
                (0.923880, -0.382683, 0.000000),
                (0.923880, -0.382683, 0.000000),
                (0.923880, -0.382683, 0.000000),
                (0.923880, 0.382683, 0.000000),
                (0.923880, 0.382683, 0.000000),
                (0.923880, 0.382683, 0.000000),
                (0.923880, 0.382683, 0.000000),
                (0.382683, 0.923880, 0.000000),
                (0.382683, 0.923880, 0.000000),
                (0.382683, 0.923880, 0.000000),
                (0.382683, 0.923880, 0.000000),
                (-0.382683, 0.923880, 0.000000),
                (-0.382683, 0.923880, 0.000000),
                (-0.382683, 0.923880, 0.000000),
                (-0.382683, 0.923880, 0.000000),
                (-0.923880, 0.382683, 0.000000),
                (-0.923880, 0.382683, 0.000000),
                (-0.923880, 0.382683, 0.000000),
                (-0.923880, 0.382683, 0.000000),
            ] (
                interpolation = "faceVarying"
            )
            color3f[] primvars:displayColor = [(0.330000, 0.380000, 0.460000)] (
                interpolation = "constant"
            )
            rel material:binding = </PlayerCar64Bit/Looks/Steel>
            uniform token subdivisionScheme = "none"
        }

        def Mesh "Graphite_ExhaustOpening1" (
            prepend apiSchemas = ["MaterialBindingAPI"]
        )
        {
            int[] faceVertexCounts = [8, 8, 4, 4, 4, 4, 4, 4, 4, 4]
            int[] faceVertexIndices = [7, 6, 5, 4, 3, 2, 1, 0, 8, 9, 10, 11, 12, 13, 14, 15, 0, 1, 9, 8, 1, 2, 10, 9, 2, 3, 11, 10, 3, 4, 12, 11, 4, 5, 13, 12, 5, 6, 14, 13, 6, 7, 15, 14, 7, 0, 8, 15]
            point3f[] points = [
                (-0.405000, 0.310000, 1.910500),
                (-0.391820, 0.278180, 1.910500),
                (-0.360000, 0.265000, 1.910500),
                (-0.328180, 0.278180, 1.910500),
                (-0.315000, 0.310000, 1.910500),
                (-0.328180, 0.341820, 1.910500),
                (-0.360000, 0.355000, 1.910500),
                (-0.391820, 0.341820, 1.910500),
                (-0.405000, 0.310000, 1.935500),
                (-0.391820, 0.278180, 1.935500),
                (-0.360000, 0.265000, 1.935500),
                (-0.328180, 0.278180, 1.935500),
                (-0.315000, 0.310000, 1.935500),
                (-0.328180, 0.341820, 1.935500),
                (-0.360000, 0.355000, 1.935500),
                (-0.391820, 0.341820, 1.935500),
            ]
            normal3f[] normals = [
                (0.000000, 0.000000, -1.000000),
                (0.000000, 0.000000, -1.000000),
                (0.000000, 0.000000, -1.000000),
                (0.000000, 0.000000, -1.000000),
                (0.000000, 0.000000, -1.000000),
                (0.000000, 0.000000, -1.000000),
                (0.000000, 0.000000, -1.000000),
                (0.000000, 0.000000, -1.000000),
                (0.000000, 0.000000, 1.000000),
                (0.000000, 0.000000, 1.000000),
                (0.000000, 0.000000, 1.000000),
                (0.000000, 0.000000, 1.000000),
                (0.000000, 0.000000, 1.000000),
                (0.000000, 0.000000, 1.000000),
                (0.000000, 0.000000, 1.000000),
                (0.000000, 0.000000, 1.000000),
                (-0.923880, -0.382683, 0.000000),
                (-0.923880, -0.382683, 0.000000),
                (-0.923880, -0.382683, 0.000000),
                (-0.923880, -0.382683, 0.000000),
                (-0.382683, -0.923880, 0.000000),
                (-0.382683, -0.923880, 0.000000),
                (-0.382683, -0.923880, 0.000000),
                (-0.382683, -0.923880, 0.000000),
                (0.382683, -0.923880, 0.000000),
                (0.382683, -0.923880, 0.000000),
                (0.382683, -0.923880, 0.000000),
                (0.382683, -0.923880, 0.000000),
                (0.923880, -0.382683, 0.000000),
                (0.923880, -0.382683, 0.000000),
                (0.923880, -0.382683, 0.000000),
                (0.923880, -0.382683, 0.000000),
                (0.923880, 0.382683, 0.000000),
                (0.923880, 0.382683, 0.000000),
                (0.923880, 0.382683, 0.000000),
                (0.923880, 0.382683, 0.000000),
                (0.382683, 0.923880, 0.000000),
                (0.382683, 0.923880, 0.000000),
                (0.382683, 0.923880, 0.000000),
                (0.382683, 0.923880, 0.000000),
                (-0.382683, 0.923880, 0.000000),
                (-0.382683, 0.923880, 0.000000),
                (-0.382683, 0.923880, 0.000000),
                (-0.382683, 0.923880, 0.000000),
                (-0.923880, 0.382683, 0.000000),
                (-0.923880, 0.382683, 0.000000),
                (-0.923880, 0.382683, 0.000000),
                (-0.923880, 0.382683, 0.000000),
            ] (
                interpolation = "faceVarying"
            )
            color3f[] primvars:displayColor = [(0.035000, 0.045000, 0.065000)] (
                interpolation = "constant"
            )
            rel material:binding = </PlayerCar64Bit/Looks/Graphite>
            uniform token subdivisionScheme = "none"
        }

        def Mesh "Steel_Exhaust2" (
            prepend apiSchemas = ["MaterialBindingAPI"]
        )
        {
            int[] faceVertexCounts = [8, 8, 4, 4, 4, 4, 4, 4, 4, 4]
            int[] faceVertexIndices = [7, 6, 5, 4, 3, 2, 1, 0, 8, 9, 10, 11, 12, 13, 14, 15, 0, 1, 9, 8, 1, 2, 10, 9, 2, 3, 11, 10, 3, 4, 12, 11, 4, 5, 13, 12, 5, 6, 14, 13, 6, 7, 15, 14, 7, 0, 8, 15]
            point3f[] points = [
                (-0.188000, 0.310000, 1.610000),
                (-0.168083, 0.261917, 1.610000),
                (-0.120000, 0.242000, 1.610000),
                (-0.071917, 0.261917, 1.610000),
                (-0.052000, 0.310000, 1.610000),
                (-0.071917, 0.358083, 1.610000),
                (-0.120000, 0.378000, 1.610000),
                (-0.168083, 0.358083, 1.610000),
                (-0.188000, 0.310000, 1.910000),
                (-0.168083, 0.261917, 1.910000),
                (-0.120000, 0.242000, 1.910000),
                (-0.071917, 0.261917, 1.910000),
                (-0.052000, 0.310000, 1.910000),
                (-0.071917, 0.358083, 1.910000),
                (-0.120000, 0.378000, 1.910000),
                (-0.168083, 0.358083, 1.910000),
            ]
            normal3f[] normals = [
                (0.000000, 0.000000, -1.000000),
                (0.000000, 0.000000, -1.000000),
                (0.000000, 0.000000, -1.000000),
                (0.000000, 0.000000, -1.000000),
                (0.000000, 0.000000, -1.000000),
                (0.000000, 0.000000, -1.000000),
                (0.000000, 0.000000, -1.000000),
                (0.000000, 0.000000, -1.000000),
                (0.000000, 0.000000, 1.000000),
                (0.000000, 0.000000, 1.000000),
                (0.000000, 0.000000, 1.000000),
                (0.000000, 0.000000, 1.000000),
                (0.000000, 0.000000, 1.000000),
                (0.000000, 0.000000, 1.000000),
                (0.000000, 0.000000, 1.000000),
                (0.000000, 0.000000, 1.000000),
                (-0.923880, -0.382683, 0.000000),
                (-0.923880, -0.382683, 0.000000),
                (-0.923880, -0.382683, 0.000000),
                (-0.923880, -0.382683, 0.000000),
                (-0.382683, -0.923880, 0.000000),
                (-0.382683, -0.923880, 0.000000),
                (-0.382683, -0.923880, 0.000000),
                (-0.382683, -0.923880, 0.000000),
                (0.382683, -0.923880, 0.000000),
                (0.382683, -0.923880, 0.000000),
                (0.382683, -0.923880, 0.000000),
                (0.382683, -0.923880, 0.000000),
                (0.923880, -0.382683, 0.000000),
                (0.923880, -0.382683, 0.000000),
                (0.923880, -0.382683, 0.000000),
                (0.923880, -0.382683, 0.000000),
                (0.923880, 0.382683, 0.000000),
                (0.923880, 0.382683, 0.000000),
                (0.923880, 0.382683, 0.000000),
                (0.923880, 0.382683, 0.000000),
                (0.382683, 0.923880, 0.000000),
                (0.382683, 0.923880, 0.000000),
                (0.382683, 0.923880, 0.000000),
                (0.382683, 0.923880, 0.000000),
                (-0.382683, 0.923880, 0.000000),
                (-0.382683, 0.923880, 0.000000),
                (-0.382683, 0.923880, 0.000000),
                (-0.382683, 0.923880, 0.000000),
                (-0.923880, 0.382683, 0.000000),
                (-0.923880, 0.382683, 0.000000),
                (-0.923880, 0.382683, 0.000000),
                (-0.923880, 0.382683, 0.000000),
            ] (
                interpolation = "faceVarying"
            )
            color3f[] primvars:displayColor = [(0.330000, 0.380000, 0.460000)] (
                interpolation = "constant"
            )
            rel material:binding = </PlayerCar64Bit/Looks/Steel>
            uniform token subdivisionScheme = "none"
        }

        def Mesh "Graphite_ExhaustOpening2" (
            prepend apiSchemas = ["MaterialBindingAPI"]
        )
        {
            int[] faceVertexCounts = [8, 8, 4, 4, 4, 4, 4, 4, 4, 4]
            int[] faceVertexIndices = [7, 6, 5, 4, 3, 2, 1, 0, 8, 9, 10, 11, 12, 13, 14, 15, 0, 1, 9, 8, 1, 2, 10, 9, 2, 3, 11, 10, 3, 4, 12, 11, 4, 5, 13, 12, 5, 6, 14, 13, 6, 7, 15, 14, 7, 0, 8, 15]
            point3f[] points = [
                (-0.165000, 0.310000, 1.910500),
                (-0.151820, 0.278180, 1.910500),
                (-0.120000, 0.265000, 1.910500),
                (-0.088180, 0.278180, 1.910500),
                (-0.075000, 0.310000, 1.910500),
                (-0.088180, 0.341820, 1.910500),
                (-0.120000, 0.355000, 1.910500),
                (-0.151820, 0.341820, 1.910500),
                (-0.165000, 0.310000, 1.935500),
                (-0.151820, 0.278180, 1.935500),
                (-0.120000, 0.265000, 1.935500),
                (-0.088180, 0.278180, 1.935500),
                (-0.075000, 0.310000, 1.935500),
                (-0.088180, 0.341820, 1.935500),
                (-0.120000, 0.355000, 1.935500),
                (-0.151820, 0.341820, 1.935500),
            ]
            normal3f[] normals = [
                (0.000000, 0.000000, -1.000000),
                (0.000000, 0.000000, -1.000000),
                (0.000000, 0.000000, -1.000000),
                (0.000000, 0.000000, -1.000000),
                (0.000000, 0.000000, -1.000000),
                (0.000000, 0.000000, -1.000000),
                (0.000000, 0.000000, -1.000000),
                (0.000000, 0.000000, -1.000000),
                (0.000000, 0.000000, 1.000000),
                (0.000000, 0.000000, 1.000000),
                (0.000000, 0.000000, 1.000000),
                (0.000000, 0.000000, 1.000000),
                (0.000000, 0.000000, 1.000000),
                (0.000000, 0.000000, 1.000000),
                (0.000000, 0.000000, 1.000000),
                (0.000000, 0.000000, 1.000000),
                (-0.923880, -0.382683, 0.000000),
                (-0.923880, -0.382683, 0.000000),
                (-0.923880, -0.382683, 0.000000),
                (-0.923880, -0.382683, 0.000000),
                (-0.382683, -0.923880, 0.000000),
                (-0.382683, -0.923880, 0.000000),
                (-0.382683, -0.923880, 0.000000),
                (-0.382683, -0.923880, 0.000000),
                (0.382683, -0.923880, 0.000000),
                (0.382683, -0.923880, 0.000000),
                (0.382683, -0.923880, 0.000000),
                (0.382683, -0.923880, 0.000000),
                (0.923880, -0.382683, 0.000000),
                (0.923880, -0.382683, 0.000000),
                (0.923880, -0.382683, 0.000000),
                (0.923880, -0.382683, 0.000000),
                (0.923880, 0.382683, 0.000000),
                (0.923880, 0.382683, 0.000000),
                (0.923880, 0.382683, 0.000000),
                (0.923880, 0.382683, 0.000000),
                (0.382683, 0.923880, 0.000000),
                (0.382683, 0.923880, 0.000000),
                (0.382683, 0.923880, 0.000000),
                (0.382683, 0.923880, 0.000000),
                (-0.382683, 0.923880, 0.000000),
                (-0.382683, 0.923880, 0.000000),
                (-0.382683, 0.923880, 0.000000),
                (-0.382683, 0.923880, 0.000000),
                (-0.923880, 0.382683, 0.000000),
                (-0.923880, 0.382683, 0.000000),
                (-0.923880, 0.382683, 0.000000),
                (-0.923880, 0.382683, 0.000000),
            ] (
                interpolation = "faceVarying"
            )
            color3f[] primvars:displayColor = [(0.035000, 0.045000, 0.065000)] (
                interpolation = "constant"
            )
            rel material:binding = </PlayerCar64Bit/Looks/Graphite>
            uniform token subdivisionScheme = "none"
        }

        def Mesh "Steel_Exhaust3" (
            prepend apiSchemas = ["MaterialBindingAPI"]
        )
        {
            int[] faceVertexCounts = [8, 8, 4, 4, 4, 4, 4, 4, 4, 4]
            int[] faceVertexIndices = [7, 6, 5, 4, 3, 2, 1, 0, 8, 9, 10, 11, 12, 13, 14, 15, 0, 1, 9, 8, 1, 2, 10, 9, 2, 3, 11, 10, 3, 4, 12, 11, 4, 5, 13, 12, 5, 6, 14, 13, 6, 7, 15, 14, 7, 0, 8, 15]
            point3f[] points = [
                (0.052000, 0.310000, 1.610000),
                (0.071917, 0.261917, 1.610000),
                (0.120000, 0.242000, 1.610000),
                (0.168083, 0.261917, 1.610000),
                (0.188000, 0.310000, 1.610000),
                (0.168083, 0.358083, 1.610000),
                (0.120000, 0.378000, 1.610000),
                (0.071917, 0.358083, 1.610000),
                (0.052000, 0.310000, 1.910000),
                (0.071917, 0.261917, 1.910000),
                (0.120000, 0.242000, 1.910000),
                (0.168083, 0.261917, 1.910000),
                (0.188000, 0.310000, 1.910000),
                (0.168083, 0.358083, 1.910000),
                (0.120000, 0.378000, 1.910000),
                (0.071917, 0.358083, 1.910000),
            ]
            normal3f[] normals = [
                (0.000000, 0.000000, -1.000000),
                (0.000000, 0.000000, -1.000000),
                (0.000000, 0.000000, -1.000000),
                (0.000000, 0.000000, -1.000000),
                (0.000000, 0.000000, -1.000000),
                (0.000000, 0.000000, -1.000000),
                (0.000000, 0.000000, -1.000000),
                (0.000000, 0.000000, -1.000000),
                (0.000000, 0.000000, 1.000000),
                (0.000000, 0.000000, 1.000000),
                (0.000000, 0.000000, 1.000000),
                (0.000000, 0.000000, 1.000000),
                (0.000000, 0.000000, 1.000000),
                (0.000000, 0.000000, 1.000000),
                (0.000000, 0.000000, 1.000000),
                (0.000000, 0.000000, 1.000000),
                (-0.923880, -0.382683, 0.000000),
                (-0.923880, -0.382683, 0.000000),
                (-0.923880, -0.382683, 0.000000),
                (-0.923880, -0.382683, 0.000000),
                (-0.382683, -0.923880, 0.000000),
                (-0.382683, -0.923880, 0.000000),
                (-0.382683, -0.923880, 0.000000),
                (-0.382683, -0.923880, 0.000000),
                (0.382683, -0.923880, 0.000000),
                (0.382683, -0.923880, 0.000000),
                (0.382683, -0.923880, 0.000000),
                (0.382683, -0.923880, 0.000000),
                (0.923880, -0.382683, 0.000000),
                (0.923880, -0.382683, 0.000000),
                (0.923880, -0.382683, 0.000000),
                (0.923880, -0.382683, 0.000000),
                (0.923880, 0.382683, 0.000000),
                (0.923880, 0.382683, 0.000000),
                (0.923880, 0.382683, 0.000000),
                (0.923880, 0.382683, 0.000000),
                (0.382683, 0.923880, 0.000000),
                (0.382683, 0.923880, 0.000000),
                (0.382683, 0.923880, 0.000000),
                (0.382683, 0.923880, 0.000000),
                (-0.382683, 0.923880, 0.000000),
                (-0.382683, 0.923880, 0.000000),
                (-0.382683, 0.923880, 0.000000),
                (-0.382683, 0.923880, 0.000000),
                (-0.923880, 0.382683, 0.000000),
                (-0.923880, 0.382683, 0.000000),
                (-0.923880, 0.382683, 0.000000),
                (-0.923880, 0.382683, 0.000000),
            ] (
                interpolation = "faceVarying"
            )
            color3f[] primvars:displayColor = [(0.330000, 0.380000, 0.460000)] (
                interpolation = "constant"
            )
            rel material:binding = </PlayerCar64Bit/Looks/Steel>
            uniform token subdivisionScheme = "none"
        }

        def Mesh "Graphite_ExhaustOpening3" (
            prepend apiSchemas = ["MaterialBindingAPI"]
        )
        {
            int[] faceVertexCounts = [8, 8, 4, 4, 4, 4, 4, 4, 4, 4]
            int[] faceVertexIndices = [7, 6, 5, 4, 3, 2, 1, 0, 8, 9, 10, 11, 12, 13, 14, 15, 0, 1, 9, 8, 1, 2, 10, 9, 2, 3, 11, 10, 3, 4, 12, 11, 4, 5, 13, 12, 5, 6, 14, 13, 6, 7, 15, 14, 7, 0, 8, 15]
            point3f[] points = [
                (0.075000, 0.310000, 1.910500),
                (0.088180, 0.278180, 1.910500),
                (0.120000, 0.265000, 1.910500),
                (0.151820, 0.278180, 1.910500),
                (0.165000, 0.310000, 1.910500),
                (0.151820, 0.341820, 1.910500),
                (0.120000, 0.355000, 1.910500),
                (0.088180, 0.341820, 1.910500),
                (0.075000, 0.310000, 1.935500),
                (0.088180, 0.278180, 1.935500),
                (0.120000, 0.265000, 1.935500),
                (0.151820, 0.278180, 1.935500),
                (0.165000, 0.310000, 1.935500),
                (0.151820, 0.341820, 1.935500),
                (0.120000, 0.355000, 1.935500),
                (0.088180, 0.341820, 1.935500),
            ]
            normal3f[] normals = [
                (0.000000, 0.000000, -1.000000),
                (0.000000, 0.000000, -1.000000),
                (0.000000, 0.000000, -1.000000),
                (0.000000, 0.000000, -1.000000),
                (0.000000, 0.000000, -1.000000),
                (0.000000, 0.000000, -1.000000),
                (0.000000, 0.000000, -1.000000),
                (0.000000, 0.000000, -1.000000),
                (0.000000, 0.000000, 1.000000),
                (0.000000, 0.000000, 1.000000),
                (0.000000, 0.000000, 1.000000),
                (0.000000, 0.000000, 1.000000),
                (0.000000, 0.000000, 1.000000),
                (0.000000, 0.000000, 1.000000),
                (0.000000, 0.000000, 1.000000),
                (0.000000, 0.000000, 1.000000),
                (-0.923880, -0.382683, 0.000000),
                (-0.923880, -0.382683, 0.000000),
                (-0.923880, -0.382683, 0.000000),
                (-0.923880, -0.382683, 0.000000),
                (-0.382683, -0.923880, 0.000000),
                (-0.382683, -0.923880, 0.000000),
                (-0.382683, -0.923880, 0.000000),
                (-0.382683, -0.923880, 0.000000),
                (0.382683, -0.923880, 0.000000),
                (0.382683, -0.923880, 0.000000),
                (0.382683, -0.923880, 0.000000),
                (0.382683, -0.923880, 0.000000),
                (0.923880, -0.382683, 0.000000),
                (0.923880, -0.382683, 0.000000),
                (0.923880, -0.382683, 0.000000),
                (0.923880, -0.382683, 0.000000),
                (0.923880, 0.382683, 0.000000),
                (0.923880, 0.382683, 0.000000),
                (0.923880, 0.382683, 0.000000),
                (0.923880, 0.382683, 0.000000),
                (0.382683, 0.923880, 0.000000),
                (0.382683, 0.923880, 0.000000),
                (0.382683, 0.923880, 0.000000),
                (0.382683, 0.923880, 0.000000),
                (-0.382683, 0.923880, 0.000000),
                (-0.382683, 0.923880, 0.000000),
                (-0.382683, 0.923880, 0.000000),
                (-0.382683, 0.923880, 0.000000),
                (-0.923880, 0.382683, 0.000000),
                (-0.923880, 0.382683, 0.000000),
                (-0.923880, 0.382683, 0.000000),
                (-0.923880, 0.382683, 0.000000),
            ] (
                interpolation = "faceVarying"
            )
            color3f[] primvars:displayColor = [(0.035000, 0.045000, 0.065000)] (
                interpolation = "constant"
            )
            rel material:binding = </PlayerCar64Bit/Looks/Graphite>
            uniform token subdivisionScheme = "none"
        }

        def Mesh "Steel_Exhaust4" (
            prepend apiSchemas = ["MaterialBindingAPI"]
        )
        {
            int[] faceVertexCounts = [8, 8, 4, 4, 4, 4, 4, 4, 4, 4]
            int[] faceVertexIndices = [7, 6, 5, 4, 3, 2, 1, 0, 8, 9, 10, 11, 12, 13, 14, 15, 0, 1, 9, 8, 1, 2, 10, 9, 2, 3, 11, 10, 3, 4, 12, 11, 4, 5, 13, 12, 5, 6, 14, 13, 6, 7, 15, 14, 7, 0, 8, 15]
            point3f[] points = [
                (0.292000, 0.310000, 1.610000),
                (0.311917, 0.261917, 1.610000),
                (0.360000, 0.242000, 1.610000),
                (0.408083, 0.261917, 1.610000),
                (0.428000, 0.310000, 1.610000),
                (0.408083, 0.358083, 1.610000),
                (0.360000, 0.378000, 1.610000),
                (0.311917, 0.358083, 1.610000),
                (0.292000, 0.310000, 1.910000),
                (0.311917, 0.261917, 1.910000),
                (0.360000, 0.242000, 1.910000),
                (0.408083, 0.261917, 1.910000),
                (0.428000, 0.310000, 1.910000),
                (0.408083, 0.358083, 1.910000),
                (0.360000, 0.378000, 1.910000),
                (0.311917, 0.358083, 1.910000),
            ]
            normal3f[] normals = [
                (0.000000, 0.000000, -1.000000),
                (0.000000, 0.000000, -1.000000),
                (0.000000, 0.000000, -1.000000),
                (0.000000, 0.000000, -1.000000),
                (0.000000, 0.000000, -1.000000),
                (0.000000, 0.000000, -1.000000),
                (0.000000, 0.000000, -1.000000),
                (0.000000, 0.000000, -1.000000),
                (0.000000, 0.000000, 1.000000),
                (0.000000, 0.000000, 1.000000),
                (0.000000, 0.000000, 1.000000),
                (0.000000, 0.000000, 1.000000),
                (0.000000, 0.000000, 1.000000),
                (0.000000, 0.000000, 1.000000),
                (0.000000, 0.000000, 1.000000),
                (0.000000, 0.000000, 1.000000),
                (-0.923880, -0.382683, 0.000000),
                (-0.923880, -0.382683, 0.000000),
                (-0.923880, -0.382683, 0.000000),
                (-0.923880, -0.382683, 0.000000),
                (-0.382683, -0.923880, 0.000000),
                (-0.382683, -0.923880, 0.000000),
                (-0.382683, -0.923880, 0.000000),
                (-0.382683, -0.923880, 0.000000),
                (0.382683, -0.923880, 0.000000),
                (0.382683, -0.923880, 0.000000),
                (0.382683, -0.923880, 0.000000),
                (0.382683, -0.923880, 0.000000),
                (0.923880, -0.382683, 0.000000),
                (0.923880, -0.382683, 0.000000),
                (0.923880, -0.382683, 0.000000),
                (0.923880, -0.382683, 0.000000),
                (0.923880, 0.382683, 0.000000),
                (0.923880, 0.382683, 0.000000),
                (0.923880, 0.382683, 0.000000),
                (0.923880, 0.382683, 0.000000),
                (0.382683, 0.923880, 0.000000),
                (0.382683, 0.923880, 0.000000),
                (0.382683, 0.923880, 0.000000),
                (0.382683, 0.923880, 0.000000),
                (-0.382683, 0.923880, 0.000000),
                (-0.382683, 0.923880, 0.000000),
                (-0.382683, 0.923880, 0.000000),
                (-0.382683, 0.923880, 0.000000),
                (-0.923880, 0.382683, 0.000000),
                (-0.923880, 0.382683, 0.000000),
                (-0.923880, 0.382683, 0.000000),
                (-0.923880, 0.382683, 0.000000),
            ] (
                interpolation = "faceVarying"
            )
            color3f[] primvars:displayColor = [(0.330000, 0.380000, 0.460000)] (
                interpolation = "constant"
            )
            rel material:binding = </PlayerCar64Bit/Looks/Steel>
            uniform token subdivisionScheme = "none"
        }

        def Mesh "Graphite_ExhaustOpening4" (
            prepend apiSchemas = ["MaterialBindingAPI"]
        )
        {
            int[] faceVertexCounts = [8, 8, 4, 4, 4, 4, 4, 4, 4, 4]
            int[] faceVertexIndices = [7, 6, 5, 4, 3, 2, 1, 0, 8, 9, 10, 11, 12, 13, 14, 15, 0, 1, 9, 8, 1, 2, 10, 9, 2, 3, 11, 10, 3, 4, 12, 11, 4, 5, 13, 12, 5, 6, 14, 13, 6, 7, 15, 14, 7, 0, 8, 15]
            point3f[] points = [
                (0.315000, 0.310000, 1.910500),
                (0.328180, 0.278180, 1.910500),
                (0.360000, 0.265000, 1.910500),
                (0.391820, 0.278180, 1.910500),
                (0.405000, 0.310000, 1.910500),
                (0.391820, 0.341820, 1.910500),
                (0.360000, 0.355000, 1.910500),
                (0.328180, 0.341820, 1.910500),
                (0.315000, 0.310000, 1.935500),
                (0.328180, 0.278180, 1.935500),
                (0.360000, 0.265000, 1.935500),
                (0.391820, 0.278180, 1.935500),
                (0.405000, 0.310000, 1.935500),
                (0.391820, 0.341820, 1.935500),
                (0.360000, 0.355000, 1.935500),
                (0.328180, 0.341820, 1.935500),
            ]
            normal3f[] normals = [
                (0.000000, 0.000000, -1.000000),
                (0.000000, 0.000000, -1.000000),
                (0.000000, 0.000000, -1.000000),
                (0.000000, 0.000000, -1.000000),
                (0.000000, 0.000000, -1.000000),
                (0.000000, 0.000000, -1.000000),
                (0.000000, 0.000000, -1.000000),
                (0.000000, 0.000000, -1.000000),
                (0.000000, 0.000000, 1.000000),
                (0.000000, 0.000000, 1.000000),
                (0.000000, 0.000000, 1.000000),
                (0.000000, 0.000000, 1.000000),
                (0.000000, 0.000000, 1.000000),
                (0.000000, 0.000000, 1.000000),
                (0.000000, 0.000000, 1.000000),
                (0.000000, 0.000000, 1.000000),
                (-0.923880, -0.382683, 0.000000),
                (-0.923880, -0.382683, 0.000000),
                (-0.923880, -0.382683, 0.000000),
                (-0.923880, -0.382683, 0.000000),
                (-0.382683, -0.923880, 0.000000),
                (-0.382683, -0.923880, 0.000000),
                (-0.382683, -0.923880, 0.000000),
                (-0.382683, -0.923880, 0.000000),
                (0.382683, -0.923880, 0.000000),
                (0.382683, -0.923880, 0.000000),
                (0.382683, -0.923880, 0.000000),
                (0.382683, -0.923880, 0.000000),
                (0.923880, -0.382683, 0.000000),
                (0.923880, -0.382683, 0.000000),
                (0.923880, -0.382683, 0.000000),
                (0.923880, -0.382683, 0.000000),
                (0.923880, 0.382683, 0.000000),
                (0.923880, 0.382683, 0.000000),
                (0.923880, 0.382683, 0.000000),
                (0.923880, 0.382683, 0.000000),
                (0.382683, 0.923880, 0.000000),
                (0.382683, 0.923880, 0.000000),
                (0.382683, 0.923880, 0.000000),
                (0.382683, 0.923880, 0.000000),
                (-0.382683, 0.923880, 0.000000),
                (-0.382683, 0.923880, 0.000000),
                (-0.382683, 0.923880, 0.000000),
                (-0.382683, 0.923880, 0.000000),
                (-0.923880, 0.382683, 0.000000),
                (-0.923880, 0.382683, 0.000000),
                (-0.923880, 0.382683, 0.000000),
                (-0.923880, 0.382683, 0.000000),
            ] (
                interpolation = "faceVarying"
            )
            color3f[] primvars:displayColor = [(0.035000, 0.045000, 0.065000)] (
                interpolation = "constant"
            )
            rel material:binding = </PlayerCar64Bit/Looks/Graphite>
            uniform token subdivisionScheme = "none"
        }

    }
}
